/batch
/config,noeldb,1     ! force off writing results to database
*get,_wallstrt,active,,time,wall
! ANSYS input file written by Workbench version 2026 R1
! File used for geometry attach: C:\Users\User\OneDrive\Documents\ANSYS Files\Bike Crank_files\dp0\SYS\DM\SYS.agdb
/title,Bike Crank--Static Structural (A5)
! ****** Begin Custom Load Command Snippet ******
/COM, ACT Extensions:
/COM,     LSDYNA, 2026.1
/COM,     5f463412-bd3e-484b-87e7-cbc0a665e474, wbex
/COM,     ANSYSMotion, 2026.1
/COM,     20180725-3f81-49eb-9f31-41364844c769, wbex
! ****** End   Custom Load Command Snippet ******
*DIM,_wb_ProjectScratch_dir,string,248
_wb_ProjectScratch_dir(1) = 'C:\Users\User\OneDrive\Documents\ANSYS Files\_ProjectScratch\Scr5ECA\'
*DIM,_wb_SolverFiles_dir,string,248
_wb_SolverFiles_dir(1) = 'C:\Users\User\OneDrive\Documents\ANSYS Files\Bike Crank_files\dp0\SYS\MECH\'
*DIM,_wb_userfiles_dir,string,248
_wb_userfiles_dir(1) = 'C:\Users\User\OneDrive\Documents\ANSYS Files\Bike Crank_files\user_files\'
/com,--- Data in consistent BIN units. See Solving Units in the help system for more information.
/units,BIN
/nopr
/wb,file,start              !  signify a WB generated input file
/prep7
! Turn off shape checking because checks already performed inside WB mesher.
! See help system for more information.
SHPP,OFF,,NOWARN
/nolist
etcon,set             ! allow ANSYS to choose best KEYOP's for 180x elements, resets any applicable keyopt to MAPDL defaults
/com,*********** Send User Defined Coordinate System(s) ***********
csys,0
/com,*********** Nodes for the whole assembly ***********
nblock,3,,9729
(1i9,3e20.9e3)
        1     6.928576328E+00    -2.844954480E-01     1.250000000E-01
        2     6.869985821E+00    -3.663007490E-01     1.250000000E-01
        3     6.813686429E+00    -2.188923757E-01     1.250000000E-01
        4     6.772399240E+00    -3.591125062E-01     1.250000000E-01
        5     6.928806361E+00    -2.843395211E-01     6.249999962E-02
        6     6.870143352E+00    -3.661903546E-01     6.249999982E-02
        7     6.814243533E+00    -2.185840767E-01     6.249999918E-02
        8     6.772647573E+00    -3.589707834E-01     6.249999984E-02
        9     6.998790924E+00    -1.873087899E-01     1.249999999E-01
       10     6.908069587E+00    -1.273098937E-01     1.250000000E-01
       11     6.998855147E+00    -1.871828048E-01     6.249999971E-02
       12     6.908201309E+00    -1.270865670E-01     6.249999961E-02
       13     6.808304883E+00     3.576651505E-01     1.250000000E-01
       14     6.897354571E+00     3.597539407E-01     1.250000000E-01
       15     6.820162759E+00     2.151920006E-01     1.250000000E-01
       16     6.944546340E+00     2.845318376E-01     1.250000000E-01
       17     6.807950261E+00     3.578703251E-01     6.250000871E-02
       18     6.897083736E+00     3.599235168E-01     6.250000455E-02
       19     6.819232388E+00     2.157394000E-01     6.250001993E-02
       20     6.944094385E+00     2.848694282E-01     6.250000503E-02
       21     6.701563045E+00     3.660700977E-01     1.250000000E-01
       22     6.692913378E+00     2.500000000E-01     1.250000000E-01
       23     6.701600972E+00     3.660984842E-01     6.250000611E-02
       24     6.692913378E+00     2.500000000E-01     6.250000000E-02
       25     6.912519868E+00     1.194696315E-01     1.250000000E-01
       26     7.016367167E+00     1.981627649E-01     1.250000000E-01
       27     7.059526079E+00     3.568021360E-02     1.249999998E-01
       28     7.085472816E+00     1.201060602E-01     1.249999999E-01
       29     6.911478547E+00     1.213636926E-01     6.249996119E-02
       30     7.015854805E+00     1.990355562E-01     6.249998254E-02
       31     7.059091882E+00     3.643772032E-02     6.249998442E-02
       32     7.085150802E+00     1.206383220E-01     6.249998917E-02
       33     7.043836813E+00    -7.271065840E-02     1.249999996E-01
       34     6.942913288E+00    -3.127726214E-17     1.249999985E-01
       35     7.043809870E+00    -7.266096565E-02     6.249999891E-02
       36     6.942913386E+00    -6.610911491E-19     6.249999924E-02
       37     6.692913417E+00    -2.500000000E-01     1.250000000E-01
       38     6.650764397E+00    -3.589130791E-01     1.250000000E-01
       39     6.692913415E+00    -2.500000000E-01     6.250000000E-02
       40     6.650787012E+00    -3.589225262E-01     6.250000124E-02
       41     6.550422597E+00    -2.054175625E-01     1.250000000E-01
       42     6.526325082E+00    -3.319000482E-01     1.250000000E-01
       43     6.552088383E+00    -2.065632886E-01     6.250004520E-02
       44     6.526998311E+00    -3.323623300E-01     6.250001884E-02
       45     6.410848424E+00    -2.347286199E-01     1.249999997E-01
       46     6.430323904E+00    -3.091711420E-01     1.249999999E-01
       47     6.411522029E+00    -2.352755374E-01     6.250001386E-02
       48     6.430774705E+00    -3.095101723E-01     6.250001097E-02
       49     6.467694270E+00    -1.085188916E-01     1.250000000E-01
       50     6.385778339E+00    -1.494537131E-01     1.250000000E-01
       51     6.468253253E+00    -1.096713698E-01     6.249997543E-02
       52     6.386091819E+00    -1.500536028E-01     6.249998875E-02
       53     6.471035812E+00     1.151969708E-01     1.250000000E-01
       54     6.442913386E+00    -8.552351727E-09     1.250000000E-01
       55     6.386085329E+00     2.046876904E-01     1.250000000E-01
       56     6.367260095E+00     7.267041322E-02     1.250000000E-01
       57     6.472208848E+00     1.174282595E-01     6.249974974E-02
       58     6.442913386E+00    -1.411626498E-08     6.250000000E-02
       59     6.386651282E+00     2.056316750E-01     6.249991786E-02
       60     6.367363023E+00     7.284077702E-02     6.249998487E-02
       61     6.461526214E+00     3.017362484E-01     1.250000000E-01
       62     6.549694048E+00     2.049102765E-01     1.250000000E-01
       63     6.463230061E+00     3.029906261E-01     6.250020296E-02
       64     6.554084825E+00     2.079099609E-01     6.250058566E-02
       65     6.365327743E+00    -6.151390648E-02     1.250000000E-01
       66     6.335141076E+00     3.129606894E-03     1.250000000E-01
       67     6.365383793E+00    -6.161659547E-02     6.249999761E-02
       68     6.335186535E+00     3.147930793E-03     6.249999480E-02
       69     6.597083165E+00     3.618374588E-01     1.250000000E-01
       70     6.516358181E+00     3.731905334E-01     1.250000000E-01
       71     6.598464246E+00     3.627887579E-01     6.250018631E-02
       72     6.517374737E+00     3.739170441E-01     6.250013010E-02
       73     6.287413386E+00     1.954141847E-01     1.250000000E-01
       74     6.287413554E+00     2.925230674E-01     1.249999985E-01
       75     6.339915329E+00     3.541078535E-01     1.250000000E-01
       76     6.287407603E+00     1.954142385E-01     6.250000000E-02
       77     6.287407564E+00     2.925231479E-01     6.249999924E-02
       78     6.339902104E+00     3.540973524E-01     6.250000000E-02
       79     6.287413386E+00     9.862883255E-02     1.250000000E-01
       80     6.287407603E+00     9.862885968E-02     6.250000000E-02
       81     6.287413386E+00     2.059947441E-03     1.250000000E-01
       82     6.287407603E+00     2.059948007E-03     6.250000000E-02
       83     6.287413386E+00    -9.487810178E-02     1.250000000E-01
       84     6.287407603E+00    -9.487812788E-02     6.250000000E-02
       85     6.287413386E+00    -1.929037518E-01     1.250000000E-01
       86     6.287407603E+00    -1.929038048E-01     6.250000000E-02
       87     6.287413554E+00    -2.925230674E-01     1.249999985E-01
       88     6.287407564E+00    -2.925231479E-01     6.249999924E-02
       89     6.359029115E+00    -3.721844892E-01     1.250000000E-01
       90     6.359008202E+00    -3.721655417E-01     6.250000000E-02
       91     6.468070361E+00    -4.465933433E-01     1.250000000E-01
       92     6.468024194E+00    -4.465596022E-01     6.250000000E-02
       93     6.607768288E+00    -4.926969782E-01     1.250000000E-01
       94     6.607688056E+00    -4.926605073E-01     6.250000000E-02
       95     6.764440871E+00    -4.948573722E-01     1.250000000E-01
       96     6.764476772E+00    -4.948218530E-01     6.250000000E-02
       97     6.908810927E+00    -4.509858662E-01     1.250000000E-01
       98     6.908811652E+00    -4.509490685E-01     6.250000000E-02
       99     7.027059721E+00    -3.719492257E-01     1.250000000E-01
      100     7.027033798E+00    -3.719275656E-01     6.250000000E-02
      101     7.115840711E+00    -2.667067260E-01     1.250000000E-01
      102     7.115808463E+00    -2.666926952E-01     6.250000000E-02
      103     7.172945363E+00    -1.398903187E-01     1.250000000E-01
      104     7.172909571E+00    -1.398856874E-01     6.250000000E-02
      105     7.192907634E+00    -2.398309432E-03     1.250000000E-01
      106     7.192871481E+00    -2.403611810E-03     6.250000000E-02
      107     7.174324926E+00     1.350663876E-01     1.250000000E-01
      108     7.174288932E+00     1.350620682E-01     6.250000000E-02
      109     7.118493794E+00     2.624525033E-01     1.250000000E-01
      110     7.118461336E+00     2.624386594E-01     6.250000000E-02
      111     7.027059727E+00     3.719492201E-01     1.250000000E-01
      112     7.027033801E+00     3.719275628E-01     6.250000000E-02
      113     6.938305020E+00     4.356408451E-01     1.250000000E-01
      114     6.938294094E+00     4.356106051E-01     6.250000000E-02
      115     6.829366182E+00     4.810204094E-01     1.250000000E-01
      116     6.829374819E+00     4.809881587E-01     6.250000000E-02
      117     6.706763453E+00     4.998081388E-01     1.250000000E-01
      118     6.706793752E+00     4.997833563E-01     6.250000000E-02
      119     6.587364037E+00     4.887323755E-01     1.250000000E-01
      120     6.587309200E+00     4.887048383E-01     6.250000000E-02
      121     6.485651840E+00     4.550193971E-01     1.250000000E-01
      122     6.485614394E+00     4.549940803E-01     6.250000000E-02
      123     6.405123910E+00     4.088731068E-01     1.250000000E-01
      124     6.405100152E+00     4.088540082E-01     6.250000000E-02
      125     6.929036040E+00    -2.841830223E-01     0.000000000E+00
      126     6.870300663E+00    -3.660795631E-01     0.000000000E+00
      127     6.814799780E+00    -2.182743847E-01     0.000000000E+00
      128     6.772895586E+00    -3.588284248E-01     0.000000000E+00
      129     6.998919380E+00    -1.870568651E-01     0.000000000E+00
      130     6.908333161E+00    -1.268633927E-01     0.000000000E+00
      131     6.807594783E+00     3.580738027E-01     0.000000000E+00
      132     6.896811939E+00     3.600918120E-01     0.000000000E+00
      133     6.818299647E+00     2.162828833E-01     0.000000000E+00
      134     6.943640379E+00     2.852048485E-01     0.000000000E+00
      135     6.701639423E+00     3.661258444E-01     0.000000000E+00
      136     6.692913378E+00     2.500000000E-01     0.000000000E+00
      137     6.910421414E+00     1.232487643E-01     0.000000000E+00
      138     7.015335136E+00     1.999041458E-01     0.000000000E+00
      139     7.058651347E+00     3.719163024E-02     0.000000000E+00
      140     7.084824320E+00     1.211680316E-01     0.000000000E+00
      141     7.043782548E+00    -7.261144186E-02     0.000000000E+00
      142     6.942913288E+00    -3.127726214E-17     0.000000000E+00
      143     6.692913413E+00    -2.500000000E-01     0.000000000E+00
      144     6.650809857E+00    -3.589315560E-01     0.000000000E+00
      145     6.553762991E+00    -2.076948907E-01     0.000000000E+00
      146     6.527675230E+00    -3.328187050E-01     0.000000000E+00
      147     6.412199522E+00    -2.358168899E-01     0.000000000E+00
      148     6.431228086E+00    -3.098453151E-01     0.000000000E+00
      149     6.468817986E+00    -1.108208091E-01     0.000000000E+00
      150     6.386408364E+00    -1.506516606E-01     0.000000000E+00
      151     6.473403906E+00     1.196477670E-01     0.000000000E+00
      152     6.442913386E+00    -1.968017831E-08     0.000000000E+00
      153     6.387227331E+00     2.065685434E-01     0.000000000E+00
      154     6.367467818E+00     7.300984379E-02     0.000000000E+00
      155     6.464957032E+00     3.042081000E-01     0.000000000E+00
      156     6.558533692E+00     2.108129451E-01     0.000000000E+00
      157     6.365440436E+00    -6.171899044E-02     0.000000000E+00
      158     6.335232728E+00     3.165963719E-03     0.000000000E+00
      159     6.599863905E+00     3.637091550E-01     0.000000000E+00
      160     6.518405200E+00     3.746209272E-01     0.000000000E+00
      161     6.287401821E+00     1.954142922E-01     0.000000000E+00
      162     6.287401575E+00     2.925232283E-01     0.000000000E+00
      163     6.339888880E+00     3.540868512E-01     0.000000000E+00
      164     6.287401821E+00     9.862888681E-02     0.000000000E+00
      165     6.287401821E+00     2.059948574E-03     0.000000000E+00
      166     6.287401821E+00    -9.487815397E-02     0.000000000E+00
      167     6.287401821E+00    -1.929038579E-01     0.000000000E+00
      168     6.287401575E+00    -2.925232283E-01     0.000000000E+00
      169     6.358987289E+00    -3.721465943E-01     0.000000000E+00
      170     6.467978026E+00    -4.465258611E-01     0.000000000E+00
      171     6.607607823E+00    -4.926240363E-01     0.000000000E+00
      172     6.764512673E+00    -4.947863339E-01     0.000000000E+00
      173     6.908812376E+00    -4.509122709E-01     0.000000000E+00
      174     7.027007874E+00    -3.719059055E-01     0.000000000E+00
      175     7.115776215E+00    -2.666786643E-01     0.000000000E+00
      176     7.172873779E+00    -1.398810561E-01     0.000000000E+00
      177     7.192835327E+00    -2.408914188E-03     0.000000000E+00
      178     7.174252937E+00     1.350577488E-01     0.000000000E+00
      179     7.118428878E+00     2.624248156E-01     0.000000000E+00
      180     7.027007874E+00     3.719059055E-01     0.000000000E+00
      181     6.938283168E+00     4.355803652E-01     0.000000000E+00
      182     6.829383456E+00     4.809559080E-01     0.000000000E+00
      183     6.706824052E+00     4.997585738E-01     0.000000000E+00
      184     6.587254363E+00     4.886773011E-01     0.000000000E+00
      185     6.485576949E+00     4.549687634E-01     0.000000000E+00
      186     6.405076395E+00     4.088349097E-01     0.000000000E+00
      187    -2.791818292E-01    -5.791057113E-01     3.750000007E-01
      188    -4.064046689E-01    -5.759075979E-01     3.750000004E-01
      189    -3.337426083E-01    -4.255964417E-01     3.750000004E-01
      190    -4.631676182E-01    -4.796161545E-01     3.750000003E-01
      191    -2.792183834E-01    -5.790724746E-01     2.951025011E-01
      192    -4.064553033E-01    -5.758587476E-01     2.951583128E-01
      193    -3.338181734E-01    -4.255185084E-01     2.949403867E-01
      194    -4.632372847E-01    -4.795426866E-01     2.950536435E-01
      195    -1.720301426E-01    -4.879668269E-01     3.750000016E-01
      196    -1.889206346E-01    -3.522068886E-01     3.750000005E-01
      197    -1.720490313E-01    -4.879490728E-01     2.948365315E-01
      198    -1.889669309E-01    -3.521595297E-01     2.947719523E-01
      199     6.217004529E+00     3.889541404E-01     3.750000009E-01
      200     6.339915329E+00     3.541078535E-01     3.750000000E-01
      201     6.209330446E+00     2.669440109E-01     3.750000019E-01
      202     6.287413554E+00     2.925230674E-01     3.750000046E-01
      203     6.217003644E+00     3.889775729E-01     3.000703259E-01
      204     6.339915188E+00     3.541078499E-01     3.019815512E-01
      205     6.209329909E+00     2.669784284E-01     3.011892756E-01
      206     6.287413386E+00     2.925230760E-01     3.027667529E-01
      207    -9.375000116E-02    -4.484999822E-01     3.750000046E-01
      208    -6.685868588E-02    -3.827810634E-01     3.750000000E-01
      209    -9.375000000E-02    -4.484999822E-01     2.946432117E-01
      210    -6.682882529E-02    -3.827506908E-01     2.946432081E-01
      211    -4.050535747E-01    -2.926652505E-01     3.750000003E-01
      212    -2.763577632E-01    -2.378457555E-01     3.750000002E-01
      213    -4.052026706E-01    -2.925073669E-01     2.948341087E-01
      214    -2.765647153E-01    -2.376361290E-01     2.947343508E-01
      215    -5.373640061E-01    -3.558733920E-01     3.750000002E-01
      216    -5.374647755E-01    -3.557604990E-01     2.949374065E-01
      217     5.730520303E+00     1.422577495E-01     3.750000005E-01
      218     5.649921849E+00    -4.467523644E-02     3.750000004E-01
      219     5.523800968E+00     2.848945229E-01     3.750000003E-01
      220     5.460940074E+00     1.540028289E-02     3.750000003E-01
      221     5.730519645E+00     1.423625359E-01     2.972499038E-01
      222     5.649921021E+00    -4.459993651E-02     2.966676927E-01
      223     5.523800216E+00     2.849313982E-01     2.956450490E-01
      224     5.460939596E+00     1.543145727E-02     2.955984097E-01
      225     5.853461601E+00     2.943839671E-01     3.750000006E-01
      226     5.726963665E+00     4.400833011E-01     3.750000003E-01
      227     5.853460095E+00     2.944608011E-01     2.973860154E-01
      228     5.726961284E+00     4.401261783E-01     2.960040241E-01
      229     5.970878946E+00     1.815394309E-01     3.750000007E-01
      230     5.887227314E+00     4.439611627E-02     3.750000006E-01
      231     5.970878152E+00     1.816645687E-01     2.987887213E-01
      232     5.887227178E+00     4.456280311E-02     2.985491502E-01
      233     5.821165219E+00    -1.137968334E-01     3.750000006E-01
      234     5.821165533E+00    -1.136659629E-01     2.979023446E-01
      235     6.026263949E+00    -2.875380171E-02     3.750000006E-01
      236     5.983810987E+00    -1.724106973E-01     3.750000007E-01
      237     6.026264583E+00    -2.849980553E-02     2.999064305E-01
      238     5.983813796E+00    -1.722160631E-01     2.992961876E-01
      239     6.076412443E+00     9.437654790E-02     3.750000007E-01
      240     6.076412159E+00     9.457037398E-02     3.001457843E-01
      241     6.136378304E+00     1.961748351E-01     3.750000010E-01
      242     6.207508579E+00     1.316460821E-01     3.750000005E-01
      243     6.239790686E+00     1.974859118E-01     3.750000007E-01
      244     6.136377641E+00     1.962706021E-01     3.004391517E-01
      245     6.207508308E+00     1.317291212E-01     3.015885546E-01
      246     6.239790424E+00     1.974289248E-01     3.019371390E-01
      247     6.073402361E+00     2.948886028E-01     3.750000009E-01
      248     5.990330448E+00     4.108070540E-01     3.750000007E-01
      249     6.073401323E+00     2.949625531E-01     2.991748293E-01
      250     5.990328551E+00     4.108563795E-01     2.976633096E-01
      251     6.828184029E-01    -1.676553865E-01     3.750000004E-01
      252     9.320027881E-01    -4.015316392E-01     3.750000002E-01
      253     5.352175245E-01    -3.315426698E-01     3.750000004E-01
      254     7.346358657E-01    -4.939308276E-01     3.750000002E-01
      255     6.828933829E-01    -1.675195470E-01     2.954018085E-01
      256     9.320361894E-01    -4.014759394E-01     2.958667047E-01
      257     5.353374835E-01    -3.314070056E-01     2.953518207E-01
      258     7.346943411E-01    -4.938696759E-01     2.958213165E-01
      259     6.007800078E-01     6.073434728E-02     3.750000006E-01
      260     9.028976235E-01     1.801313837E-01     3.750000003E-01
      261     1.016335512E+00    -8.975235414E-02     3.750000002E-01
      262     6.008209349E-01     6.075667618E-02     2.952569425E-01
      263     9.029224240E-01     1.801395796E-01     2.957066291E-01
      264     1.016360481E+00    -8.971962145E-02     2.958000415E-01
      265     5.942185749E+00    -3.390595000E-01     3.750000008E-01
      266     5.762574925E+00    -2.827408423E-01     3.750000005E-01
      267     5.942188388E+00    -3.389410747E-01     2.979693449E-01
      268     5.762573976E+00    -2.826560482E-01     2.969262761E-01
      269    -1.106321649E-08    -3.547500000E-01     3.750000000E-01
      270    -9.306670332E-02    -2.320314391E-01     3.750000000E-01
      271     3.079660208E-02    -3.169877501E-01     3.750000000E-01
      272     2.950190988E-08    -2.500000000E-01     3.750000000E-01
      273    -1.107240645E-08    -3.547500000E-01     2.946432081E-01
      274    -9.311929279E-02    -2.320103376E-01     2.946432117E-01
      275     3.080388752E-02    -3.169809038E-01     2.946621630E-01
      276     2.949603779E-08    -2.500000000E-01     2.946432117E-01
      277     9.934103618E-02    -3.346077653E-01     3.750000001E-01
      278     6.571009650E-02    -3.816326259E-01     3.750000000E-01
      279     9.936454508E-02    -3.345856743E-01     2.947042926E-01
      280     6.568775702E-02    -3.816106990E-01     2.946432081E-01
      281     3.689684624E-09     3.547500000E-01     3.750000000E-01
      282     9.383643424E-02     2.317212196E-01     3.750000000E-01
      283    -3.012066761E-02     3.188136783E-01     3.750000001E-01
      284    -9.839159128E-09     2.500000000E-01     3.750000000E-01
      285     3.689633185E-09     3.547500000E-01     2.946432081E-01
      286     9.385159703E-02     2.317150862E-01     2.946432117E-01
      287    -3.012849245E-02     3.188036609E-01     2.946552788E-01
      288    -9.845031226E-09     2.500000000E-01     2.946432117E-01
      289    -9.636488500E-02     3.382304311E-01     3.750000002E-01
      290    -6.571243694E-02     3.816349259E-01     3.750000000E-01
      291    -9.638993755E-02     3.381983582E-01     2.946818232E-01
      292    -6.567702969E-02     3.816001555E-01     2.946432081E-01
      293     5.423812054E+00    -1.731446898E-01     3.750000003E-01
      294     5.257057688E+00     1.532922303E-02     3.750000002E-01
      295     5.291578856E+00    -1.398376094E-01     3.750000002E-01
      296     5.423811920E+00    -1.731160572E-01     2.955539069E-01
      297     5.257058381E+00     1.534533023E-02     2.952644613E-01
      298     5.291579374E+00    -1.398177739E-01     2.953472993E-01
      299     5.588334909E+00    -2.238334956E-01     3.750000004E-01
      300     5.588334008E+00    -2.237824965E-01     2.961280737E-01
      301     1.289324578E+00    -3.768541606E-02     3.750000001E-01
      302     1.211827544E+00     1.753783007E-01     3.750000001E-01
      303     1.289331647E+00    -3.767517806E-02     2.959712353E-01
      304     1.211836399E+00     1.753823736E-01     2.959434855E-01
      305     1.535130728E+00     5.504346301E-02     3.750000000E-01
      306     1.388608754E+00     2.028277506E-01     3.750000001E-01
      307     1.535131399E+00     5.504501903E-02     2.960011992E-01
      308     1.388611948E+00     2.028268734E-01     2.959915434E-01
      309    -6.146327720E-01    -2.131453754E-01     3.750000001E-01
      310    -6.960186128E-01    -5.297551915E-02     3.750000001E-01
      311    -4.752356605E-01    -1.503378762E-01     3.750000002E-01
      312    -5.490004113E-01     4.778902849E-02     3.750000002E-01
      313    -6.146799647E-01    -2.130597050E-01     2.948579788E-01
      314    -6.960525364E-01    -5.292747155E-02     2.948512911E-01
      315    -4.752991892E-01    -1.502216269E-01     2.947854130E-01
      316    -5.490422298E-01     4.782342598E-02     2.948281504E-01
      317     5.174535347E+00    -2.645208068E-01     3.750000001E-01
      318     5.020573532E+00    -1.103180953E-01     3.750000001E-01
      319     5.174536739E+00    -2.645045816E-01     2.951941450E-01
      320     5.020575275E+00    -1.103084496E-01     2.951049865E-01
      321     5.339586066E+00    -3.387684193E-01     3.750000002E-01
      322     5.339586652E+00    -3.387495685E-01     2.952807601E-01
      323     5.514585570E+00    -3.973050353E-01     3.750000002E-01
      324     5.514584689E+00    -3.972800131E-01     2.955269286E-01
      325     5.696281146E+00    -4.559668367E-01     3.750000003E-01
      326     5.696278879E+00    -4.559298825E-01     2.958837772E-01
      327     5.879440465E+00    -5.164326869E-01     3.750000005E-01
      328     5.879439429E+00    -5.163816047E-01     2.963617754E-01
      329     4.856805653E-01     2.276234779E-01     3.750000005E-01
      330     6.608176781E-01     3.466108771E-01     3.750000003E-01
      331     4.857473729E-01     2.275313947E-01     2.951936780E-01
      332     6.608628627E-01     3.465648848E-01     2.955727682E-01
      333     1.163557458E+00    -3.348336305E-01     3.750000001E-01
      334     1.163568096E+00    -3.348129762E-01     2.959941942E-01
      335     1.387319532E+00    -2.790524160E-01     3.750000001E-01
      336     1.387321329E+00    -2.790395789E-01     2.960418679E-01
      337     1.607245012E+00    -2.231439509E-01     3.750000000E-01
      338     1.607243755E+00    -2.231349866E-01     2.960275568E-01
      339     1.829962476E+00    -1.779703149E-01     3.750000000E-01
      340     1.777423636E+00     4.848140764E-02     3.750000000E-01
      341     1.829961157E+00    -1.779651593E-01     2.959745369E-01
      342     1.777422729E+00     4.848138564E-02     2.959660148E-01
      343     2.066388629E+00    -9.226540449E-02     3.750000000E-01
      344     1.940991846E+00     6.641409212E-02     3.750000000E-01
      345     2.066388237E+00    -9.226231877E-02     2.958976062E-01
      346     1.940991209E+00     6.641455482E-02     2.959205295E-01
      347     6.530622395E+00     8.208839316E-01     3.750000003E-01
      348     6.676712772E+00     8.290904532E-01     3.750000001E-01
      349     6.540813356E+00     6.986952349E-01     3.750000003E-01
      350     6.646743577E+00     7.220205958E-01     3.750000002E-01
      351     6.530602165E+00     8.208805567E-01     2.959104370E-01
      352     6.676688684E+00     8.290910119E-01     2.957546316E-01
      353     6.540800422E+00     6.986932101E-01     2.971098189E-01
      354     6.646727203E+00     7.220207397E-01     2.966526064E-01
      355     6.411915491E+00     6.560853912E-01     3.750000006E-01
      356     6.378422344E+00     7.789537156E-01     3.750000007E-01
      357     6.411906196E+00     6.560825746E-01     2.976718419E-01
      358     6.378407026E+00     7.789485993E-01     2.961476636E-01
      359     6.224479860E+00     7.103566634E-01     3.750000021E-01
      360     6.278876920E+00     5.921150714E-01     3.750000011E-01
      361     6.224478248E+00     7.103589526E-01     2.962443774E-01
      362     6.278875283E+00     5.921186900E-01     2.980171444E-01
      363     6.065860038E+00     6.298726371E-01     3.750000008E-01
      364     6.138566981E+00     5.060348247E-01     3.750000009E-01
      365     6.065857505E+00     6.298874281E-01     2.962911854E-01
      366     6.138565213E+00     5.060557452E-01     2.980884560E-01
      367     5.900463969E+00     5.432425583E-01     3.750000004E-01
      368     5.900460646E+00     5.432744980E-01     2.961451339E-01
      369     5.268505994E+00     2.598149374E-01     3.750000002E-01
      370     5.268506925E+00     2.598225400E-01     2.950739427E-01
      371     5.044994285E+00     2.085980678E-01     3.750000001E-01
      372     5.044996420E+00     2.085957377E-01     2.949636785E-01
      373     4.824303220E+00     1.723731941E-01     3.750000000E-01
      374     4.765721305E+00    -1.245423191E-01     3.750000000E-01
      375     4.824305290E+00     1.723677318E-01     2.949905195E-01
      376     4.765722917E+00    -1.245375916E-01     2.950921023E-01
      377     4.610496471E+00     1.497783122E-01     3.750000000E-01
      378     4.545326694E+00    -1.260562052E-01     3.750000000E-01
      379     4.610497802E+00     1.497733030E-01     2.950506831E-01
      380     4.545327633E+00    -1.260548233E-01     2.951389854E-01
      381     4.402605623E+00     1.352164342E-01     3.750000000E-01
      382     4.337671207E+00    -1.232836057E-01     3.750000000E-01
      383     4.402606183E+00     1.352132279E-01     2.951131002E-01
      384     4.337671494E+00    -1.232851260E-01     2.951913717E-01
      385     4.199018864E+00     1.255020684E-01     3.750000000E-01
      386     4.134887453E+00    -1.193692924E-01     3.750000000E-01
      387     4.199018765E+00     1.255012203E-01     2.951758093E-01
      388     4.134887206E+00    -1.193730417E-01     2.952477206E-01
      389     3.997493596E+00     1.189072571E-01     3.750000000E-01
      390     3.933572904E+00    -1.156647797E-01     3.750000000E-01
      391     3.997493141E+00     1.189089208E-01     2.952402911E-01
      392     3.933572421E+00    -1.156691923E-01     2.953084922E-01
      393     3.796307624E+00     1.145281170E-01     3.750000000E-01
      394     3.732207956E+00    -1.127857488E-01     3.750000000E-01
      395     3.796307139E+00     1.145315062E-01     2.953061117E-01
      396     3.732207531E+00    -1.127890009E-01     2.953715771E-01
      397     3.594595208E+00     1.119014371E-01     3.750000000E-01
      398     3.530180702E+00    -1.110108710E-01     3.750000000E-01
      399     3.594594879E+00     1.119049334E-01     2.953727309E-01
      400     3.530180447E+00    -1.110121452E-01     2.954356710E-01
      401     3.392279206E+00     1.108409208E-01     3.750000000E-01
      402     3.327492860E+00    -1.104327327E-01     3.750000000E-01
      403     3.392279054E+00     1.108429652E-01     2.954397491E-01
      404     3.327492746E+00    -1.104329806E-01     2.955002050E-01
      405     3.189475489E+00     1.113541206E-01     3.750000000E-01
      406     3.124344811E+00    -1.109923566E-01     3.750000000E-01
      407     3.189475476E+00     1.113542525E-01     2.955070328E-01
      408     3.124344849E+00    -1.109939266E-01     2.955649909E-01
      409     2.986388844E+00     1.136430223E-01     3.750000000E-01
      410     2.920799689E+00    -1.124252470E-01     3.750000000E-01
      411     2.986389004E+00     1.136432122E-01     2.955744373E-01
      412     2.920799966E+00    -1.124287295E-01     2.956299447E-01
      413     2.783339138E+00     1.181959069E-01     3.750000000E-01
      414     2.716596098E+00    -1.142225057E-01     3.750000000E-01
      415     2.783339594E+00     1.181984857E-01     2.956418626E-01
      416     2.716596658E+00    -1.142262942E-01     2.956950989E-01
      417     2.580679772E+00     1.262726711E-01     3.750000000E-01
      418     2.511230362E+00    -1.148064167E-01     3.750000000E-01
      419     2.580680481E+00     1.262776249E-01     2.957090387E-01
      420     2.511231040E+00    -1.148084872E-01     2.957604358E-01
      421     2.378326142E+00     1.407803357E-01     3.750000000E-01
      422     2.299975209E+00    -1.106634776E-01     3.750000000E-01
      423     2.378326775E+00     1.407859206E-01     2.957755871E-01
      424     2.299975597E+00    -1.106627173E-01     2.958268798E-01
      425     2.176822416E+00     1.681100548E-01     3.750000000E-01
      426     2.176822491E+00     1.681137516E-01     2.958402609E-01
      427     1.996159363E+00     2.243633335E-01     3.750000000E-01
      428     1.996158757E+00     2.243619852E-01     2.958949027E-01
      429     1.812564164E+00     2.511513374E-01     3.750000000E-01
      430     1.812562763E+00     2.511456058E-01     2.959512263E-01
      431     1.613283130E+00     2.847431219E-01     3.750000000E-01
      432     1.613281750E+00     2.847353210E-01     2.960000876E-01
      433     1.429531696E+00     3.481373416E-01     3.750000000E-01
      434     1.429531911E+00     3.481300369E-01     2.960266185E-01
      435     1.235700030E+00     3.770196194E-01     3.750000001E-01
      436     1.235703759E+00     3.770172790E-01     2.960361471E-01
      437     1.010212082E+00     4.212472055E-01     3.750000001E-01
      438     1.010223529E+00     4.212506634E-01     2.959803614E-01
      439     7.973168244E-01     5.086416159E-01     3.750000002E-01
      440     7.973404572E-01     5.086258134E-01     2.959296757E-01
      441     6.142138697E-01     6.031549055E-01     3.750000003E-01
      442     4.945106281E-01     4.692509261E-01     3.750000004E-01
      443     6.142487975E-01     6.031314317E-01     2.959356718E-01
      444     4.945773734E-01     4.691875348E-01     2.955394887E-01
      445     4.517074041E-01     6.942663895E-01     3.750000007E-01
      446     3.483474018E-01     5.734910210E-01     3.750000006E-01
      447     4.517256042E-01     6.942561172E-01     2.959462813E-01
      448     3.483779997E-01     5.734639293E-01     2.954905690E-01
      449     3.106161797E-01     7.785188124E-01     3.750000018E-01
      450     2.345989954E-01     6.725343439E-01     3.750000008E-01
      451     3.106202150E-01     7.785153226E-01     2.959689166E-01
      452     2.346043511E-01     6.725288822E-01     2.955211167E-01
      453     1.880106570E-01     8.337861735E-01     3.750000006E-01
      454     1.642497090E-01     7.442041237E-01     3.750000006E-01
      455     1.880059052E-01     8.337858137E-01     2.959139057E-01
      456     1.642471304E-01     7.442025051E-01     2.956148683E-01
      457     6.185844451E-02     8.408122372E-01     3.750000003E-01
      458     7.386237545E-02     7.229153772E-01     3.750000004E-01
      459     6.184689441E-02     8.408125107E-01     2.957540313E-01
      460     7.385449927E-02     7.229159393E-01     2.954050530E-01
      461     1.167450758E-01     6.024334702E-01     3.750000004E-01
      462     1.167413582E-01     6.024352630E-01     2.950754987E-01
      463    -9.520762256E-03     6.099599385E-01     3.750000003E-01
      464    -3.917125322E-02     7.051678734E-01     3.750000003E-01
      465    -9.524669734E-03     6.099593066E-01     2.949093787E-01
      466    -3.918099286E-02     7.051653002E-01     2.952358286E-01
      467    -7.096420788E-02     8.269076312E-01     3.750000002E-01
      468    -7.098076794E-02     8.269028370E-01     2.956344445E-01
      469    -2.029135161E-01     7.868004934E-01     3.750000003E-01
      470    -1.505471971E-01     6.595578841E-01     3.750000004E-01
      471    -2.029393232E-01     7.867858891E-01     2.955350196E-01
      472    -1.505624524E-01     6.595499275E-01     2.951755598E-01
      473    -3.286104497E-01     7.179777877E-01     3.750000003E-01
      474    -2.484880658E-01     5.764901387E-01     3.750000009E-01
      475    -3.286494803E-01     7.179485776E-01     2.954003488E-01
      476    -2.485336892E-01     5.764524140E-01     2.951168161E-01
      477    -4.461491212E-01     6.248212650E-01     3.750000003E-01
      478    -3.375890846E-01     4.764762772E-01     3.750000007E-01
      479    -4.462105594E-01     6.247674223E-01     2.952694213E-01
      480    -3.376714692E-01     4.764020781E-01     2.950399011E-01
      481    -5.538512865E-01     5.090494796E-01     3.750000003E-01
      482    -4.198831050E-01     3.624303464E-01     3.750000005E-01
      483    -5.539328245E-01     5.089552744E-01     2.951380784E-01
      484    -4.200167540E-01     3.622753065E-01     2.949423381E-01
      485    -6.477500285E-01     3.732267925E-01     3.750000002E-01
      486    -4.923172230E-01     2.271868880E-01     3.750000003E-01
      487    -6.478054958E-01     3.731363264E-01     2.950200126E-01
      488    -4.924069382E-01     2.270321867E-01     2.948698245E-01
      489    -7.261112054E-01     2.235337129E-01     3.750000001E-01
      490    -7.261386348E-01     2.235330170E-01     2.949264441E-01
      491    -8.069570320E-01     8.821357888E-02     3.750000001E-01
      492    -8.069769818E-01     8.822985771E-02     2.948512037E-01
      493    -8.739102352E-01    -1.302254170E-02     3.750000000E-01
      494    -8.205050622E-01    -1.369368809E-01     3.750000001E-01
      495    -8.739231181E-01    -1.300647776E-02     2.947766518E-01
      496    -8.205250794E-01    -1.369023835E-01     2.948481318E-01
      497    -7.525972363E-01    -2.918022102E-01     3.750000001E-01
      498    -7.526276990E-01    -2.917446029E-01     2.949321006E-01
      499    -6.701189045E-01    -4.396911820E-01     3.750000001E-01
      500    -6.701810085E-01    -4.396174170E-01     2.950527623E-01
      501    -5.753203244E-01    -5.691389869E-01     3.750000002E-01
      502    -5.753721072E-01    -5.690845303E-01     2.951911227E-01
      503    -4.697607823E-01    -6.724564522E-01     3.750000002E-01
      504    -4.698058932E-01    -6.724171206E-01     2.953200169E-01
      505    -3.400608225E-01    -7.360213887E-01     3.750000003E-01
      506    -3.400932187E-01    -7.359981942E-01     2.954075563E-01
      507    -2.073861880E-01    -7.994913673E-01     3.750000002E-01
      508    -1.588885691E-01    -6.732233255E-01     3.750000004E-01
      509    -2.074068910E-01    -7.994819310E-01     2.955265723E-01
      510    -1.589023034E-01    -6.732156325E-01     2.952112809E-01
      511    -7.694919053E-02    -8.393640346E-01     3.750000002E-01
      512    -4.745226577E-02    -7.254953318E-01     3.750000003E-01
      513    -7.696364972E-02    -8.393612168E-01     2.956441857E-01
      514    -4.746145752E-02    -7.254929471E-01     2.953243922E-01
      515     4.475993175E-02    -8.538796570E-01     3.750000003E-01
      516     3.555641449E-02    -7.638805151E-01     3.750000004E-01
      517     4.474957763E-02    -8.538793792E-01     2.957874953E-01
      518     3.554912094E-02    -7.638795540E-01     2.955143604E-01
      519    -3.358425588E-01    -1.210423359E-01     3.750000001E-01
      520    -3.359204809E-01    -1.208835063E-01     2.947067486E-01
      521    -3.644869273E-01     1.226605570E-02     3.750000001E-01
      522    -3.645103202E-01     1.228205393E-02     2.947156454E-01
      523    -3.429100037E-01     1.423755620E-01     3.750000002E-01
      524    -3.430417496E-01     1.420884398E-01     2.947379423E-01
      525    -2.902278904E-01     2.537104629E-01     3.750000005E-01
      526    -2.904211320E-01     2.534957643E-01     2.947772423E-01
      527    -2.266073882E-01     3.519631731E-01     3.750000010E-01
      528    -2.267006267E-01     3.518889422E-01     2.948379631E-01
      529    -1.652907326E-01     4.521867413E-01     3.750000022E-01
      530    -1.653266695E-01     4.521569330E-01     2.948198904E-01
      531    -1.045728568E-01     5.655074926E-01     3.750000005E-01
      532    -1.045691429E-01     5.655147677E-01     2.948639962E-01
      533     2.164660349E-01     4.637282787E-01     3.750000003E-01
      534     2.165016385E-01     4.636930202E-01     2.949928663E-01
      535     3.635711720E-01     3.544374794E-01     3.750000004E-01
      536     3.636971823E-01     3.543090107E-01     2.951630524E-01
      537     4.138380722E-01    -4.519436838E-01     3.750000004E-01
      538     5.695803920E-01    -5.907963248E-01     3.750000004E-01
      539     4.138954943E-01    -4.519031389E-01     2.954150478E-01
      540     5.696144887E-01    -5.907783101E-01     2.958660290E-01
      541     3.053321976E-01    -5.552856344E-01     3.750000005E-01
      542     4.240805745E-01    -6.826656193E-01     3.750000007E-01
      543     3.053574789E-01    -5.552696646E-01     2.954066447E-01
      544     4.240966505E-01    -6.826600848E-01     2.958925367E-01
      545     2.057580054E-01    -6.482442253E-01     3.750000007E-01
      546     2.904628835E-01    -7.647957280E-01     3.750000016E-01
      547     2.057635960E-01    -6.482409965E-01     2.954158926E-01
      548     2.904667957E-01    -7.647937031E-01     2.959025420E-01
      549     1.072683349E-01    -7.131184032E-01     3.750000005E-01
      550     1.635683377E-01    -8.221799136E-01     3.750000006E-01
      551     1.072658076E-01    -7.131180199E-01     2.954308070E-01
      552     1.635625587E-01    -8.221804535E-01     2.958449697E-01
      553    -1.007866997E-01    -5.794487517E-01     3.750000004E-01
      554    -1.007796125E-01    -5.794580613E-01     2.948936952E-01
      555     1.569394627E-02    -6.273676081E-01     3.750000003E-01
      556     1.569158221E-02    -6.273676067E-01     2.950139433E-01
      557     1.217586220E-01    -5.634258564E-01     3.750000003E-01
      558     1.217573292E-01    -5.634285091E-01     2.949627103E-01
      559     2.591072249E-01     2.526320399E-01     3.750000003E-01
      560     1.608043733E-01     3.319924602E-01     3.750000001E-01
      561     2.593279788E-01     2.524086669E-01     2.948696985E-01
      562     1.608503221E-01     3.319493144E-01     2.948088534E-01
      563     3.371469114E-01     1.480649109E-01     3.750000006E-01
      564     3.372265354E-01     1.479131881E-01     2.948733422E-01
      565     3.827525997E-01     2.083280991E-02     3.750000014E-01
      566     3.827794997E-01     2.085354227E-02     2.948809087E-01
      567     3.799985350E-01    -1.158395469E-01     3.750000007E-01
      568     3.801437062E-01    -1.155106055E-01     2.948972812E-01
      569     3.264974402E-01    -2.382151136E-01     3.750000004E-01
      570     3.266834638E-01    -2.380145644E-01     2.949383776E-01
      571     2.526071545E-01    -3.414062356E-01     3.750000003E-01
      572     2.526763071E-01    -3.413606470E-01     2.950100592E-01
      573     1.785892442E-01    -4.444418340E-01     3.750000002E-01
      574     1.786120221E-01    -4.444263719E-01     2.949201110E-01
      575     6.145092176E+00    -3.825763530E-01     3.750000016E-01
      576     6.062203191E+00    -5.809746467E-01     3.750000010E-01
      577     6.145126509E+00    -3.825455807E-01     2.997372730E-01
      578     6.062218106E+00    -5.809661523E-01     2.970228179E-01
      579     6.144024642E+00    -2.064104953E-01     3.750000007E-01
      580     6.144030527E+00    -2.061419203E-01     3.009330816E-01
      581     6.159141494E+00    -7.610390356E-02     3.750000005E-01
      582     6.159142452E+00    -7.573541819E-02     3.013225068E-01
      583     6.180516250E+00     3.590052054E-02     3.750000004E-01
      584     6.180516241E+00     3.616176806E-02     3.014477156E-01
      585     6.338849185E+00     4.882852398E-01     3.750000006E-01
      586     6.338848296E+00     4.882883483E-01     2.997040478E-01
      587     6.450912792E+00     5.489596466E-01     3.750000004E-01
      588     6.450908406E+00     5.489583971E-01     2.990402428E-01
      589     6.572818170E+00     5.927392194E-01     3.750000002E-01
      590     6.572811519E+00     5.927384086E-01     2.981401169E-01
      591     6.727787090E+00     6.355739473E-01     3.750000001E-01
      592     6.727775082E+00     6.355759553E-01     2.971014996E-01
      593     6.822143750E+00     7.877293543E-01     3.750000001E-01
      594     6.822116701E+00     7.877353973E-01     2.958461569E-01
      595     6.889065217E+00     5.992577153E-01     3.750000000E-01
      596     6.982595879E+00     7.356301572E-01     3.750000000E-01
      597     6.889052705E+00     5.992628753E-01     2.962680517E-01
      598     6.982567918E+00     7.356423588E-01     2.954702082E-01
      599     7.021936041E+00     5.363596357E-01     3.750000000E-01
      600     7.129967786E+00     6.568716042E-01     3.750000000E-01
      601     7.021937597E+00     5.363578340E-01     2.954129700E-01
      602     7.129971756E+00     6.568679487E-01     2.950203991E-01
      603     7.137250428E+00     4.481211025E-01     3.750000000E-01
      604     7.260303560E+00     5.517723636E-01     3.750000000E-01
      605     7.137273518E+00     4.480821951E-01     2.946477350E-01
      606     7.260323737E+00     5.517397892E-01     2.946211068E-01
      607     7.243630983E+00     3.253088748E-01     3.750000000E-01
      608     7.373276813E+00     4.212003593E-01     3.750000000E-01
      609     7.243890747E+00     3.248602015E-01     2.946284203E-01
      610     7.373399247E+00     4.209838831E-01     2.946085058E-01
      611     7.347586581E+00     1.487630652E-01     3.750000000E-01
      612     7.468887923E+00     2.743635516E-01     3.750000000E-01
      613     7.347701136E+00     1.483344669E-01     2.946325994E-01
      614     7.468956651E+00     2.741816985E-01     2.946176757E-01
      615     7.513567936E+00     4.538934507E-02     3.750000000E-01
      616     7.552967855E+00     1.639004992E-01     3.750000000E-01
      617     7.513588355E+00     4.518547098E-02     2.946331886E-01
      618     7.552995290E+00     1.637794791E-01     2.946249525E-01
      619     7.332989108E+00    -4.088007332E-02     3.750000000E-01
      620     7.485458283E+00    -1.118211103E-01     3.750000000E-01
      621     7.332987428E+00    -4.140619989E-02     2.946413752E-01
      622     7.485452310E+00    -1.120959893E-01     2.946419431E-01
      623     7.293913378E+00    -1.979964554E-01     3.750000000E-01
      624     7.436604256E+00    -2.741733664E-01     3.750000000E-01
      625     7.293758420E+00    -1.985415427E-01     2.946433308E-01
      626     7.436520921E+00    -2.744647562E-01     2.946433695E-01
      627     7.225549890E+00    -3.406242564E-01     3.750000000E-01
      628     7.360261647E+00    -4.272789702E-01     3.750000000E-01
      629     7.225245227E+00    -3.411138932E-01     2.946484165E-01
      630     7.360103198E+00    -4.275352788E-01     2.946476858E-01
      631     7.124757221E+00    -4.716748354E-01     3.750000000E-01
      632     7.257325001E+00    -5.662187625E-01     3.750000000E-01
      633     7.124649162E+00    -4.717277349E-01     2.947497252E-01
      634     7.257257223E+00    -5.662577426E-01     2.947044383E-01
      635     6.972659814E+00    -6.078626087E-01     3.750000000E-01
      636     7.136583874E+00    -6.902482502E-01     3.750000000E-01
      637     6.971994176E+00    -6.079850172E-01     2.954776769E-01
      638     7.136383160E+00    -6.902940870E-01     2.948476871E-01
      639     6.917305127E+00    -7.886407256E-01     3.750000000E-01
      640     7.051128006E+00    -7.974514108E-01     3.750000000E-01
      641     6.916715087E+00    -7.887155905E-01     2.952586230E-01
      642     7.050860650E+00    -7.974964604E-01     2.949051759E-01
      643     6.770953931E+00    -6.346613320E-01     3.750000001E-01
      644     6.746086877E+00    -7.974060340E-01     3.750000001E-01
      645     6.769108166E+00    -6.348926666E-01     2.965568865E-01
      646     6.745095622E+00    -7.975128908E-01     2.956796950E-01
      647     6.598168340E+00    -6.251322774E-01     3.750000002E-01
      648     6.569645682E+00    -7.831283791E-01     3.750000002E-01
      649     6.595952417E+00    -6.248088961E-01     2.977298824E-01
      650     6.568463791E+00    -7.829586993E-01     2.963162908E-01
      651     6.436628993E+00    -5.794145282E-01     3.750000004E-01
      652     6.395670735E+00    -7.374821674E-01     3.750000007E-01
      653     6.436014710E+00    -5.791480723E-01     2.987747880E-01
      654     6.395323373E+00    -7.373426067E-01     2.968483348E-01
      655     6.289052772E+00    -5.006999436E-01     3.750000009E-01
      656     6.229595027E+00    -6.645414895E-01     3.750000018E-01
      657     6.289224661E+00    -5.008871076E-01     2.994388450E-01
      658     6.229634191E+00    -6.646037337E-01     2.970398297E-01
      659     3.731925055E-01     9.107575055E-01     3.750000046E-01
      660     5.419761767E-01     8.256125527E-01     3.750000000E-01
      661     3.731925032E-01     9.107575380E-01     2.964767127E-01
      662     5.419801248E-01     8.256210971E-01     2.964111995E-01
      663     2.115687275E-01     9.612443035E-01     3.750000000E-01
      664     2.115602813E-01     9.612461455E-01     2.963155265E-01
      665     5.258790249E-02     9.828460968E-01     3.750000000E-01
      666     5.257192030E-02     9.828469373E-01     2.961628014E-01
      667    -1.064319509E-01     9.784805452E-01     3.750000000E-01
      668    -1.064509094E-01     9.784784792E-01     2.960113767E-01
      669    -2.619636820E-01     9.487502131E-01     3.750000000E-01
      670    -2.619856272E-01     9.487441641E-01     2.958606482E-01
      671    -4.145804937E-01     8.926785265E-01     3.750000000E-01
      672    -4.146041495E-01     8.926675094E-01     2.957058808E-01
      673    -5.603931321E-01     8.091424318E-01     3.750000000E-01
      674    -5.604287628E-01     8.091177875E-01     2.955459077E-01
      675    -6.997003232E-01     6.922220708E-01     3.750000000E-01
      676    -6.997288854E-01     6.921932328E-01     2.953727949E-01
      677    -8.206867403E-01     5.433463093E-01     3.750000000E-01
      678    -8.207048534E-01     5.433189546E-01     2.951901996E-01
      679    -9.090482747E-01     3.773369473E-01     3.750000000E-01
      680    -9.090580660E-01     3.773132996E-01     2.950111987E-01
      681    -9.653733500E-01     1.918495049E-01     3.750000000E-01
      682    -9.653747993E-01     1.918422548E-01     2.948266971E-01
      683    -9.842519685E-01    -7.177231408E-10     3.750000000E-01
      684    -9.842519685E-01    -7.177232578E-10     2.946432081E-01
      685    -9.650140453E-01    -1.936487282E-01     3.750000000E-01
      686    -9.650172117E-01    -1.936330297E-01     2.948284022E-01
      687    -9.078550261E-01    -3.801988811E-01     3.750000000E-01
      688    -9.078660652E-01    -3.801725373E-01     2.950140835E-01
      689    -8.189613202E-01    -5.459434894E-01     3.750000000E-01
      690    -8.189815171E-01    -5.459132349E-01     2.951930763E-01
      691    -7.024217626E-01    -6.894603722E-01     3.750000000E-01
      692    -7.024509670E-01    -6.894306570E-01     2.953690226E-01
      693    -5.574491675E-01    -8.111734482E-01     3.750000000E-01
      694    -5.574871262E-01    -8.111473936E-01     2.955491731E-01
      695    -4.065211909E-01    -8.963774087E-01     3.750000000E-01
      696    -4.065494286E-01    -8.963646087E-01     2.957141395E-01
      697    -2.537451121E-01    -9.509812593E-01     3.750000000E-01
      698    -2.537696281E-01    -9.509746827E-01     2.958685550E-01
      699    -9.723286021E-02    -9.794374449E-01     3.750000000E-01
      700    -9.725242421E-02    -9.794355076E-01     2.960199604E-01
      701     5.883734408E-02    -9.824917834E-01     3.750000000E-01
      702     5.882279405E-02    -9.824926476E-01     2.961685309E-01
      703     2.162693382E-01    -9.601976416E-01     3.750000000E-01
      704     2.162576495E-01    -9.602002941E-01     2.963198616E-01
      705     3.731925055E-01    -9.107575055E-01     3.750000046E-01
      706     3.731925032E-01    -9.107575380E-01     2.964764627E-01
      707     5.415926550E-01    -8.257903490E-01     3.750000000E-01
      708     5.415965722E-01    -8.257988235E-01     2.964183470E-01
      709     7.202780542E-01    -7.492681682E-01     3.750000000E-01
      710     7.202839438E-01    -7.492830686E-01     2.963584606E-01
      711     9.058270537E-01    -6.810738320E-01     3.750000000E-01
      712     9.058307699E-01    -6.810847830E-01     2.962975562E-01
      713     1.096847507E+00    -6.204127260E-01     3.750000000E-01
      714     1.096847692E+00    -6.204134606E-01     2.962358084E-01
      715     1.288963799E+00    -5.674892374E-01     3.750000000E-01
      716     1.288961334E+00    -5.674798011E-01     2.961744148E-01
      717     1.480287155E+00    -5.216769636E-01     3.750000000E-01
      718     1.480283658E+00    -5.216615007E-01     2.961138042E-01
      719     1.672911693E+00    -4.816579803E-01     3.750000000E-01
      720     1.672908579E+00    -4.816421118E-01     2.960531914E-01
      721     1.866561108E+00    -4.469694535E-01     3.750000000E-01
      722     1.866559194E+00    -4.469582209E-01     2.959925801E-01
      723     2.061040279E+00    -4.172443165E-01     3.750000000E-01
      724     2.061039720E+00    -4.172407426E-01     2.959319670E-01
      725     2.256171093E+00    -3.921972528E-01     3.750000000E-01
      726     2.256171556E+00    -3.922017440E-01     2.958713561E-01
      727     2.451827786E+00    -3.716013909E-01     3.750000000E-01
      728     2.451828687E+00    -3.716116687E-01     2.958107435E-01
      729     2.651531752E+00    -3.550187621E-01     3.750000000E-01
      730     2.651532535E+00    -3.550306180E-01     2.957490052E-01
      731     2.855830992E+00    -3.425154348E-01     3.750000000E-01
      732     2.855831349E+00    -3.425239983E-01     2.956859449E-01
      733     3.059315944E+00    -3.344149335E-01     3.750000000E-01
      734     3.059315941E+00    -3.344175972E-01     2.956232036E-01
      735     3.262765095E+00    -3.305709035E-01     3.750000000E-01
      736     3.262765011E+00    -3.305711320E-01     2.955605119E-01
      737     3.466036014E+00    -3.309374876E-01     3.750000000E-01
      738     3.466035861E+00    -3.309425590E-01     2.954978863E-01
      739     3.668530049E+00    -3.354943524E-01     3.750000000E-01
      740     3.668529613E+00    -3.355046542E-01     2.954354844E-01
      741     3.869619203E+00    -3.442082830E-01     3.750000000E-01
      742     3.869618468E+00    -3.442200333E-01     2.953734729E-01
      743     4.069239315E+00    -3.570732307E-01     3.750000000E-01
      744     4.069238573E+00    -3.570816797E-01     2.953118444E-01
      745     4.267108589E+00    -3.740963716E-01     3.750000000E-01
      746     4.267108311E+00    -3.740980697E-01     2.952506577E-01
      747     4.463022181E+00    -3.953126600E-01     3.750000000E-01
      748     4.463022817E+00    -3.953063654E-01     2.951899460E-01
      749     4.658079184E+00    -4.209738537E-01     3.750000000E-01
      750     4.658080916E+00    -4.209609467E-01     2.951293335E-01
      751     4.852452753E+00    -4.513433486E-01     3.750000000E-01
      752     4.852455328E+00    -4.513273811E-01     2.950687227E-01
      753     5.045983551E+00    -4.867207657E-01     3.750000000E-01
      754     5.045986196E+00    -4.867066621E-01     2.950081097E-01
      755     5.238446136E+00    -5.274828068E-01     3.750000000E-01
      756     5.238447660E+00    -5.274754939E-01     2.949474984E-01
      757     5.430590736E+00    -5.743801043E-01     3.750000000E-01
      758     5.430589937E+00    -5.743825841E-01     2.948865629E-01
      759     5.626142019E+00    -6.293864227E-01     3.750000000E-01
      760     5.626138387E+00    -6.293979215E-01     2.948239778E-01
      761     5.815076077E+00    -6.907256952E-01     3.750000000E-01
      762     5.815070999E+00    -6.907397768E-01     2.947627786E-01
      763     5.995504915E+00    -7.584184827E-01     3.750000000E-01
      764     5.995501585E+00    -7.584262863E-01     2.947034067E-01
      765     6.174538431E+00    -8.366834079E-01     3.750000046E-01
      766     6.174538250E+00    -8.366834263E-01     2.946432117E-01
      767     6.349417947E+00    -9.223680506E-01     3.750000000E-01
      768     6.349402977E+00    -9.223625066E-01     2.946432081E-01
      769     6.538582249E+00    -9.720770740E-01     3.750000000E-01
      770     6.538557057E+00    -9.720730494E-01     2.946432081E-01
      771     6.726533536E+00    -9.836776012E-01     3.750000000E-01
      772     6.726501888E+00    -9.836786821E-01     2.946432081E-01
      773     6.912771150E+00    -9.593823539E-01     3.750000000E-01
      774     6.912734645E+00    -9.593907864E-01     2.946432081E-01
      775     7.094966659E+00    -8.983902842E-01     3.750000000E-01
      776     7.094926168E+00    -8.984083369E-01     2.946432081E-01
      777     7.263979535E+00    -8.016454274E-01     3.750000000E-01
      778     7.263994946E+00    -8.016345765E-01     2.946432081E-01
      779     7.408438541E+00    -6.758518257E-01     3.750000000E-01
      780     7.408444046E+00    -6.758462017E-01     2.946432081E-01
      781     7.522808582E+00    -5.291747359E-01     3.750000000E-01
      782     7.522813237E+00    -5.291670370E-01     2.946432081E-01
      783     7.607651731E+00    -3.633258839E-01     3.750000000E-01
      784     7.607653690E+00    -3.633205096E-01     2.946432081E-01
      785     7.660903636E+00    -1.781763565E-01     3.750000000E-01
      786     7.660903832E+00    -1.781759230E-01     2.946432081E-01
      787     7.677165354E+00    -3.614993931E-08     3.750000000E-01
      788     7.677165354E+00    -3.614993933E-08     2.946432081E-01
      789     7.660835137E+00     1.785480908E-01     3.750000000E-01
      790     7.660833808E+00     1.785550215E-01     2.946235933E-01
      791     7.608501872E+00     3.611781587E-01     3.750000000E-01
      792     7.608499088E+00     3.611845399E-01     2.946028103E-01
      793     7.520130906E+00     5.333508334E-01     3.750000000E-01
      794     7.520133545E+00     5.333470459E-01     2.945816404E-01
      795     7.403880224E+00     6.806453499E-01     3.750000000E-01
      796     7.403887310E+00     6.806376323E-01     2.945611137E-01
      797     7.262343731E+00     8.028082083E-01     3.750000000E-01
      798     7.262351647E+00     8.028028131E-01     2.945406602E-01
      799     7.097661807E+00     8.971792758E-01     3.750000000E-01
      800     7.097614042E+00     8.972009540E-01     2.945198895E-01
      801     6.913203217E+00     9.592832364E-01     3.750000000E-01
      802     6.913159679E+00     9.592932279E-01     2.944985984E-01
      803     6.721674766E+00     9.838316525E-01     3.750000000E-01
      804     6.721639812E+00     9.838326697E-01     2.944774756E-01
      805     6.533945961E+00     9.713296533E-01     3.750000000E-01
      806     6.533916528E+00     9.713247991E-01     2.944568939E-01
      807     6.351380604E+00     9.230965804E-01     3.750000000E-01
      808     6.351357117E+00     9.230878989E-01     2.944362372E-01
      809     6.174538431E+00     8.366834079E-01     3.750000046E-01
      810     6.174538250E+00     8.366834263E-01     2.944147116E-01
      811     5.997221441E+00     7.591119115E-01     3.750000000E-01
      812     5.997218147E+00     7.591196188E-01     2.944817768E-01
      813     5.815582006E+00     6.909021707E-01     3.750000000E-01
      814     5.815576870E+00     6.909164119E-01     2.945490126E-01
      815     5.624341680E+00     6.288429615E-01     3.750000000E-01
      816     5.624338024E+00     6.288545288E-01     2.946186854E-01
      817     5.431471701E+00     5.746106445E-01     3.750000000E-01
      818     5.431470876E+00     5.746132048E-01     2.946881127E-01
      819     5.240575880E+00     5.279672676E-01     3.750000000E-01
      820     5.240577354E+00     5.279601606E-01     2.947562104E-01
      821     5.048342507E+00     4.871855389E-01     3.750000000E-01
      822     5.048345134E+00     4.871715220E-01     2.948243083E-01
      823     4.855046236E+00     4.517825669E-01     3.750000000E-01
      824     4.855048812E+00     4.517665905E-01     2.948924061E-01
      825     4.659852277E+00     4.212287310E-01     3.750000000E-01
      826     4.659854009E+00     4.212157763E-01     2.949608706E-01
      827     4.458968866E+00     3.948283292E-01     3.750000000E-01
      828     4.458969470E+00     3.948222255E-01     2.950310815E-01
      829     4.259035339E+00     3.733165429E-01     3.750000000E-01
      830     4.259035027E+00     3.733185353E-01     2.951007647E-01
      831     4.059892934E+00     3.563754831E-01     3.750000000E-01
      832     4.059892174E+00     3.563841786E-01     2.951700233E-01
      833     3.860081839E+00     3.436995775E-01     3.750000000E-01
      834     3.860081108E+00     3.437113339E-01     2.952394036E-01
      835     3.658829488E+00     3.351800639E-01     3.750000000E-01
      836     3.658829061E+00     3.351901715E-01     2.953092063E-01
      837     3.456777282E+00     3.308293788E-01     3.750000000E-01
      838     3.456777129E+00     3.308341651E-01     2.953792400E-01
      839     3.254148738E+00     3.306481857E-01     3.750000000E-01
      840     3.254148644E+00     3.306483157E-01     2.954494572E-01
      841     3.051065854E+00     3.346601178E-01     3.750000000E-01
      842     3.051065852E+00     3.346630087E-01     2.955198457E-01
      843     2.848188112E+00     3.429036536E-01     3.750000000E-01
      844     2.848188476E+00     3.429124123E-01     2.955902075E-01
      845     2.646730053E+00     3.553662895E-01     3.750000000E-01
      846     2.646730837E+00     3.553781899E-01     2.956601528E-01
      847     2.448456634E+00     3.719192552E-01     3.750000000E-01
      848     2.448457525E+00     3.719294747E-01     2.957290998E-01
      849     2.252317268E+00     3.926475473E-01     3.750000000E-01
      850     2.252317709E+00     3.926519065E-01     2.957974467E-01
      851     2.057416023E+00     4.177537939E-01     3.750000000E-01
      852     2.057415435E+00     4.177500869E-01     2.958655443E-01
      853     1.863173613E+00     4.475313922E-01     3.750000000E-01
      854     1.863171660E+00     4.475200124E-01     2.959336422E-01
      855     1.669756430E+00     4.822677232E-01     3.750000000E-01
      856     1.669753293E+00     4.822518202E-01     2.960017401E-01
      857     1.477371411E+00     5.223279820E-01     3.750000000E-01
      858     1.477367918E+00     5.223126083E-01     2.960698377E-01
      859     1.286283396E+00     5.681776428E-01     3.750000000E-01
      860     1.286280950E+00     5.681683277E-01     2.961379350E-01
      861     1.093446064E+00     6.214187074E-01     3.750000000E-01
      862     1.093446319E+00     6.214197004E-01     2.962072593E-01
      863     9.036980486E-01     6.818008196E-01     3.750000000E-01
      864     9.037018156E-01     6.818119232E-01     2.962762623E-01
      865     7.206268298E-01     7.491300958E-01     3.750000000E-01
      866     7.206327244E-01     7.491450116E-01     2.963438569E-01
      867     2.499999970E-01     3.061616897E-17     3.750000046E-01
      868     2.303392889E-01     9.717927752E-02     3.750000000E-01
      869     2.500000000E-01     6.123233996E-17     2.946432153E-01
      870     2.304261190E-01     9.697321893E-02     2.946432119E-01
      871     2.313931400E-01    -9.464256325E-02     3.750000000E-01
      872     2.315818395E-01    -9.417990660E-02     2.946432126E-01
      873     1.772573998E-01    -1.762946800E-01     3.750000000E-01
      874     1.775002150E-01    -1.760501912E-01     2.946432112E-01
      875     9.562467502E-02    -2.309890074E-01     3.750000000E-01
      876     9.569341629E-02    -2.309605467E-01     2.946432117E-01
      877    -1.744771040E-01    -1.790467542E-01     3.750000000E-01
      878    -1.747670476E-01    -1.787637497E-01     2.946432114E-01
      879    -2.302099280E-01    -9.748532743E-02     3.750000000E-01
      880    -2.302929465E-01    -9.728902629E-02     2.946432119E-01
      881    -2.500000000E-01    -1.968017795E-08     3.750000000E-01
      882    -2.500000000E-01    -1.986754089E-08     2.946432117E-01
      883    -2.309975089E-01     9.560413623E-02     3.750000000E-01
      884    -2.311737690E-01     9.517714253E-02     2.946432125E-01
      885    -1.772638572E-01     1.762881872E-01     3.750000000E-01
      886    -1.775219917E-01     1.760282381E-01     2.946432112E-01
      887    -9.573905866E-02     2.309416217E-01     3.750000000E-01
      888    -9.582041699E-02     2.309078741E-01     2.946432117E-01
      889     1.761752485E-01     1.773761027E-01     3.750000000E-01
      890     1.764849882E-01     1.770679242E-01     2.946432113E-01
      891     6.287413386E+00    -1.942949915E-01     3.750000000E-01
      892     6.287413554E+00    -2.925230674E-01     3.750000046E-01
      893     6.287413386E+00    -1.938930059E-01     3.027638400E-01
      894     6.287413386E+00    -2.925230760E-01     3.027632529E-01
      895     6.287413386E+00    -9.666658781E-02     3.750000000E-01
      896     6.287413386E+00    -9.614982137E-02     3.027644248E-01
      897     6.287413386E+00     9.618158457E-04     3.750000000E-01
      898     6.287413386E+00     1.279109993E-03     3.027650077E-01
      899     6.287413386E+00     9.859021950E-02     3.750000000E-01
      900     6.287413386E+00     9.860137916E-02     3.027655899E-01
      901     6.287413386E+00     1.962192082E-01     3.750000000E-01
      902     6.287413386E+00     1.959866143E-01     3.027661725E-01
      903     6.405123910E+00     4.088731068E-01     3.750000000E-01
      904     6.405123771E+00     4.088731190E-01     3.011553254E-01
      905     6.485651840E+00     4.550193971E-01     3.750000000E-01
      906     6.485651741E+00     4.550193637E-01     3.002547994E-01
      907     6.587364037E+00     4.887323755E-01     3.750000000E-01
      908     6.587363948E+00     4.887323496E-01     2.992151290E-01
      909     6.706763453E+00     4.998081388E-01     3.750000000E-01
      910     6.706763382E+00     4.998081300E-01     2.980516708E-01
      911     6.829366182E+00     4.810204094E-01     3.750000000E-01
      912     6.829366120E+00     4.810203526E-01     2.968482196E-01
      913     6.938305020E+00     4.356408451E-01     3.750000000E-01
      914     6.938304976E+00     4.356408056E-01     2.957031905E-01
      915     7.027059727E+00     3.719492201E-01     3.750000000E-01
      916     7.027059727E+00     3.719492201E-01     2.946432500E-01
      917     7.117136238E+00     2.646412126E-01     3.750000000E-01
      918     7.117574000E+00     2.639385803E-01     2.946432475E-01
      919     7.173589027E+00     1.376623706E-01     3.750000000E-01
      920     7.173826862E+00     1.368283210E-01     2.946432501E-01
      921     7.192913382E+00     6.298960978E-05     3.750000000E-01
      922     7.192912632E+00    -7.281400522E-04     2.946432501E-01
      923     7.173629158E+00    -1.375221657E-01     3.750000000E-01
      924     7.173410466E+00    -1.382836701E-01     2.946432499E-01
      925     7.117220595E+00    -2.645059394E-01     3.750000000E-01
      926     7.116778480E+00    -2.652142190E-01     2.946432523E-01
      927     7.027059721E+00    -3.719492257E-01     3.750000000E-01
      928     7.027059721E+00    -3.719492257E-01     2.946432500E-01
      929     6.910235571E+00    -4.503010856E-01     3.750000000E-01
      930     6.909785619E+00    -4.505178843E-01     2.960142589E-01
      931     6.773618381E+00    -4.934437190E-01     3.750000000E-01
      932     6.770773314E+00    -4.939006579E-01     2.974285213E-01
      933     6.618206773E+00    -4.943874210E-01     3.750000000E-01
      934     6.615027272E+00    -4.938965163E-01     2.989413879E-01
      935     6.470737916E+00    -4.479264007E-01     3.750000000E-01
      936     6.469941243E+00    -4.475302544E-01     3.004206475E-01
      937     6.357111584E+00    -3.704553276E-01     3.750000000E-01
      938     6.357672492E+00    -3.709630200E-01     3.017404830E-01
      939    -9.375000116E-02     4.484999822E-01     3.750000046E-01
      940    -9.375000000E-02     4.484999822E-01     2.946432117E-01
      941    -6.685838424E-02     5.142192434E-01     3.750000000E-01
      942    -6.683358462E-02     5.142444697E-01     2.946432081E-01
      943    -1.106321627E-08     5.422500000E-01     3.750000000E-01
      944    -1.106973723E-08     5.422500000E-01     2.946432081E-01
      945     6.571041574E-02     5.153670604E-01     3.750000000E-01
      946     6.569473450E-02     5.153824520E-01     2.946432081E-01
      947     9.375000000E-02     4.485000075E-01     3.750000000E-01
      948     9.375000000E-02     4.485000072E-01     2.946432081E-01
      949     6.685597244E-02     3.827783031E-01     3.750000000E-01
      950     6.684083530E-02     3.827629101E-01     2.946432081E-01
      951    -6.571276820E-02    -5.153647485E-01     3.750000000E-01
      952    -6.568419823E-02    -5.153928189E-01     2.946432081E-01
      953     9.375000000E-02    -4.484999925E-01     3.750000000E-01
      954     9.375000000E-02    -4.485000000E-01     2.946432081E-01
      955     6.685555409E-02    -5.142221225E-01     3.750000000E-01
      956     6.684576626E-02    -5.142320885E-01     2.946432081E-01
      957     3.689684868E-09    -5.422500000E-01     3.750000000E-01
      958     3.689633335E-09    -5.422500000E-01     2.946432081E-01
      959    -2.792571837E-01    -5.790366086E-01     2.117642596E-01
      960    -4.065089868E-01    -5.758061824E-01     2.118186827E-01
      961    -3.338977451E-01    -4.254354014E-01     2.116000820E-01
      962    -4.633106498E-01    -4.794643993E-01     2.117140207E-01
      963    -1.720690558E-01    -4.879299542E-01     2.115007755E-01
      964    -1.890156809E-01    -3.521090802E-01     2.114344208E-01
      965     6.217003632E+00     3.890037653E-01     2.184112372E-01
      966     6.339915188E+00     3.541078499E-01     2.208967202E-01
      967     6.209330067E+00     2.670182007E-01     2.198683307E-01
      968     6.287413386E+00     2.925230760E-01     2.219225009E-01
      969    -9.375000000E-02    -4.484999823E-01     2.113099172E-01
      970    -6.679782711E-02    -3.827192252E-01     2.113099146E-01
      971    -4.053579874E-01    -2.923415755E-01     2.114958505E-01
      972    -2.767794546E-01    -2.374175140E-01     2.113985984E-01
      973    -5.375699408E-01    -3.556416392E-01     2.115997649E-01
      974     5.730520565E+00     1.424848653E-01     2.147079717E-01
      975     5.649921871E+00    -4.450850606E-02     2.139336484E-01
      976     5.523800515E+00     2.849730603E-01     2.125987443E-01
      977     5.460939853E+00     1.546818660E-02     2.125185098E-01
      978     5.853460605E+00     2.945485862E-01     2.149004625E-01
      979     5.726961534E+00     4.401695382E-01     2.130928057E-01
      980     5.970878973E+00     1.818084967E-01     2.167320369E-01
      981     5.887228688E+00     4.475542952E-02     2.164104338E-01
      982     5.821167938E+00    -1.135109921E-01     2.155559848E-01
      983     6.026266557E+00    -2.821065715E-02     2.181844941E-01
      984     5.983818648E+00    -1.719913847E-01     2.173811329E-01
      985     6.076413027E+00     9.479067878E-02     2.185025437E-01
      986     6.136378035E+00     1.963805874E-01     2.188907078E-01
      987     6.207508576E+00     1.318235598E-01     2.203869420E-01
      988     6.239790549E+00     1.973661465E-01     2.208421563E-01
      989     6.073401695E+00     2.950470237E-01     2.172409494E-01
      990     5.990328720E+00     4.109107537E-01     2.152729116E-01
      991     6.829711730E-01    -1.673793774E-01     2.120674199E-01
      992     9.320709204E-01    -4.014187452E-01     2.125326541E-01
      993     5.354606801E-01    -3.312631363E-01     2.120179789E-01
      994     7.347527669E-01    -4.937998749E-01     2.124874359E-01
      995     6.008635605E-01     6.077864658E-02     2.119221014E-01
      996     9.029488844E-01     1.801463102E-01     2.123710690E-01
      997     1.016387747E+00    -8.968940524E-02     2.124649538E-01
      998     5.942194372E+00    -3.387979407E-01     2.156417974E-01
      999     5.762575698E+00    -2.825507242E-01     2.142680199E-01
     1000    -1.108193681E-08    -3.547500000E-01     2.113099146E-01
     1001    -9.317382564E-02    -2.319884431E-01     2.113099219E-01
     1002     3.081140334E-02    -3.169736897E-01     2.113288038E-01
     1003     2.948994822E-08    -2.500000000E-01     2.113099219E-01
     1004     9.938878904E-02    -3.345624030E-01     2.113708646E-01
     1005     6.566459203E-02    -3.815879541E-01     2.113099146E-01
     1006     3.689579809E-09     3.547500000E-01     2.113099146E-01
     1007     9.386731341E-02     2.317087080E-01     2.113099219E-01
     1008    -3.013661953E-02     3.187932497E-01     2.113218994E-01
     1009    -9.851120696E-09     2.500000000E-01     2.113099219E-01
     1010    -9.641593911E-02     3.381650490E-01     2.113483573E-01
     1011    -6.564029688E-02     3.815641117E-01     2.113099146E-01
     1012     5.423812181E+00    -1.730828109E-01     2.124468920E-01
     1013     5.257058500E+00     1.536391026E-02     2.120598634E-01
     1014     5.291579510E+00    -1.397962117E-01     2.121633546E-01
     1015     5.588334646E+00    -2.237188687E-01     2.132126811E-01
     1016     1.289341478E+00    -3.766846235E-02     2.126363307E-01
     1017     1.211847678E+00     1.753870498E-01     2.126086075E-01
     1018     1.535134953E+00     5.504706213E-02     2.126669537E-01
     1019     1.388617978E+00     2.028295914E-01     2.126568795E-01
     1020    -6.147292260E-01    -2.129695048E-01     2.115213959E-01
     1021    -6.960880658E-01    -5.287620846E-02     2.115143549E-01
     1022    -4.753654116E-01    -1.500995391E-01     2.114483468E-01
     1023    -5.490858173E-01     4.786001297E-02     2.114923988E-01
     1024     5.174536816E+00    -2.644925660E-01     2.119439976E-01
     1025     5.020575316E+00    -1.103015258E-01     2.118197375E-01
     1026     5.339586799E+00    -3.387313181E-01     2.120714474E-01
     1027     5.514585031E+00    -3.972471669E-01     2.124092509E-01
     1028     5.696279769E+00    -4.558768833E-01     2.128908487E-01
     1029     5.879442608E+00    -5.163113276E-01     2.135300301E-01
     1030     4.858161410E-01     2.274332015E-01     2.118585728E-01
     1031     6.609087564E-01     3.465124238E-01     2.122370562E-01
     1032     1.163581137E+00    -3.347984706E-01     2.126599208E-01
     1033     1.387326247E+00    -2.790361784E-01     2.127076732E-01
     1034     1.607245487E+00    -2.231339816E-01     2.126937057E-01
     1035     1.829961779E+00    -1.779647867E-01     2.126409518E-01
     1036     1.777423912E+00     4.848208037E-02     2.126323222E-01
     1037     2.066388468E+00    -9.226217980E-02     2.125642076E-01
     1038     1.940991799E+00     6.641490565E-02     2.125870889E-01
     1039     6.530581361E+00     8.208771703E-01     2.130069131E-01
     1040     6.676663878E+00     8.290916289E-01     2.127986934E-01
     1041     6.540787161E+00     6.986911895E-01     2.145602739E-01
     1042     6.646710371E+00     7.220209341E-01     2.139618819E-01
     1043     6.411896745E+00     6.560797494E-01     2.152963144E-01
     1044     6.378391343E+00     7.789433949E-01     2.133211108E-01
     1045     6.224477037E+00     7.103611813E-01     2.134513392E-01
     1046     6.278874074E+00     5.921225776E-01     2.157493880E-01
     1047     6.065857371E+00     6.298990101E-01     2.135000148E-01
     1048     6.138565011E+00     5.060776189E-01     2.158363539E-01
     1049     5.900460734E+00     5.433026485E-01     2.132945947E-01
     1050     5.268507005E+00     2.598348457E-01     2.118257597E-01
     1051     5.044996442E+00     2.085994722E-01     2.116563162E-01
     1052     4.824305293E+00     1.723691573E-01     2.116669689E-01
     1053     4.765722928E+00    -1.245351568E-01     2.117755937E-01
     1054     4.610497803E+00     1.497740939E-01     2.117226095E-01
     1055     4.545327637E+00    -1.260535669E-01     2.118140479E-01
     1056     4.402606182E+00     1.352136562E-01     2.117824540E-01
     1057     4.337671495E+00    -1.232845319E-01     2.118617023E-01
     1058     4.199018763E+00     1.255014093E-01     2.118435326E-01
     1059     4.134887207E+00    -1.193728217E-01     2.119155380E-01
     1060     3.997493138E+00     1.189089921E-01     2.119072814E-01
     1061     3.933572422E+00    -1.156691195E-01     2.119754132E-01
     1062     3.796307136E+00     1.145315360E-01     2.119728344E-01
     1063     3.732207531E+00    -1.127889707E-01     2.120382493E-01
     1064     3.594594875E+00     1.119049519E-01     2.120393646E-01
     1065     3.530180446E+00    -1.110121265E-01     2.121022798E-01
     1066     3.392279050E+00     1.108429665E-01     2.121063492E-01
     1067     3.327492745E+00    -1.104329756E-01     2.121667942E-01
     1068     3.189475472E+00     1.113542528E-01     2.121736196E-01
     1069     3.124344848E+00    -1.109939259E-01     2.122315738E-01
     1070     2.986389000E+00     1.136432111E-01     2.122410177E-01
     1071     2.920799965E+00    -1.124287323E-01     2.122965280E-01
     1072     2.783339591E+00     1.181984840E-01     2.123084405E-01
     1073     2.716596660E+00    -1.142262940E-01     2.123616857E-01
     1074     2.580680483E+00     1.262776291E-01     2.123756176E-01
     1075     2.511231052E+00    -1.148084810E-01     2.124270337E-01
     1076     2.378326798E+00     1.407859439E-01     2.124421682E-01
     1077     2.299975652E+00    -1.106626830E-01     2.124934934E-01
     1078     2.176822595E+00     1.681138154E-01     2.125068342E-01
     1079     1.996159073E+00     2.243621710E-01     2.125614488E-01
     1080     1.812563407E+00     2.511459883E-01     2.126176249E-01
     1081     1.613283357E+00     2.847362430E-01     2.126662574E-01
     1082     1.429535210E+00     3.481315119E-01     2.126924890E-01
     1083     1.235709797E+00     3.770195561E-01     2.127019054E-01
     1084     1.010235599E+00     4.212529336E-01     2.126459048E-01
     1085     7.973627203E-01     5.086018023E-01     2.125950445E-01
     1086     6.142812878E-01     6.030966428E-01     2.126007458E-01
     1087     4.946448135E-01     4.691153725E-01     2.122031643E-01
     1088     4.517417176E-01     6.942387117E-01     2.126117935E-01
     1089     3.484082591E-01     5.734313378E-01     2.121552236E-01
     1090     3.106238719E-01     7.785101016E-01     2.126344046E-01
     1091     2.346093769E-01     6.725213605E-01     2.121859589E-01
     1092     1.880006911E-01     8.337847712E-01     2.125792136E-01
     1093     1.642441201E-01     7.441997100E-01     2.122792989E-01
     1094     6.183461620E-02     8.408124235E-01     2.124195519E-01
     1095     7.384606478E-02     7.229158685E-01     2.120699209E-01
     1096     1.167372659E-01     6.024363294E-01     2.117411613E-01
     1097    -9.528856827E-03     6.099584270E-01     2.115752847E-01
     1098    -3.919139314E-02     7.051622349E-01     2.119008329E-01
     1099    -7.099832326E-02     8.268975056E-01     2.122997391E-01
     1100    -2.029665257E-01     7.867703295E-01     2.122001579E-01
     1101    -1.505787096E-01     6.595411468E-01     2.118399983E-01
     1102    -3.286903589E-01     7.179179239E-01     2.120657525E-01
     1103    -2.485814189E-01     5.764127822E-01     2.117814164E-01
     1104    -4.462745752E-01     6.247112325E-01     2.119352382E-01
     1105    -3.377571635E-01     4.763247661E-01     2.117051684E-01
     1106    -5.540174783E-01     5.088573690E-01     2.118040422E-01
     1107    -4.201553237E-01     3.621143584E-01     2.116078976E-01
     1108    -6.478630282E-01     3.730425914E-01     2.116857745E-01
     1109    -4.924998659E-01     2.268720663E-01     2.115349109E-01
     1110    -7.261672287E-01     2.235326807E-01     2.115919103E-01
     1111    -8.069978421E-01     8.824742808E-02     2.115160710E-01
     1112    -8.739366170E-01    -1.298922167E-02     2.114418285E-01
     1113    -8.205460106E-01    -1.368658100E-01     2.115128734E-01
     1114    -7.526594766E-01    -2.916840659E-01     2.115970039E-01
     1115    -6.702458073E-01    -4.395398437E-01     2.117170807E-01
     1116    -5.754265101E-01    -5.690267585E-01     2.118543343E-01
     1117    -4.698535296E-01    -6.723750848E-01     2.119829826E-01
     1118    -3.401274738E-01    -7.359733181E-01     2.120715467E-01
     1119    -2.074288730E-01    -7.994716825E-01     2.121911866E-01
     1120    -1.589170939E-01    -6.732069414E-01     2.118748159E-01
     1121    -7.697904593E-02    -8.393579917E-01     2.123090999E-01
     1122    -4.747140609E-02    -7.254899817E-01     2.119882347E-01
     1123     4.473845015E-02    -8.538787322E-01     2.124510085E-01
     1124     3.554113242E-02    -7.638779851E-01     2.121774128E-01
     1125    -3.360013509E-01    -1.207180701E-01     2.113717817E-01
     1126    -3.645346510E-01     1.229902117E-02     2.113813394E-01
     1127    -3.431778925E-01     1.417906449E-01     2.114039390E-01
     1128    -2.906212898E-01     2.532728395E-01     2.114433967E-01
     1129    -2.267974057E-01     3.518117414E-01     2.115039080E-01
     1130    -1.653640754E-01     4.521258216E-01     2.114858089E-01
     1131    -1.045654649E-01     5.655220843E-01     2.115297550E-01
     1132     2.165379649E-01     4.636544882E-01     2.116585163E-01
     1133     3.638268519E-01     3.541720700E-01     2.118275823E-01
     1134     4.139528077E-01    -4.518552437E-01     2.120811874E-01
     1135     5.696460293E-01    -5.907498494E-01     2.125322888E-01
     1136     3.053821391E-01    -5.552492268E-01     2.120722249E-01
     1137     4.241106289E-01    -6.826481193E-01     2.125585018E-01
     1138     2.057686449E-01    -6.482358638E-01     2.120810636E-01
     1139     2.904699844E-01    -7.647896147E-01     2.125680302E-01
     1140     1.072627896E-01    -7.131168946E-01     2.120952718E-01
     1141     1.635561634E-01    -8.221804159E-01     2.125094531E-01
     1142    -1.007725000E-01    -5.794673626E-01     2.115589578E-01
     1143     1.568890865E-02    -6.273672568E-01     2.116793210E-01
     1144     1.217556536E-01    -5.634304725E-01     2.116287137E-01
     1145     2.595561760E-01     2.521751141E-01     2.115354510E-01
     1146     1.608976950E-01     3.319034971E-01     2.114747565E-01
     1147     3.373087831E-01     1.477546854E-01     2.115392957E-01
     1148     3.828074083E-01     2.087458264E-02     2.115469967E-01
     1149     3.802936389E-01    -1.151694116E-01     2.115636106E-01
     1150     3.268756707E-01    -2.378050949E-01     2.116048441E-01
     1151     2.527469811E-01    -3.413106767E-01     2.116764618E-01
     1152     1.786350309E-01    -4.444087852E-01     2.115864271E-01
     1153     6.145166495E+00    -3.825060860E-01     2.179568574E-01
     1154     6.062237606E+00    -5.809492849E-01     2.144053916E-01
     1155     6.144038025E+00    -2.058378253E-01     2.195220586E-01
     1156     6.159144178E+00    -7.532049225E-02     2.200339951E-01
     1157     6.180516833E+00     3.645596983E-02     2.202004833E-01
     1158     6.338847716E+00     4.882917509E-01     2.179360157E-01
     1159     6.450904003E+00     5.489571664E-01     2.170682016E-01
     1160     6.572804743E+00     5.927376181E-01     2.158919628E-01
     1161     6.727762745E+00     6.355780580E-01     2.145360625E-01
     1162     6.822088809E+00     7.877416822E-01     2.129101524E-01
     1163     6.889039805E+00     5.992682075E-01     2.134435560E-01
     1164     6.982539003E+00     7.356548947E-01     2.124136437E-01
     1165     7.021939229E+00     5.363559402E-01     2.123241557E-01
     1166     7.129975853E+00     6.568640504E-01     2.118216679E-01
     1167     7.137297475E+00     4.480418710E-01     2.113227081E-01
     1168     7.260344838E+00     5.517061616E-01     2.112962431E-01
     1169     7.244159008E+00     3.243942161E-01     2.112960251E-01
     1170     7.373525535E+00     4.207589460E-01     2.112763358E-01
     1171     7.347819184E+00     1.478897195E-01     2.112996677E-01
     1172     7.469027613E+00     2.739929126E-01     2.112848920E-01
     1173     7.513609177E+00     4.497398909E-02     2.113000357E-01
     1174     7.553023594E+00     1.636539075E-01     2.112918621E-01
     1175     7.332984975E+00    -4.195183237E-02     2.113081740E-01
     1176     7.485445559E+00    -1.123810240E-01     2.113087019E-01
     1177     7.293597345E+00    -1.991067259E-01     2.113101255E-01
     1178     7.436434487E+00    -2.747669596E-01     2.113101630E-01
     1179     7.224928324E+00    -3.416211236E-01     2.113167948E-01
     1180     7.359938564E+00    -4.278009226E-01     2.113158228E-01
     1181     7.124534757E+00    -4.717822745E-01     2.114501905E-01
     1182     7.257185426E+00    -5.662978539E-01     2.113905607E-01
     1183     6.971286690E+00    -6.081102696E-01     2.124086620E-01
     1184     7.136169983E+00    -6.903409618E-01     2.115793840E-01
     1185     6.916087045E+00    -7.887910248E-01     2.121213508E-01
     1186     7.050576693E+00    -7.975423329E-01     2.116552799E-01
     1187     6.767142386E+00    -6.351260915E-01     2.138341737E-01
     1188     6.744039710E+00    -7.976197094E-01     2.126768023E-01
     1189     6.593567675E+00    -6.244443246E-01     2.153715513E-01
     1190     6.567192481E+00    -7.827674043E-01     2.135110498E-01
     1191     6.435345674E+00    -5.788554744E-01     2.167151372E-01
     1192     6.394945979E+00    -7.371893532E-01     2.141949274E-01
     1193     6.289417797E+00    -5.010931586E-01     2.175683428E-01
     1194     6.229679766E+00    -6.646714229E-01     2.144373988E-01
     1195     3.731925032E-01     9.107575380E-01     2.131431682E-01
     1196     5.419801105E-01     8.256210762E-01     2.130776639E-01
     1197     2.115513538E-01     9.612481341E-01     2.129819963E-01
     1198     5.255503043E-02     9.828478324E-01     2.128292847E-01
     1199    -1.064709127E-01     9.784763075E-01     2.126778776E-01
     1200    -2.620087277E-01     9.487377492E-01     2.125271660E-01
     1201    -4.146290503E-01     8.926559993E-01     2.123724164E-01
     1202    -5.604660881E-01     8.090918601E-01     2.122124481E-01
     1203    -6.997587339E-01     6.921629974E-01     2.120393617E-01
     1204    -8.207237580E-01     5.432903769E-01     2.118567990E-01
     1205    -9.090683158E-01     3.772886766E-01     2.116778298E-01
     1206    -9.653762742E-01     1.918347093E-01     2.114933713E-01
     1207    -9.842519685E-01    -7.177232578E-10     2.113099146E-01
     1208    -9.650204534E-01    -1.936166987E-01     2.114950677E-01
     1209    -9.078775365E-01    -3.801450719E-01     2.116807113E-01
     1210    -8.190025497E-01    -5.458815960E-01     2.118596719E-01
     1211    -7.024814745E-01    -6.893994934E-01     2.120355888E-01
     1212    -5.575269228E-01    -8.111200258E-01     2.122157104E-01
     1213    -4.065791068E-01    -8.963511354E-01     2.123806691E-01
     1214    -2.537954728E-01    -9.509678390E-01     2.125350691E-01
     1215    -9.727306819E-02    -9.794334699E-01     2.126864595E-01
     1216     5.880741837E-02    -9.824935876E-01     2.128350148E-01
     1217     2.162452700E-01    -9.602030647E-01     2.129863275E-01
     1218     3.731925032E-01    -9.107575380E-01     2.131429182E-01
     1219     5.415965901E-01    -8.257988696E-01     2.130848114E-01
     1220     7.202839443E-01    -7.492830834E-01     2.130249330E-01
     1221     9.058307786E-01    -6.810848151E-01     2.129640371E-01
     1222     1.096847693E+00    -6.204134630E-01     2.129022979E-01
     1223     1.288961334E+00    -5.674797880E-01     2.128409126E-01
     1224     1.480283659E+00    -5.216614982E-01     2.127803100E-01
     1225     1.672908579E+00    -4.816421060E-01     2.127197054E-01
     1226     1.866559192E+00    -4.469582070E-01     2.126591025E-01
     1227     2.061039720E+00    -4.172407446E-01     2.125984978E-01
     1228     2.256171556E+00    -3.922017500E-01     2.125378951E-01
     1229     2.451828688E+00    -3.716116752E-01     2.124772907E-01
     1230     2.651532536E+00    -3.550306179E-01     2.124155608E-01
     1231     2.855831350E+00    -3.425240084E-01     2.123525092E-01
     1232     3.059315942E+00    -3.344175972E-01     2.122897765E-01
     1233     3.262765012E+00    -3.305711320E-01     2.122270933E-01
     1234     3.466035863E+00    -3.309425367E-01     2.121644762E-01
     1235     3.668529616E+00    -3.355046414E-01     2.121020828E-01
     1236     3.869618471E+00    -3.442200334E-01     2.120400798E-01
     1237     4.069238576E+00    -3.570816830E-01     2.119784597E-01
     1238     4.267108315E+00    -3.740980653E-01     2.119172814E-01
     1239     4.463022819E+00    -3.953063759E-01     2.118565780E-01
     1240     4.658080919E+00    -4.209609467E-01     2.117959735E-01
     1241     4.852455331E+00    -4.513273724E-01     2.117353709E-01
     1242     5.045986197E+00    -4.867066688E-01     2.116747662E-01
     1243     5.238447661E+00    -5.274755019E-01     2.116141633E-01
     1244     5.430589940E+00    -5.743825895E-01     2.115532361E-01
     1245     5.626138387E+00    -6.293979329E-01     2.114906594E-01
     1246     5.815071001E+00    -6.907397824E-01     2.114294685E-01
     1247     5.995501597E+00    -7.584262702E-01     2.113701049E-01
     1248     6.174538250E+00    -8.366834263E-01     2.113099172E-01
     1249     6.349387605E+00    -9.223567896E-01     2.113099146E-01
     1250     6.538531074E+00    -9.720689251E-01     2.113099146E-01
     1251     6.726469205E+00    -9.836798228E-01     2.113099146E-01
     1252     6.912696875E+00    -9.593993827E-01     2.113099146E-01
     1253     7.094884368E+00    -8.984272493E-01     2.113099146E-01
     1254     7.264010779E+00    -8.016229860E-01     2.113099146E-01
     1255     7.408449532E+00    -6.758400868E-01     2.113099146E-01
     1256     7.522818589E+00    -5.291593497E-01     2.113099146E-01
     1257     7.607656194E+00    -3.633151048E-01     2.113099146E-01
     1258     7.660903528E+00    -1.781753717E-01     2.113099146E-01
     1259     7.677165354E+00    -3.614993933E-08     2.113099146E-01
     1260     7.660832614E+00     1.785622375E-01     2.112902991E-01
     1261     7.608496885E+00     3.611914086E-01     2.112695160E-01
     1262     7.520135831E+00     5.333427965E-01     2.112483475E-01
     1263     7.403895131E+00     6.806300251E-01     2.112278214E-01
     1264     7.262359777E+00     8.027969999E-01     2.112073678E-01
     1265     7.097564596E+00     8.972231911E-01     2.111865902E-01
     1266     6.913114741E+00     9.593036178E-01     2.111652999E-01
     1267     6.721603775E+00     9.838337427E-01     2.111441782E-01
     1268     6.533886201E+00     9.713199214E-01     2.111235971E-01
     1269     6.351332947E+00     9.230790240E-01     2.111029409E-01
     1270     6.174538250E+00     8.366834263E-01     2.110814171E-01
     1271     5.997218154E+00     7.591196106E-01     2.111484751E-01
     1272     5.815576878E+00     6.909163909E-01     2.112157026E-01
     1273     5.624338024E+00     6.288545346E-01     2.112853669E-01
     1274     5.431470874E+00     5.746132056E-01     2.113547859E-01
     1275     5.240577352E+00     5.279601536E-01     2.114228753E-01
     1276     5.048345133E+00     4.871715037E-01     2.114909649E-01
     1277     4.855048804E+00     4.517666097E-01     2.115590544E-01
     1278     4.659854006E+00     4.212157764E-01     2.116275107E-01
     1279     4.458969465E+00     3.948222280E-01     2.116977133E-01
     1280     4.259035021E+00     3.733185474E-01     2.117673881E-01
     1281     4.059892170E+00     3.563841710E-01     2.118366382E-01
     1282     3.860081103E+00     3.437113336E-01     2.119060100E-01
     1283     3.658829053E+00     3.351901963E-01     2.119758043E-01
     1284     3.456777122E+00     3.308341468E-01     2.120458295E-01
     1285     3.254148637E+00     3.306483158E-01     2.121160383E-01
     1286     3.051065844E+00     3.346630089E-01     2.121864183E-01
     1287     2.848188467E+00     3.429124071E-01     2.122567715E-01
     1288     2.646730828E+00     3.553781906E-01     2.123267082E-01
     1289     2.448457516E+00     3.719294865E-01     2.123956469E-01
     1290     2.252317698E+00     3.926519011E-01     2.124639855E-01
     1291     2.057415423E+00     4.177500754E-01     2.125320749E-01
     1292     1.863171652E+00     4.475200197E-01     2.126001644E-01
     1293     1.669753283E+00     4.822518129E-01     2.126682540E-01
     1294     1.477367910E+00     5.223126053E-01     2.127363434E-01
     1295     1.286280942E+00     5.681683207E-01     2.128044327E-01
     1296     1.093446299E+00     6.214196594E-01     2.128737487E-01
     1297     9.037018053E-01     6.818119174E-01     2.129427432E-01
     1298     7.206327156E-01     7.491450166E-01     2.130103294E-01
     1299     2.500000000E-01     6.123233996E-17     2.113099245E-01
     1300     2.305159644E-01     9.675944506E-02     2.113099222E-01
     1301     2.317765341E-01    -9.369970320E-02     2.113099228E-01
     1302     1.777516811E-01    -1.757963059E-01     2.113099214E-01
     1303     9.576468821E-02    -2.309309963E-01     2.113099219E-01
     1304    -1.750672518E-01    -1.784697739E-01     2.113099217E-01
     1305    -2.303788774E-01    -9.708538524E-02     2.113099221E-01
     1306    -2.500000000E-01    -2.006184390E-08     2.113099219E-01
     1307    -2.313557207E-01     9.473398703E-02     2.113099228E-01
     1308    -1.777892877E-01     1.757582602E-01     2.113099214E-01
     1309    -9.590477774E-02     2.308728495E-01     2.113099219E-01
     1310     1.768056345E-01     1.767477572E-01     2.113099215E-01
     1311     6.287413386E+00    -1.934430937E-01     2.219164778E-01
     1312     6.287413386E+00    -2.925230760E-01     2.219152509E-01
     1313     6.287413386E+00    -9.557144833E-02     2.219176907E-01
     1314     6.287413386E+00     1.634228685E-03     2.219188953E-01
     1315     6.287413386E+00     9.861386593E-02     2.219200970E-01
     1316     6.287413386E+00     1.957262862E-01     2.219213005E-01
     1317     6.405123771E+00     4.088731190E-01     2.198173429E-01
     1318     6.485651741E+00     4.550193637E-01     2.186409002E-01
     1319     6.587363948E+00     4.887323496E-01     2.172826801E-01
     1320     6.706763382E+00     4.998081300E-01     2.157627439E-01
     1321     6.829366120E+00     4.810203526E-01     2.141905613E-01
     1322     6.938304976E+00     4.356408056E-01     2.126947010E-01
     1323     7.027059727E+00     3.719492201E-01     2.113100000E-01
     1324     7.118026254E+00     2.632088452E-01     2.113099980E-01
     1325     7.174072240E+00     1.359630138E-01     2.113100001E-01
     1326     7.192910939E+00    -1.548574863E-03     2.113100002E-01
     1327     7.173183022E+00    -1.390731969E-01     2.113099999E-01
     1328     7.116318567E+00    -2.659478454E-01     2.113100023E-01
     1329     7.027059721E+00    -3.719492257E-01     2.113100000E-01
     1330     6.909313247E+00    -4.507451700E-01     2.131072041E-01
     1331     6.767746955E+00    -4.943681940E-01     2.149861842E-01
     1332     6.611604044E+00    -4.933445148E-01     2.169671153E-01
     1333     6.469070874E+00    -4.470957356E-01     2.188678564E-01
     1334     6.358294964E+00    -3.715245900E-01     2.205688784E-01
     1335    -9.375000000E-02     4.484999823E-01     2.113099172E-01
     1336    -6.680785624E-02     5.142706196E-01     2.113099146E-01
     1337    -1.107649974E-08     5.422500000E-01     2.113099146E-01
     1338     6.567848668E-02     5.153984280E-01     2.113099146E-01
     1339     9.375000000E-02     4.485000070E-01     2.113099146E-01
     1340     6.682514486E-02     3.827469395E-01     2.113099146E-01
     1341    -6.565454450E-02    -5.154219029E-01     2.113099146E-01
     1342     9.375000000E-02    -4.485000000E-01     2.113099146E-01
     1343     6.683560495E-02    -5.142424089E-01     2.113099146E-01
     1344     3.689579959E-09    -5.422500000E-01     2.113099146E-01
     1345    -2.792977672E-01    -5.789991431E-01     1.249901643E-01
     1346    -4.065651941E-01    -5.757511710E-01     1.249873071E-01
     1347    -3.339804302E-01    -4.253488616E-01     1.249857519E-01
     1348    -4.633870560E-01    -4.793827258E-01     1.249871830E-01
     1349    -1.720899005E-01    -4.879100452E-01     1.249950152E-01
     1350    -1.890662417E-01    -3.520566500E-01     1.249913022E-01
     1351     6.217003748E+00     3.890350887E-01     1.250054748E-01
     1352     6.209330371E+00     2.670657592E-01     1.250074589E-01
     1353    -9.375000000E-02    -4.484999823E-01     1.249998711E-01
     1354    -6.676572912E-02    -3.826866281E-01     1.249998696E-01
     1355    -4.055187788E-01    -2.921693587E-01     1.249897724E-01
     1356    -2.770015525E-01    -2.371906417E-01     1.249948745E-01
     1357    -5.376789600E-01    -3.555180338E-01     1.249910911E-01
     1358     5.730521741E+00     1.426311538E-01     1.250184196E-01
     1359     5.649922969E+00    -4.439931075E-02     1.250194615E-01
     1360     5.523800912E+00     2.850228342E-01     1.250075215E-01
     1361     5.460940217E+00     1.551197747E-02     1.250090853E-01
     1362     5.853461304E+00     2.946535118E-01     1.250170988E-01
     1363     5.726961889E+00     4.402213261E-01     1.250085867E-01
     1364     5.970880045E+00     1.819807231E-01     1.250180522E-01
     1365     5.887230573E+00     4.498599203E-02     1.250196347E-01
     1366     5.821170896E+00    -1.133255889E-01     1.250203732E-01
     1367     6.026268980E+00    -2.786427501E-02     1.250147106E-01
     1368     5.983824521E+00    -1.717222439E-01     1.250148699E-01
     1369     6.076414132E+00     9.505454613E-02     1.250137359E-01
     1370     6.136378593E+00     1.965122114E-01     1.250138499E-01
     1371     6.207508939E+00     1.319366563E-01     1.250070456E-01
     1372     6.239790747E+00     1.972907979E-01     1.250051242E-01
     1373     6.073402246E+00     2.951480734E-01     1.250130030E-01
     1374     5.990329024E+00     4.109757335E-01     1.250123150E-01
     1375     6.830514296E-01    -1.672340823E-01     1.249987690E-01
     1376     9.321067702E-01    -4.013594709E-01     1.249992130E-01
     1377     5.355880260E-01    -3.311139345E-01     1.249993693E-01
     1378     7.348131525E-01    -4.937274833E-01     1.249993960E-01
     1379     6.009075755E-01     6.080141107E-02     1.249982423E-01
     1380     9.029762305E-01     1.801532690E-01     1.249975040E-01
     1381     1.016415908E+00    -8.965810674E-02     1.249980413E-01
     1382     5.942201592E+00    -3.386265223E-01     1.250138748E-01
     1383     5.762577812E+00    -2.824247579E-01     1.250151865E-01
     1384    -1.109180760E-08    -3.547500000E-01     1.249998696E-01
     1385    -9.323030122E-02    -2.319657538E-01     1.249998808E-01
     1386     3.081918463E-02    -3.169662144E-01     1.249997847E-01
     1387     2.948364110E-08    -2.500000000E-01     1.249998808E-01
     1388     9.941388934E-02    -3.345382898E-01     1.249996937E-01
     1389     6.564059655E-02    -3.815643997E-01     1.249998696E-01
     1390     3.689524559E-09     3.547500000E-01     1.249998696E-01
     1391     9.388359675E-02     2.317021154E-01     1.249998808E-01
     1392    -3.014503491E-02     3.187824606E-01     1.249997014E-01
     1393    -9.857427869E-09     2.500000000E-01     1.249998808E-01
     1394    -9.644286315E-02     3.381305304E-01     1.249995374E-01
     1395    -6.560223273E-02     3.815267997E-01     1.249998696E-01
     1396     5.423812544E+00    -1.730431847E-01     1.250087732E-01
     1397     5.257058680E+00     1.538603768E-02     1.250038488E-01
     1398     5.291579723E+00    -1.397705436E-01     1.250049077E-01
     1399     5.588335467E+00    -2.236429068E-01     1.250143374E-01
     1400     1.289351652E+00    -3.766152827E-02     1.249982542E-01
     1401     1.211859346E+00     1.753918781E-01     1.249982887E-01
     1402     1.535138641E+00     5.504916290E-02     1.249989869E-01
     1403     1.388624226E+00     2.028323843E-01     1.249985249E-01
     1404    -6.147802809E-01    -2.128758443E-01     1.249932918E-01
     1405    -6.961249069E-01    -5.282300825E-02     1.249925788E-01
     1406    -4.754339575E-01    -1.499729005E-01     1.249922797E-01
     1407    -5.491309335E-01     4.789788989E-02     1.249949663E-01
     1408     5.174536932E+00    -2.644782700E-01     1.250027028E-01
     1409     5.020575378E+00    -1.102932852E-01     1.250010360E-01
     1410     5.339586999E+00    -3.387095722E-01     1.250047585E-01
     1411     5.514585464E+00    -3.972079678E-01     1.250072746E-01
     1412     5.696280854E+00    -4.558135199E-01     1.250075727E-01
     1413     5.879446432E+00    -5.162271947E-01     1.250068045E-01
     1414     4.858872143E-01     2.273314108E-01     1.249979193E-01
     1415     6.609561945E-01     3.464580179E-01     1.249972910E-01
     1416     1.163594607E+00    -3.347834558E-01     1.249989800E-01
     1417     1.387331337E+00    -2.790326734E-01     1.249990668E-01
     1418     1.607247283E+00    -2.231329527E-01     1.249994449E-01
     1419     1.829962430E+00    -1.779644117E-01     1.249997239E-01
     1420     1.777425146E+00     4.848279061E-02     1.249995828E-01
     1421     2.066388710E+00    -9.226203988E-02     1.249999143E-01
     1422     1.940992421E+00     6.641526593E-02     1.249998470E-01
     1423     6.530559901E+00     8.208735979E-01     1.250008503E-01
     1424     6.676638260E+00     8.290922292E-01     1.250006837E-01
     1425     6.540773514E+00     6.986890768E-01     1.250015931E-01
     1426     6.646693014E+00     7.220211072E-01     1.250012042E-01
     1427     6.411887054E+00     6.560768734E-01     1.250016921E-01
     1428     6.378375199E+00     7.789380011E-01     1.250009203E-01
     1429     6.224475826E+00     7.103639007E-01     1.250016309E-01
     1430     6.278872903E+00     5.921272716E-01     1.250029443E-01
     1431     6.065857276E+00     6.299128612E-01     1.250038029E-01
     1432     6.138564896E+00     5.061037538E-01     1.250072970E-01
     1433     5.900460898E+00     5.433362687E-01     1.250065080E-01
     1434     5.268507128E+00     2.598494863E-01     1.250023912E-01
     1435     5.044996471E+00     2.086039368E-01     1.250005129E-01
     1436     4.824305302E+00     1.723708367E-01     1.249997699E-01
     1437     4.765722946E+00    -1.245322627E-01     1.249995983E-01
     1438     4.610497804E+00     1.497750315E-01     1.249993433E-01
     1439     4.545327644E+00    -1.260520697E-01     1.249988746E-01
     1440     4.402606180E+00     1.352141649E-01     1.249992604E-01
     1441     4.337671497E+00    -1.232838201E-01     1.249987211E-01
     1442     4.199018758E+00     1.255016365E-01     1.249994096E-01
     1443     4.134887205E+00    -1.193725542E-01     1.249990651E-01
     1444     3.997493132E+00     1.189090864E-01     1.249995975E-01
     1445     3.933572418E+00    -1.156690237E-01     1.249994434E-01
     1446     3.796307129E+00     1.145315726E-01     1.249997280E-01
     1447     3.732207526E+00    -1.127889429E-01     1.249996696E-01
     1448     3.594594867E+00     1.119049629E-01     1.249997983E-01
     1449     3.530180441E+00    -1.110121167E-01     1.249997689E-01
     1450     3.392279042E+00     1.108429754E-01     1.249998391E-01
     1451     3.327492740E+00    -1.104329680E-01     1.249998264E-01
     1452     3.189475463E+00     1.113542604E-01     1.249998618E-01
     1453     3.124344842E+00    -1.109939189E-01     1.249998580E-01
     1454     2.986388991E+00     1.136432113E-01     1.249998755E-01
     1455     2.920799960E+00    -1.124287284E-01     1.249998796E-01
     1456     2.783339584E+00     1.181984882E-01     1.249998845E-01
     1457     2.716596658E+00    -1.142262928E-01     1.249998953E-01
     1458     2.580680481E+00     1.262776239E-01     1.249998939E-01
     1459     2.511231061E+00    -1.148084776E-01     1.249999143E-01
     1460     2.378326819E+00     1.407859556E-01     1.249999019E-01
     1461     2.299975708E+00    -1.106626527E-01     1.249999332E-01
     1462     2.176822703E+00     1.681138856E-01     1.249998948E-01
     1463     1.996159405E+00     2.243623699E-01     1.249998571E-01
     1464     1.812564078E+00     2.511463842E-01     1.249997080E-01
     1465     1.613285024E+00     2.847371983E-01     1.249994688E-01
     1466     1.429538625E+00     3.481330209E-01     1.249991396E-01
     1467     1.235716044E+00     3.770219142E-01     1.249990217E-01
     1468     1.010248082E+00     4.212553097E-01     1.249987778E-01
     1469     7.973857323E-01     5.085769015E-01     1.249985625E-01
     1470     6.143148763E-01     6.030605463E-01     1.249981803E-01
     1471     4.947145331E-01     4.690404910E-01     1.249964971E-01
     1472     4.517583765E-01     6.942206603E-01     1.249986135E-01
     1473     3.484395342E-01     5.733975158E-01     1.249974708E-01
     1474     3.106276247E-01     7.785046768E-01     1.249984327E-01
     1475     2.346145258E-01     6.725135390E-01     1.249974244E-01
     1476     1.879951381E-01     8.337836873E-01     1.249980034E-01
     1477     1.642408708E-01     7.441967984E-01     1.249965920E-01
     1478     6.182165915E-02     8.408123447E-01     1.249981862E-01
     1479     7.383716383E-02     7.229157838E-01     1.249970735E-01
     1480     1.167329664E-01     6.024374099E-01     1.249984142E-01
     1481    -9.533258177E-03     6.099575015E-01     1.249985122E-01
     1482    -3.920234462E-02     7.051590262E-01     1.249969132E-01
     1483    -7.101679625E-02     8.268919372E-01     1.249975285E-01
     1484    -2.029950313E-01     7.867540939E-01     1.249970833E-01
     1485    -1.505957656E-01     6.595319546E-01     1.249955964E-01
     1486    -3.287330082E-01     7.178859692E-01     1.249975126E-01
     1487    -2.486310637E-01     5.763715598E-01     1.249957991E-01
     1488    -4.463411795E-01     6.246527944E-01     1.249982923E-01
     1489    -3.378460641E-01     4.762444645E-01     1.249970803E-01
     1490    -5.541052570E-01     5.087556783E-01     1.249985538E-01
     1491    -4.202987382E-01     3.619473374E-01     1.249976533E-01
     1492    -6.479225701E-01     3.729452817E-01     1.249981080E-01
     1493    -4.925958626E-01     2.267059926E-01     1.249966811E-01
     1494    -7.261968417E-01     2.235322201E-01     1.249974747E-01
     1495    -8.070194730E-01     8.826561753E-02     1.249962285E-01
     1496    -8.739506195E-01    -1.297131852E-02     1.249968284E-01
     1497    -8.205677382E-01    -1.368278192E-01     1.249959782E-01
     1498    -7.526924652E-01    -2.916211526E-01     1.249963377E-01
     1499    -6.703130993E-01    -4.394591007E-01     1.249951558E-01
     1500    -5.754832997E-01    -5.689664242E-01     1.249929966E-01
     1501    -4.699035097E-01    -6.723310226E-01     1.249926040E-01
     1502    -3.401634603E-01    -7.359472642E-01     1.249947370E-01
     1503    -2.074520353E-01    -7.994608959E-01     1.249961687E-01
     1504    -1.589327052E-01    -6.731977945E-01     1.249939892E-01
     1505    -7.699531257E-02    -8.393545768E-01     1.249969337E-01
     1506    -4.748195329E-02    -7.254868431E-01     1.249949284E-01
     1507     4.472661933E-02    -8.538780347E-01     1.249947677E-01
     1508     3.553261253E-02    -7.638763245E-01     1.249938657E-01
     1509    -3.360849655E-01    -1.205466053E-01     1.249965033E-01
     1510    -3.645598088E-01     1.231659493E-02     1.249978501E-01
     1511    -3.433183174E-01     1.414819364E-01     1.249984723E-01
     1512    -2.908282915E-01     2.530415975E-01     1.249988006E-01
     1513    -2.268976450E-01     3.517316344E-01     1.249983910E-01
     1514    -1.654028566E-01     4.520935247E-01     1.249983457E-01
     1515    -1.045617101E-01     5.655296183E-01     1.249980863E-01
     1516     2.165755136E-01     4.636145055E-01     1.249986430E-01
     1517     3.639609027E-01     3.540299831E-01     1.249974367E-01
     1518     4.140120982E-01    -4.518055755E-01     1.249993013E-01
     1519     5.696786493E-01    -5.907203302E-01     1.249995216E-01
     1520     3.054076312E-01    -5.552280218E-01     1.249983763E-01
     1521     4.241250639E-01    -6.826356805E-01     1.249990377E-01
     1522     2.057738120E-01    -6.482305343E-01     1.249976335E-01
     1523     2.904732235E-01    -7.647853702E-01     1.249982357E-01
     1524     1.072595299E-01    -7.131157262E-01     1.249963552E-01
     1525     1.635493412E-01    -8.221803997E-01     1.249965301E-01
     1526    -1.007652258E-01    -5.794769499E-01     1.249971897E-01
     1527     1.568606023E-02    -6.273668779E-01     1.249976535E-01
     1528     1.217538926E-01    -5.634325009E-01     1.249988227E-01
     1529     2.597920861E-01     2.519327781E-01     1.249988076E-01
     1530     1.609466816E-01     3.318559668E-01     1.249989366E-01
     1531     3.373937826E-01     1.475904294E-01     1.249990630E-01
     1532     3.828362140E-01     2.089639174E-02     1.249992237E-01
     1533     3.804481950E-01    -1.148157277E-01     1.249994942E-01
     1534     3.270743997E-01    -2.375878435E-01     1.249996508E-01
     1535     2.528201188E-01    -3.412588635E-01     1.249995530E-01
     1536     1.786588356E-01    -4.443905479E-01     1.249993620E-01
     1537     6.145214527E+00    -3.824579422E-01     1.250053784E-01
     1538     6.062261166E+00    -5.809287035E-01     1.250034262E-01
     1539     6.144047052E+00    -2.054732573E-01     1.250069456E-01
     1540     6.159146276E+00    -7.482318815E-02     1.250072363E-01
     1541     6.180517575E+00     3.680854229E-02     1.250070336E-01
     1542     6.338847228E+00     4.882958366E-01     1.250016517E-01
     1543     6.450899542E+00     5.489559422E-01     1.250008202E-01
     1544     6.572797813E+00     5.927368021E-01     1.250007668E-01
     1545     6.727750037E+00     6.355802084E-01     1.250003316E-01
     1546     6.822059978E+00     7.877481061E-01     1.250002699E-01
     1547     6.889026507E+00     5.992737536E-01     1.250000227E-01
     1548     6.982509120E+00     7.356678722E-01     1.249999969E-01
     1549     7.021940932E+00     5.363539842E-01     1.249999696E-01
     1550     7.129980071E+00     6.568599781E-01     1.249999297E-01
     1551     7.137322157E+00     4.479999989E-01     1.249999583E-01
     1552     7.260366445E+00     5.516711128E-01     1.249999120E-01
     1553     7.244436362E+00     3.239113166E-01     1.249999454E-01
     1554     7.373656275E+00     4.205259620E-01     1.249998941E-01
     1555     7.347940781E+00     1.474289384E-01     1.249999247E-01
     1556     7.469100810E+00     2.737973033E-01     1.249998712E-01
     1557     7.513630463E+00     4.475490417E-02     1.249998728E-01
     1558     7.553052645E+00     1.635237940E-01     1.249998712E-01
     1559     7.332981489E+00    -4.251693744E-02     1.249999503E-01
     1560     7.485438323E+00    -1.126762639E-01     1.249999042E-01
     1561     7.293428917E+00    -1.996916213E-01     1.249999620E-01
     1562     7.436343902E+00    -2.750796183E-01     1.249999178E-01
     1563     7.224598683E+00    -3.421457479E-01     1.249999627E-01
     1564     7.359767006E+00    -4.280755458E-01     1.249999185E-01
     1565     7.124411208E+00    -4.718387326E-01     1.249999576E-01
     1566     7.257108129E+00    -5.663394231E-01     1.249999137E-01
     1567     6.970515035E+00    -6.082399697E-01     1.249999438E-01
     1568     7.135938032E+00    -6.903891806E-01     1.249998996E-01
     1569     6.915399900E+00    -7.888677243E-01     1.249999020E-01
     1570     7.050267260E+00    -7.975891718E-01     1.249998894E-01
     1571     6.764989202E+00    -6.353654939E-01     1.249999606E-01
     1572     6.742882502E+00    -7.977277528E-01     1.249999190E-01
     1573     6.590897945E+00    -6.240153024E-01     1.249999716E-01
     1574     6.565770523E+00    -7.825422638E-01     1.249999312E-01
     1575     6.434580597E+00    -5.785171927E-01     1.250000622E-01
     1576     6.394516147E+00    -7.370124004E-01     1.250000408E-01
     1577     6.289649340E+00    -5.013357789E-01     1.250011650E-01
     1578     6.229736507E+00    -6.647513781E-01     1.250010700E-01
     1579     3.731925032E-01     9.107575380E-01     1.249998711E-01
     1580     5.419801069E-01     8.256210798E-01     1.249998696E-01
     1581     2.115419215E-01     9.612502031E-01     1.249998696E-01
     1582     5.253723090E-02     9.828488067E-01     1.249998696E-01
     1583    -1.064919583E-01     9.784740162E-01     1.249998696E-01
     1584    -2.620330070E-01     9.487310687E-01     1.249998696E-01
     1585    -4.146551259E-01     8.926438619E-01     1.249998696E-01
     1586    -5.605052045E-01     8.090648017E-01     1.249998696E-01
     1587    -6.997899538E-01     6.921314601E-01     1.249998696E-01
     1588    -8.207434780E-01     5.432606012E-01     1.249998696E-01
     1589    -9.090789445E-01     3.772630518E-01     1.249998696E-01
     1590    -9.653778449E-01     1.918268855E-01     1.249998696E-01
     1591    -9.842519685E-01    -7.177232578E-10     1.249998696E-01
     1592    -9.650238707E-01    -1.935997586E-01     1.249998696E-01
     1593    -9.078895129E-01    -3.801165214E-01     1.249998696E-01
     1594    -8.190245305E-01    -5.458486566E-01     1.249998696E-01
     1595    -7.025133966E-01    -6.893670032E-01     1.249998696E-01
     1596    -5.575685714E-01    -8.110913794E-01     1.249998696E-01
     1597    -4.066102329E-01    -8.963370214E-01     1.249998696E-01
     1598    -2.538226019E-01    -9.509605798E-01     1.249998696E-01
     1599    -9.729478761E-02    -9.794312951E-01     1.249998696E-01
     1600     5.879120995E-02    -9.824945451E-01     1.249998696E-01
     1601     2.162322026E-01    -9.602060050E-01     1.249998696E-01
     1602     3.731925032E-01    -9.107575380E-01     1.249998711E-01
     1603     5.415965776E-01    -8.257988517E-01     1.249998696E-01
     1604     7.202839415E-01    -7.492830931E-01     1.249998696E-01
     1605     9.058307781E-01    -6.810848251E-01     1.249998696E-01
     1606     1.096847701E+00    -6.204134928E-01     1.249998696E-01
     1607     1.288961336E+00    -5.674797941E-01     1.249998696E-01
     1608     1.480283661E+00    -5.216615086E-01     1.249998696E-01
     1609     1.672908578E+00    -4.816421086E-01     1.249998696E-01
     1610     1.866559190E+00    -4.469582063E-01     1.249998696E-01
     1611     2.061039718E+00    -4.172407551E-01     1.249998696E-01
     1612     2.256171553E+00    -3.922017567E-01     1.249998696E-01
     1613     2.451828685E+00    -3.716116792E-01     1.249998696E-01
     1614     2.651532533E+00    -3.550306233E-01     1.249998696E-01
     1615     2.855831346E+00    -3.425240014E-01     1.249998696E-01
     1616     3.059315939E+00    -3.344175881E-01     1.249998696E-01
     1617     3.262765010E+00    -3.305711271E-01     1.249998696E-01
     1618     3.466035861E+00    -3.309425430E-01     1.249998696E-01
     1619     3.668529614E+00    -3.355046538E-01     1.249998696E-01
     1620     3.869618471E+00    -3.442200127E-01     1.249998696E-01
     1621     4.069238575E+00    -3.570816896E-01     1.249998696E-01
     1622     4.267108315E+00    -3.740980669E-01     1.249998696E-01
     1623     4.463022817E+00    -3.953063916E-01     1.249998696E-01
     1624     4.658080918E+00    -4.209609492E-01     1.249998696E-01
     1625     4.852455328E+00    -4.513273864E-01     1.249998696E-01
     1626     5.045986190E+00    -4.867066990E-01     1.249998696E-01
     1627     5.238447655E+00    -5.274755255E-01     1.249998696E-01
     1628     5.430589931E+00    -5.743826286E-01     1.249998696E-01
     1629     5.626138371E+00    -6.293979939E-01     1.249998696E-01
     1630     5.815070976E+00    -6.907398611E-01     1.249998696E-01
     1631     5.995501592E+00    -7.584262971E-01     1.249998696E-01
     1632     6.174538250E+00    -8.366834263E-01     1.249998711E-01
     1633     6.349371700E+00    -9.223508268E-01     1.249998696E-01
     1634     6.538504160E+00    -9.720646729E-01     1.249998696E-01
     1635     6.726435353E+00    -9.836809520E-01     1.249998696E-01
     1636     6.912657767E+00    -9.594083305E-01     1.249998696E-01
     1637     7.094840941E+00    -8.984465361E-01     1.249998696E-01
     1638     7.264027415E+00    -8.016113165E-01     1.249998696E-01
     1639     7.408455423E+00    -6.758339522E-01     1.249998696E-01
     1640     7.522823661E+00    -5.291510875E-01     1.249998696E-01
     1641     7.607658310E+00    -3.633093195E-01     1.249998696E-01
     1642     7.660903898E+00    -1.781749316E-01     1.249998696E-01
     1643     7.677165354E+00    -3.614993933E-08     1.249998696E-01
     1644     7.660831157E+00     1.785696675E-01     1.249998696E-01
     1645     7.608493943E+00     3.611982567E-01     1.249998696E-01
     1646     7.520138711E+00     5.333387276E-01     1.249998696E-01
     1647     7.403902810E+00     6.806217572E-01     1.249998696E-01
     1648     7.262368128E+00     8.027909030E-01     1.249998696E-01
     1649     7.097513456E+00     8.972461875E-01     1.249998696E-01
     1650     6.913068243E+00     9.593142218E-01     1.249998696E-01
     1651     6.721566520E+00     9.838348110E-01     1.249998696E-01
     1652     6.533854881E+00     9.713147428E-01     1.249998696E-01
     1653     6.351308022E+00     9.230697227E-01     1.249998696E-01
     1654     6.174538250E+00     8.366834263E-01     1.249998711E-01
     1655     5.997218149E+00     7.591196301E-01     1.249998696E-01
     1656     5.815576899E+00     6.909163286E-01     1.249998696E-01
     1657     5.624338045E+00     6.288544671E-01     1.249998696E-01
     1658     5.431470869E+00     5.746132119E-01     1.249998696E-01
     1659     5.240577362E+00     5.279600799E-01     1.249998696E-01
     1660     5.048345122E+00     4.871715237E-01     1.249998696E-01
     1661     4.855048799E+00     4.517665922E-01     1.249998696E-01
     1662     4.659853998E+00     4.212157763E-01     1.249998696E-01
     1663     4.458969457E+00     3.948222184E-01     1.249998696E-01
     1664     4.259035011E+00     3.733185542E-01     1.249998696E-01
     1665     4.059892159E+00     3.563841871E-01     1.249998696E-01
     1666     3.860081091E+00     3.437113472E-01     1.249998696E-01
     1667     3.658829043E+00     3.351901813E-01     1.249998696E-01
     1668     3.456777110E+00     3.308341560E-01     1.249998696E-01
     1669     3.254148624E+00     3.306483294E-01     1.249998696E-01
     1670     3.051065830E+00     3.346630011E-01     1.249998696E-01
     1671     2.848188454E+00     3.429124173E-01     1.249998696E-01
     1672     2.646730813E+00     3.553781734E-01     1.249998696E-01
     1673     2.448457501E+00     3.719294784E-01     1.249998696E-01
     1674     2.252317684E+00     3.926519095E-01     1.249998696E-01
     1675     2.057415410E+00     4.177500815E-01     1.249998696E-01
     1676     1.863171641E+00     4.475200356E-01     1.249998696E-01
     1677     1.669753273E+00     4.822518194E-01     1.249998696E-01
     1678     1.477367895E+00     5.223125834E-01     1.249998696E-01
     1679     1.286280935E+00     5.681683258E-01     1.249998696E-01
     1680     1.093446295E+00     6.214196784E-01     1.249998696E-01
     1681     9.037017924E-01     6.818119103E-01     1.249998696E-01
     1682     7.206327070E-01     7.491450264E-01     1.249998696E-01
     1683     2.500000000E-01     6.123233996E-17     1.249998823E-01
     1684     2.306088123E-01     9.653794950E-02     1.249998808E-01
     1685     2.319771565E-01    -9.320192530E-02     1.249998808E-01
     1686     1.780117375E-01    -1.755329636E-01     1.249998808E-01
     1687     9.583849873E-02    -2.309003728E-01     1.249998808E-01
     1688    -1.753776479E-01    -1.781647569E-01     1.249998808E-01
     1689    -2.304676830E-01    -9.687438832E-02     1.249998808E-01
     1690    -2.500000000E-01    -2.026308768E-08     1.249998808E-01
     1691    -2.315432846E-01     9.427463781E-02     1.249998808E-01
     1692    -1.780657062E-01     1.754782160E-01     1.249998808E-01
     1693    -9.599213877E-02     2.308365424E-01     1.249998808E-01
     1694     1.771371212E-01     1.764155330E-01     1.249998808E-01
     1695    -9.375000000E-02     4.484999823E-01     1.249998711E-01
     1696    -6.678118939E-02     5.142976842E-01     1.249998696E-01
     1697    -1.108350380E-08     5.422500000E-01     1.249998696E-01
     1698     6.566164062E-02     5.154149569E-01     1.249998696E-01
     1699     9.375000000E-02     4.485000067E-01     1.249998696E-01
     1700     6.680887020E-02     3.827304222E-01     1.249998696E-01
     1701    -6.562383705E-02    -5.154520314E-01     1.249998696E-01
     1702     9.375000000E-02    -4.485000000E-01     1.249998696E-01
     1703     6.682508526E-02    -5.142531024E-01     1.249998696E-01
     1704     3.689524634E-09    -5.422500000E-01     1.249998696E-01
     1705    -2.848638886E-01    -5.755990992E-01     6.248027276E-02
     1706    -4.136404312E-01    -5.702899155E-01     6.247455679E-02
     1707    -3.376582199E-01    -4.219822523E-01     6.247108467E-02
     1708    -4.687787120E-01    -4.739661294E-01     6.247423907E-02
     1709    -1.743529782E-01    -4.864747252E-01     6.249008058E-02
     1710    -1.905540523E-01    -3.505450061E-01     6.248235903E-02
     1711     6.216959409E+00     3.890192109E-01     6.250011866E-02
     1712     6.209306450E+00     2.670621641E-01     6.250019480E-02
     1713    -9.375000000E-02    -4.484999823E-01     6.249993557E-02
     1714    -6.621435097E-02    -3.821319255E-01     6.249993480E-02
     1715    -4.077775230E-01    -2.889628166E-01     6.247921519E-02
     1716    -2.780788665E-01    -2.357090883E-01     6.248967390E-02
     1717    -5.411683691E-01    -3.503894313E-01     6.248211196E-02
     1718     5.730503789E+00     1.426404351E-01     6.250105336E-02
     1719     5.649906363E+00    -4.438751247E-02     6.250133657E-02
     1720     5.523792611E+00     2.850274281E-01     6.250054832E-02
     1721     5.460930575E+00     1.551966821E-02     6.250096052E-02
     1722     5.853431525E+00     2.946553589E-01     6.250070275E-02
     1723     5.726946516E+00     4.402224921E-01     6.250037022E-02
     1724     5.970851377E+00     1.819836586E-01     6.250072723E-02
     1725     5.887210315E+00     4.499508951E-02     6.250101807E-02
     1726     5.821152969E+00    -1.133138855E-01     6.250122895E-02
     1727     6.026251878E+00    -2.785725298E-02     6.250074537E-02
     1728     5.983807847E+00    -1.717129253E-01     6.250086268E-02
     1729     6.076392708E+00     9.505774044E-02     6.250055490E-02
     1730     6.136351344E+00     1.965119478E-01     6.250041139E-02
     1731     6.207492887E+00     1.319369109E-01     6.250021756E-02
     1732     6.239775943E+00     1.972900810E-01     6.250012850E-02
     1733     6.073365108E+00     2.951424824E-01     6.250042336E-02
     1734     5.990284180E+00     4.109669840E-01     6.250037273E-02
     1735     6.830482673E-01    -1.672331523E-01     6.249955727E-02
     1736     9.321047584E-01    -4.013591840E-01     6.249970843E-02
     1737     5.355851408E-01    -3.311140949E-01     6.249975416E-02
     1738     7.348102952E-01    -4.937275855E-01     6.249976492E-02
     1739     6.009013266E-01     6.080106396E-02     6.249936051E-02
     1740     9.029681726E-01     1.801526377E-01     6.249909941E-02
     1741     1.016410391E+00    -8.965830155E-02     6.249929126E-02
     1742     5.942186709E+00    -3.386172169E-01     6.250078990E-02
     1743     5.762565064E+00    -2.824159562E-01     6.250090223E-02
     1744    -1.109895537E-08    -3.547500000E-01     6.249993480E-02
     1745    -9.323554320E-02    -2.319636420E-01     6.249994039E-02
     1746     3.078874620E-02    -3.169431879E-01     6.249983622E-02
     1747     2.947907485E-08    -2.500000000E-01     6.249994039E-02
     1748     9.931594270E-02    -3.344641047E-01     6.249972305E-02
     1749     6.542498810E-02    -3.813536220E-01     6.249993480E-02
     1750     3.689484527E-09     3.547500000E-01     6.249993480E-02
     1751     9.388507915E-02     2.317015174E-01     6.249994039E-02
     1752    -3.023142024E-02     3.186522861E-01     6.249958015E-02
     1753    -9.861995021E-09     2.500000000E-01     6.249994039E-02
     1754    -9.671897086E-02     3.377138355E-01     6.249924673E-02
     1755    -6.519509688E-02     3.811303935E-01     6.249993480E-02
     1756     5.423804027E+00    -1.730359725E-01     6.250087210E-02
     1757     5.257053062E+00     1.539094802E-02     6.250062919E-02
     1758     5.291572734E+00    -1.397640302E-01     6.250085683E-02
     1759     5.588323640E+00    -2.236340074E-01     6.250098810E-02
     1760     1.289346990E+00    -3.766184958E-02     6.249932988E-02
     1761     1.211854574E+00     1.753915183E-01     6.249935602E-02
     1762     1.535135893E+00     5.504896978E-02     6.249955889E-02
     1763     1.388620326E+00     2.028320949E-01     6.249941668E-02
     1764    -6.167479590E-01    -2.091615960E-01     6.248668509E-02
     1765    -6.977388651E-01    -5.164205676E-02     6.248517714E-02
     1766    -4.767546702E-01    -1.480070230E-01     6.248450602E-02
     1767    -5.506980555E-01     4.685923644E-02     6.249004377E-02
     1768     5.174533079E+00    -2.644746774E-01     6.250043978E-02
     1769     5.020573068E+00    -1.102911606E-01     6.250024718E-02
     1770     5.339582366E+00    -3.387056264E-01     6.250044427E-02
     1771     5.514579430E+00    -3.972033914E-01     6.250047312E-02
     1772     5.696274440E+00    -4.558090541E-01     6.250042100E-02
     1773     5.879438771E+00    -5.162224304E-01     6.250035798E-02
     1774     4.858731530E-01     2.273294164E-01     6.249915354E-02
     1775     6.609377425E-01     3.464564771E-01     6.249889373E-02
     1776     1.163591927E+00    -3.347835493E-01     6.249962045E-02
     1777     1.387329012E+00    -2.790328281E-01     6.249963297E-02
     1778     1.607245951E+00    -2.231330451E-01     6.249975240E-02
     1779     1.829961612E+00    -1.779644687E-01     6.249981898E-02
     1780     1.777423594E+00     4.848268281E-02     6.249971524E-02
     1781     2.066388203E+00    -9.226206908E-02     6.249986191E-02
     1782     1.940991295E+00     6.641519031E-02     6.249977378E-02
     1783     6.527367449E+00     8.202899149E-01     6.249982207E-02
     1784     6.673583885E+00     8.290971897E-01     6.249984403E-02
     1785     6.538706983E+00     6.982943353E-01     6.249973792E-02
     1786     6.644494794E+00     7.219502098E-01     6.249978201E-02
     1787     6.410050699E+00     6.554085701E-01     6.249982849E-02
     1788     6.375335363E+00     7.778265147E-01     6.249991718E-02
     1789     6.224232409E+00     7.102738527E-01     6.249992460E-02
     1790     6.278622031E+00     5.920329951E-01     6.249990525E-02
     1791     6.065812345E+00     6.298977643E-01     6.250001884E-02
     1792     6.138490908E+00     5.060790836E-01     6.250008838E-02
     1793     5.900436923E+00     5.433316919E-01     6.250017632E-02
     1794     5.268503754E+00     2.598522437E-01     6.250031757E-02
     1795     5.044995266E+00     2.086050202E-01     6.250009420E-02
     1796     4.824304751E+00     1.723713613E-01     6.250001850E-02
     1797     4.765721951E+00    -1.245313201E-01     6.250009054E-02
     1798     4.610497445E+00     1.497753663E-01     6.249999494E-02
     1799     4.545327019E+00    -1.260514837E-01     6.250004496E-02
     1800     4.402605961E+00     1.352143607E-01     6.249997309E-02
     1801     4.337671146E+00    -1.232835120E-01     6.250000068E-02
     1802     4.199018652E+00     1.255017227E-01     6.249995377E-02
     1803     4.134887054E+00    -1.193724367E-01     6.249996297E-02
     1804     3.997493089E+00     1.189091134E-01     6.249994224E-02
     1805     3.933572362E+00    -1.156689939E-01     6.249994392E-02
     1806     3.796307114E+00     1.145315806E-01     6.249993702E-02
     1807     3.732207506E+00    -1.127889303E-01     6.249993690E-02
     1808     3.594594864E+00     1.119049689E-01     6.249993510E-02
     1809     3.530180433E+00    -1.110121114E-01     6.249993480E-02
     1810     3.392279043E+00     1.108429724E-01     6.249993443E-02
     1811     3.327492736E+00    -1.104329702E-01     6.249993409E-02
     1812     3.189475465E+00     1.113542541E-01     6.249993412E-02
     1813     3.124344840E+00    -1.109939242E-01     6.249993374E-02
     1814     2.986388992E+00     1.136432092E-01     6.249993370E-02
     1815     2.920799954E+00    -1.124287319E-01     6.249993306E-02
     1816     2.783339579E+00     1.181984856E-01     6.249993260E-02
     1817     2.716596639E+00    -1.142262900E-01     6.249993129E-02
     1818     2.580680458E+00     1.262776321E-01     6.249992968E-02
     1819     2.511231006E+00    -1.148084759E-01     6.249992597E-02
     1820     2.378326740E+00     1.407859562E-01     6.249992177E-02
     1821     2.299975538E+00    -1.106626590E-01     6.249990976E-02
     1822     2.176822464E+00     1.681138674E-01     6.249989930E-02
     1823     1.996158800E+00     2.243623260E-01     6.249984723E-02
     1824     1.812563258E+00     2.511463195E-01     6.249981798E-02
     1825     1.613283773E+00     2.847371064E-01     6.249976234E-02
     1826     1.429536516E+00     3.481328717E-01     6.249965381E-02
     1827     1.235713493E+00     3.770217138E-01     6.249962692E-02
     1828     1.010244270E+00     4.212549958E-01     6.249954692E-02
     1829     7.973763328E-01     5.085761601E-01     6.249940405E-02
     1830     6.142836814E-01     6.030598456E-01     6.249904803E-02
     1831     4.946557391E-01     4.690389035E-01     6.249817802E-02
     1832     4.516618586E-01     6.942227147E-01     6.249899238E-02
     1833     3.482667406E-01     5.734001655E-01     6.249811859E-02
     1834     3.101939415E-01     7.785284553E-01     6.249831608E-02
     1835     2.339419812E-01     6.725324739E-01     6.249709944E-02
     1836     1.855705374E-01     8.340775563E-01     6.249726825E-02
     1837     1.622011249E-01     7.442826323E-01     6.249527791E-02
     1838     5.713269732E-02     8.408640707E-01     6.249712910E-02
     1839     7.088833476E-02     7.228581234E-01     6.249552175E-02
     1840     1.157951571E-01     6.024500418E-01     6.249800491E-02
     1841    -1.105461888E-02     6.096867252E-01     6.249746188E-02
     1842    -4.285768673E-02     7.044878460E-01     6.249435680E-02
     1843    -7.726941497E-02     8.257887017E-01     6.249536240E-02
     1844    -2.106770359E-01     7.840151469E-01     6.249419452E-02
     1845    -1.550277775E-01     6.579212715E-01     6.249130921E-02
     1846    -3.372820365E-01     7.134014509E-01     6.249497124E-02
     1847    -2.536767136E-01     5.735299120E-01     6.249157897E-02
     1848    -4.548757470E-01     6.184199115E-01     6.249682820E-02
     1849    -3.430096700E-01     4.723632796E-01     6.249425644E-02
     1850    -5.603259091E-01     5.023492682E-01     6.249773243E-02
     1851    -4.239814755E-01     3.581502125E-01     6.249563808E-02
     1852    -6.516029800E-01     3.676891619E-01     6.249663707E-02
     1853    -4.948325092E-01     2.238915035E-01     6.249358325E-02
     1854    -7.284464076E-01     2.195730345E-01     6.249527171E-02
     1855    -8.082934098E-01     8.735271038E-02     6.249260956E-02
     1856    -8.748137781E-01    -1.235585152E-02     6.249380565E-02
     1857    -8.219639811E-01    -1.338617245E-01     6.249213948E-02
     1858    -7.553267916E-01    -2.858561722E-01     6.249304137E-02
     1859    -6.752347704E-01    -4.320366416E-01     6.249069181E-02
     1860    -5.829899865E-01    -5.612134743E-01     6.248648197E-02
     1861    -4.801545647E-01    -6.648373799E-01     6.248543749E-02
     1862    -3.500676430E-01    -7.308986697E-01     6.248914378E-02
     1863    -2.157073741E-01    -7.967271346E-01     6.249244064E-02
     1864    -1.639365832E-01    -6.713231920E-01     6.248841443E-02
     1865    -8.336444881E-02    -8.383675469E-01     6.249445590E-02
     1866    -5.159579762E-02    -7.247053690E-01     6.249096631E-02
     1867     4.013708374E-02    -8.538380383E-01     6.249143217E-02
     1868     3.195241024E-02    -7.636322916E-01     6.248981278E-02
     1869    -3.366821327E-01    -1.196996983E-01     6.249307754E-02
     1870    -3.651807904E-01     1.197669002E-02     6.249584654E-02
     1871    -3.442504327E-01     1.403432286E-01     6.249713650E-02
     1872    -2.924618224E-01     2.513602942E-01     6.249783760E-02
     1873    -2.293933336E-01     3.498141980E-01     6.249692053E-02
     1874    -1.673504376E-01     4.508666326E-01     6.249681070E-02
     1875    -1.061775256E-01     5.650615029E-01     6.249634263E-02
     1876     2.164614067E-01     4.636148596E-01     6.249908305E-02
     1877     3.639161339E-01     3.540275433E-01     6.249869275E-02
     1878     4.139882775E-01    -4.518069222E-01     6.249950377E-02
     1879     5.696541987E-01    -5.907224551E-01     6.249966111E-02
     1880     3.051144982E-01    -5.552581174E-01     6.249802237E-02
     1881     4.239151215E-01    -6.826589458E-01     6.249887428E-02
     1882     2.048777211E-01    -6.483300688E-01     6.249664675E-02
     1883     2.895667207E-01    -7.648968328E-01     6.249752925E-02
     1884     1.051938668E-01    -7.131959284E-01     6.249428060E-02
     1885     1.606311325E-01    -8.225585391E-01     6.249466545E-02
     1886    -1.027258050E-01    -5.788183853E-01     6.249469361E-02
     1887     1.413477709E-02    -6.271827446E-01     6.249607415E-02
     1888     1.212050083E-01    -5.635828314E-01     6.249835368E-02
     1889     2.597744360E-01     2.519292075E-01     6.249939555E-02
     1890     1.608872844E-01     3.318431930E-01     6.249933275E-02
     1891     3.373884579E-01     1.475879454E-01     6.249961087E-02
     1892     3.828337510E-01     2.089634210E-02     6.249970691E-02
     1893     3.804481887E-01    -1.148125216E-01     6.249980645E-02
     1894     3.270721797E-01    -2.375883699E-01     6.249985065E-02
     1895     2.528032091E-01    -3.412590068E-01     6.249967039E-02
     1896     1.785520366E-01    -4.443963828E-01     6.249930253E-02
     1897     6.145177122E+00    -3.824424380E-01     6.250029677E-02
     1898     6.062232736E+00    -5.809169397E-01     6.250015941E-02
     1899     6.144032337E+00    -2.054672986E-01     6.250039729E-02
     1900     6.159134409E+00    -7.481950309E-02     6.250036680E-02
     1901     6.180504008E+00     3.681038151E-02     6.250028701E-02
     1902     6.338713092E+00     4.882406038E-01     6.249996497E-02
     1903     6.450028728E+00     5.486361229E-01     6.249991789E-02
     1904     6.571742449E+00     5.925539462E-01     6.249987394E-02
     1905     6.726301185E+00     6.357729308E-01     6.249993163E-02
     1906     6.818911131E+00     7.884185209E-01     6.249992314E-02
     1907     6.887544962E+00     5.998791626E-01     6.249997898E-02
     1908     6.979251199E+00     7.370883606E-01     6.249996303E-02
     1909     7.020578766E+00     5.372695304E-01     6.249996778E-02
     1910     7.126967856E+00     6.589496691E-01     6.249992791E-02
     1911     7.136511275E+00     4.488160837E-01     6.249996952E-02
     1912     7.258618133E+00     5.534717637E-01     6.249993521E-02
     1913     7.243789363E+00     3.248375114E-01     6.249996895E-02
     1914     7.372304610E+00     4.225652698E-01     6.249994385E-02
     1915     7.347436058E+00     1.481674068E-01     6.249995024E-02
     1916     7.468028573E+00     2.761169977E-01     6.249991281E-02
     1917     7.513123006E+00     4.554753099E-02     6.249990963E-02
     1918     7.552309084E+00     1.658173109E-01     6.249989827E-02
     1919     7.332771934E+00    -4.280277390E-02     6.249997045E-02
     1920     7.485154654E+00    -1.135573904E-01     6.249994446E-02
     1921     7.293187040E+00    -2.002020943E-01     6.249997908E-02
     1922     7.435864452E+00    -2.762078611E-01     6.249995503E-02
     1923     7.224098519E+00    -3.428479009E-01     6.249997395E-02
     1924     7.358735648E+00    -4.296213939E-01     6.249994351E-02
     1925     7.123367867E+00    -4.728405376E-01     6.249996848E-02
     1926     7.254908692E+00    -5.685994429E-01     6.249993789E-02
     1927     6.969290587E+00    -6.089012847E-01     6.249996064E-02
     1928     7.133800418E+00    -6.919570559E-01     6.249993003E-02
     1929     6.913441681E+00    -7.894971072E-01     6.249993562E-02
     1930     7.048113308E+00    -7.986655168E-01     6.249993613E-02
     1931     6.764106310E+00    -6.354386358E-01     6.249997587E-02
     1932     6.741079405E+00    -7.978076207E-01     6.249995231E-02
     1933     6.590033814E+00    -6.238668190E-01     6.249998280E-02
     1934     6.563956790E+00    -7.822468151E-01     6.249996234E-02
     1935     6.433978236E+00    -5.782930132E-01     6.249998970E-02
     1936     6.393241047E+00    -7.365466217E-01     6.249997251E-02
     1937     6.289507460E+00    -5.012778673E-01     6.250005005E-02
     1938     6.229558422E+00    -6.646836048E-01     6.250002370E-02
     1939     3.731925032E-01     9.107575380E-01     6.249993557E-02
     1940     5.419801117E-01     8.256210757E-01     6.249993450E-02
     1941     2.085277935E-01     9.619085398E-01     6.249989044E-02
     1942     4.575120071E-02     9.831880811E-01     6.249974890E-02
     1943    -1.155379391E-01     9.774471414E-01     6.249965460E-02
     1944    -2.734914055E-01     9.454916321E-01     6.249943699E-02
     1945    -4.276360215E-01     8.864983316E-01     6.249939184E-02
     1946    -5.733886524E-01     7.999859108E-01     6.250009513E-02
     1947    -7.091877654E-01     6.824988421E-01     6.250077024E-02
     1948    -8.260171775E-01     5.352079552E-01     6.250037762E-02
     1949    -9.118196931E-01     3.705897604E-01     6.250025044E-02
     1950    -9.657125373E-01     1.901346398E-01     6.249995124E-02
     1951    -9.842519685E-01    -7.177232578E-10     6.249993480E-02
     1952    -9.658743094E-01    -1.893113073E-01     6.250006596E-02
     1953    -9.112384559E-01    -3.720166393E-01     6.250039824E-02
     1954    -8.257339444E-01    -5.356448696E-01     6.250060797E-02
     1955    -7.127805794E-01    -6.787457085E-01     6.250092975E-02
     1956    -5.725366901E-01    -8.005958121E-01     6.250026860E-02
     1957    -4.212427377E-01    -8.895541199E-01     6.249884327E-02
     1958    -2.656486189E-01    -9.477250060E-01     6.249919746E-02
     1959    -1.060744094E-01    -9.785194039E-01     6.249960813E-02
     1960     5.289398712E-02    -9.828296760E-01     6.249983020E-02
     1961     2.120751756E-01    -9.611327230E-01     6.249986209E-02
     1962     3.731925032E-01    -9.107575380E-01     6.249993557E-02
     1963     5.415965844E-01    -8.257988552E-01     6.249993450E-02
     1964     7.202839455E-01    -7.492830829E-01     6.249993413E-02
     1965     9.058307782E-01    -6.810848152E-01     6.249993441E-02
     1966     1.096847690E+00    -6.204134577E-01     6.249993480E-02
     1967     1.288961331E+00    -5.674797898E-01     6.249993450E-02
     1968     1.480283656E+00    -5.216614990E-01     6.249993397E-02
     1969     1.672908576E+00    -4.816421067E-01     6.249993392E-02
     1970     1.866559189E+00    -4.469582075E-01     6.249993435E-02
     1971     2.061039715E+00    -4.172407344E-01     6.249993475E-02
     1972     2.256171552E+00    -3.922017504E-01     6.249993474E-02
     1973     2.451828684E+00    -3.716116756E-01     6.249993446E-02
     1974     2.651532531E+00    -3.550306077E-01     6.249993435E-02
     1975     2.855831345E+00    -3.425240086E-01     6.249993455E-02
     1976     3.059315937E+00    -3.344175973E-01     6.249993475E-02
     1977     3.262765008E+00    -3.305711320E-01     6.249993480E-02
     1978     3.466035858E+00    -3.309425366E-01     6.249993469E-02
     1979     3.668529611E+00    -3.355046412E-01     6.249993445E-02
     1980     3.869618465E+00    -3.442200331E-01     6.249993436E-02
     1981     4.069238570E+00    -3.570816826E-01     6.249993457E-02
     1982     4.267108310E+00    -3.740980648E-01     6.249993479E-02
     1983     4.463022814E+00    -3.953063754E-01     6.249993465E-02
     1984     4.658080910E+00    -4.209609773E-01     6.249993421E-02
     1985     4.852455328E+00    -4.513273718E-01     6.249993391E-02
     1986     5.045986194E+00    -4.867066681E-01     6.249993412E-02
     1987     5.238447658E+00    -5.274755012E-01     6.249993462E-02
     1988     5.430589936E+00    -5.743825887E-01     6.249993477E-02
     1989     5.626138384E+00    -6.293979320E-01     6.249993438E-02
     1990     5.815070999E+00    -6.907397815E-01     6.249993419E-02
     1991     5.995501594E+00    -7.584262692E-01     6.249993455E-02
     1992     6.174538250E+00    -8.366834263E-01     6.249993557E-02
     1993     6.347275104E+00    -9.215672419E-01     6.249994678E-02
     1994     6.535532454E+00    -9.715879881E-01     6.249993904E-02
     1995     6.723604524E+00    -9.837733475E-01     6.249993186E-02
     1996     6.910185176E+00    -9.599712539E-01     6.249993347E-02
     1997     7.092500052E+00    -8.994901821E-01     6.249994189E-02
     1998     7.260879149E+00    -8.038451519E-01     6.249996769E-02
     1999     7.404792112E+00    -6.796913172E-01     6.249991593E-02
     2000     7.521210699E+00    -5.316726200E-01     6.249991095E-02
     2001     7.606923433E+00    -3.651544808E-01     6.249993056E-02
     2002     7.660595032E+00    -1.798454331E-01     6.249993006E-02
     2003     7.677165354E+00    -3.614993933E-08     6.249993480E-02
     2004     7.660151009E+00     1.822191266E-01     6.249987543E-02
     2005     7.606499450E+00     3.662133246E-01     6.249993069E-02
     2006     7.518022694E+00     5.366060689E-01     6.249995023E-02
     2007     7.401095559E+00     6.835424842E-01     6.249990504E-02
     2008     7.257318777E+00     8.063487373E-01     6.249988033E-02
     2009     7.092132796E+00     8.996530101E-01     6.249996305E-02
     2010     6.908058073E+00     9.604502905E-01     6.249997025E-02
     2011     6.717364062E+00     9.839481993E-01     6.249994196E-02
     2012     6.529300140E+00     9.705578536E-01     6.249992104E-02
     2013     6.346584363E+00     9.213079568E-01     6.250002713E-02
     2014     6.174538250E+00     8.366834263E-01     6.249993557E-02
     2015     5.997218152E+00     7.591196099E-01     6.249993455E-02
     2016     5.815576876E+00     6.909163905E-01     6.249993418E-02
     2017     5.624338021E+00     6.288545339E-01     6.249993437E-02
     2018     5.431470873E+00     5.746132052E-01     6.249993477E-02
     2019     5.240577351E+00     5.279601534E-01     6.249993463E-02
     2020     5.048345132E+00     4.871715035E-01     6.249993412E-02
     2021     4.855048803E+00     4.517666095E-01     6.249993391E-02
     2022     4.659854004E+00     4.212157761E-01     6.249993421E-02
     2023     4.458969463E+00     3.948222278E-01     6.249993466E-02
     2024     4.259035019E+00     3.733185472E-01     6.249993479E-02
     2025     4.059892168E+00     3.563841708E-01     6.249993456E-02
     2026     3.860081101E+00     3.437113335E-01     6.249993436E-02
     2027     3.658829052E+00     3.351901963E-01     6.249993446E-02
     2028     3.456777121E+00     3.308341468E-01     6.249993470E-02
     2029     3.254148636E+00     3.306483158E-01     6.249993480E-02
     2030     3.051065843E+00     3.346630022E-01     6.249993475E-02
     2031     2.848188467E+00     3.429124071E-01     6.249993454E-02
     2032     2.646730828E+00     3.553781907E-01     6.249993434E-02
     2033     2.448457516E+00     3.719294864E-01     6.249993446E-02
     2034     2.252317698E+00     3.926519010E-01     6.249993474E-02
     2035     2.057415424E+00     4.177500753E-01     6.249993474E-02
     2036     1.863171652E+00     4.475200196E-01     6.249993434E-02
     2037     1.669753284E+00     4.822518129E-01     6.249993391E-02
     2038     1.477367911E+00     5.223126052E-01     6.249993398E-02
     2039     1.286280942E+00     5.681683208E-01     6.249993451E-02
     2040     1.093446300E+00     6.214196591E-01     6.249993479E-02
     2041     9.037018072E-01     6.818119167E-01     6.249993440E-02
     2042     7.206327188E-01     7.491450154E-01     6.249993412E-02
     2043     2.500000000E-01     6.123233996E-17     6.249994116E-02
     2044     2.306100744E-01     9.653495453E-02     6.249994040E-02
     2045     2.319791172E-01    -9.319703615E-02     6.249994040E-02
     2046     1.780106222E-01    -1.755340889E-01     6.249994039E-02
     2047     9.584377764E-02    -2.308981766E-01     6.249994039E-02
     2048    -1.753897713E-01    -1.781528161E-01     6.249994039E-02
     2049    -2.304675387E-01    -9.687473000E-02     6.249994039E-02
     2050    -2.500000000E-01    -2.040881486E-08     6.249994039E-02
     2051    -2.315449941E-01     9.427044188E-02     6.249994039E-02
     2052    -1.780646369E-01     1.754793171E-01     6.249994039E-02
     2053    -9.599786199E-02     2.308341568E-01     6.249994039E-02
     2054     1.771412928E-01     1.764113439E-01     6.249994039E-02
     2055    -9.375000000E-02     4.484999823E-01     6.249993557E-02
     2056    -6.630716281E-02     5.147753549E-01     6.249993480E-02
     2057    -1.108857567E-08     5.422500000E-01     6.249993480E-02
     2058     6.554201307E-02     5.155321254E-01     6.249993480E-02
     2059     9.375000000E-02     4.485000065E-01     6.249993480E-02
     2060     6.648133730E-02     3.823993751E-01     6.249993480E-02
     2061    -6.531692068E-02    -5.157515027E-01     6.249993480E-02
     2062     9.375000000E-02    -4.485000000E-01     6.249993480E-02
     2063     6.657751514E-02    -5.145037544E-01     6.249993480E-02
     2064     3.689484602E-09    -5.422500000E-01     6.249993480E-02
     2065    -2.903562303E-01    -5.721031389E-01     0.000000000E+00
     2066    -4.206011796E-01    -5.647007847E-01     0.000000000E+00
     2067    -3.412574546E-01    -4.185440909E-01     0.000000000E+00
     2068    -4.740645461E-01    -4.684549421E-01     0.000000000E+00
     2069    -1.765838991E-01    -4.849992462E-01     0.000000000E+00
     2070    -1.920032471E-01    -3.489998158E-01     0.000000000E+00
     2071     6.216918915E+00     3.889995725E-01     0.000000000E+00
     2072     6.209287135E+00     2.670547273E-01     0.000000000E+00
     2073    -9.375000116E-02    -4.484999822E-01     0.000000000E+00
     2074    -6.565836616E-02    -3.815818302E-01     0.000000000E+00
     2075    -4.099710418E-01    -2.857137315E-01     0.000000000E+00
     2076    -2.791254208E-01    -2.342067294E-01     0.000000000E+00
     2077    -5.445719313E-01    -3.452059498E-01     0.000000000E+00
     2078     5.730496172E+00     1.426382380E-01     0.000000000E+00
     2079     5.649900617E+00    -4.438784604E-02     0.000000000E+00
     2080     5.523789448E+00     2.850244720E-01     0.000000000E+00
     2081     5.460927259E+00     1.551712854E-02     0.000000000E+00
     2082     5.853412564E+00     2.946456418E-01     0.000000000E+00
     2083     5.726938318E+00     4.402124553E-01     0.000000000E+00
     2084     5.970833249E+00     1.819765238E-01     0.000000000E+00
     2085     5.887200594E+00     4.499357697E-02     0.000000000E+00
     2086     5.821145620E+00    -1.133122819E-01     0.000000000E+00
     2087     6.026242540E+00    -2.785769321E-02     0.000000000E+00
     2088     5.983798821E+00    -1.717100851E-01     0.000000000E+00
     2089     6.076379085E+00     9.505372848E-02     0.000000000E+00
     2090     6.136332351E+00     1.965047933E-01     0.000000000E+00
     2091     6.207481002E+00     1.319336830E-01     0.000000000E+00
     2092     6.239764249E+00     1.972869294E-01     0.000000000E+00
     2093     6.073336128E+00     2.951291462E-01     0.000000000E+00
     2094     5.990248045E+00     4.109486629E-01     0.000000000E+00
     2095     6.830474221E-01    -1.672328670E-01     0.000000000E+00
     2096     9.321041597E-01    -4.013594278E-01     0.000000000E+00
     2097     5.355821645E-01    -3.311113847E-01     0.000000000E+00
     2098     7.348061874E-01    -4.937216467E-01     0.000000000E+00
     2099     6.008983107E-01     6.079996360E-02     0.000000000E+00
     2100     9.029652718E-01     1.801509187E-01     0.000000000E+00
     2101     1.016409769E+00    -8.966176787E-02     0.000000000E+00
     2102     5.942179685E+00    -3.386100034E-01     0.000000000E+00
     2103     5.762561123E+00    -2.824110108E-01     0.000000000E+00
     2104    -1.110610312E-08    -3.547500000E-01     0.000000000E+00
     2105    -9.324078858E-02    -2.319615385E-01     0.000000000E+00
     2106     3.075837503E-02    -3.169201621E-01     0.000000000E+00
     2107     2.947450856E-08    -2.500000000E-01     0.000000000E+00
     2108     9.921797471E-02    -3.343898324E-01     0.000000000E+00
     2109     6.520867230E-02    -3.811435485E-01     0.000000000E+00
     2110     3.689444507E-09     3.547500000E-01     0.000000000E+00
     2111     9.388655898E-02     2.317009151E-01     0.000000000E+00
     2112    -3.031598042E-02     3.185203420E-01     0.000000000E+00
     2113    -9.866562243E-09     2.500000000E-01     0.000000000E+00
     2114    -9.698949744E-02     3.372917088E-01     0.000000000E+00
     2115    -6.478550997E-02     3.807364390E-01     0.000000000E+00
     2116     5.423800956E+00    -1.730386435E-01     0.000000000E+00
     2117     5.257050257E+00     1.538899070E-02     0.000000000E+00
     2118     5.291569690E+00    -1.397677222E-01     0.000000000E+00
     2119     5.588319977E+00    -2.236330245E-01     0.000000000E+00
     2120     1.289348205E+00    -3.766565952E-02     0.000000000E+00
     2121     1.211855069E+00     1.753919168E-01     0.000000000E+00
     2122     1.535138127E+00     5.504932661E-02     0.000000000E+00
     2123     1.388622045E+00     2.028355292E-01     0.000000000E+00
     2124    -6.186548391E-01    -2.054218636E-01     0.000000000E+00
     2125    -6.992987042E-01    -5.044325953E-02     0.000000000E+00
     2126    -4.780257849E-01    -1.460201485E-01     0.000000000E+00
     2127    -5.522213826E-01     4.582553489E-02     0.000000000E+00
     2128     5.174530293E+00    -2.644818838E-01     0.000000000E+00
     2129     5.020570478E+00    -1.102956271E-01     0.000000000E+00
     2130     5.339580043E+00    -3.387102004E-01     0.000000000E+00
     2131     5.514577988E+00    -3.972015389E-01     0.000000000E+00
     2132     5.696274255E+00    -4.558008277E-01     0.000000000E+00
     2133     5.879437522E+00    -5.162117135E-01     0.000000000E+00
     2134     4.858622434E-01     2.273257113E-01     0.000000000E+00
     2135     6.609231129E-01     3.464515328E-01     0.000000000E+00
     2136     1.163592937E+00    -3.347901678E-01     0.000000000E+00
     2137     1.387331364E+00    -2.790424119E-01     0.000000000E+00
     2138     1.607248627E+00    -2.231410735E-01     0.000000000E+00
     2139     1.829963436E+00    -1.779693030E-01     0.000000000E+00
     2140     1.777425451E+00     4.848332427E-02     0.000000000E+00
     2141     2.066388788E+00    -9.226503582E-02     0.000000000E+00
     2142     1.940992409E+00     6.641503616E-02     0.000000000E+00
     2143     6.524178101E+00     8.196907953E-01     0.000000000E+00
     2144     6.670529662E+00     8.290880166E-01     0.000000000E+00
     2145     6.536642720E+00     6.978890769E-01     0.000000000E+00
     2146     6.642297088E+00     7.218683507E-01     0.000000000E+00
     2147     6.408218582E+00     6.547303429E-01     0.000000000E+00
     2148     6.372301863E+00     7.766991142E-01     0.000000000E+00
     2149     6.223990902E+00     7.101814674E-01     0.000000000E+00
     2150     6.278373868E+00     5.919360011E-01     0.000000000E+00
     2151     6.065772087E+00     6.298756590E-01     0.000000000E+00
     2152     6.138422776E+00     5.060482685E-01     0.000000000E+00
     2153     5.900419920E+00     5.433155396E-01     0.000000000E+00
     2154     5.268501492E+00     2.598541983E-01     0.000000000E+00
     2155     5.044992683E+00     2.086101788E-01     0.000000000E+00
     2156     4.824302488E+00     1.723778580E-01     0.000000000E+00
     2157     4.765719988E+00    -1.245342739E-01     0.000000000E+00
     2158     4.610495990E+00     1.497809507E-01     0.000000000E+00
     2159     4.545325863E+00    -1.260519588E-01     0.000000000E+00
     2160     4.402605327E+00     1.352178806E-01     0.000000000E+00
     2161     4.337670739E+00    -1.232815559E-01     0.000000000E+00
     2162     4.199018717E+00     1.255027085E-01     0.000000000E+00
     2163     4.134887250E+00    -1.193685174E-01     0.000000000E+00
     2164     3.997493533E+00     1.189075058E-01     0.000000000E+00
     2165     3.933572828E+00    -1.156645228E-01     0.000000000E+00
     2166     3.796307598E+00     1.145282094E-01     0.000000000E+00
     2167     3.732207928E+00    -1.127856642E-01     0.000000000E+00
     2168     3.594595196E+00     1.119014731E-01     0.000000000E+00
     2169     3.530180690E+00    -1.110108380E-01     0.000000000E+00
     2170     3.392279201E+00     1.108409343E-01     0.000000000E+00
     2171     3.327492854E+00    -1.104327199E-01     0.000000000E+00
     2172     3.189475485E+00     1.113541257E-01     0.000000000E+00
     2173     3.124344807E+00    -1.109923512E-01     0.000000000E+00
     2174     2.986388840E+00     1.136430248E-01     0.000000000E+00
     2175     2.920799683E+00    -1.124252437E-01     0.000000000E+00
     2176     2.783339133E+00     1.181959108E-01     0.000000000E+00
     2177     2.716596088E+00    -1.142224995E-01     0.000000000E+00
     2178     2.580679763E+00     1.262726835E-01     0.000000000E+00
     2179     2.511230346E+00    -1.148063947E-01     0.000000000E+00
     2180     2.378326139E+00     1.407803817E-01     0.000000000E+00
     2181     2.299975203E+00    -1.106633883E-01     0.000000000E+00
     2182     2.176822486E+00     1.681102296E-01     0.000000000E+00
     2183     1.996159670E+00     2.243638473E-01     0.000000000E+00
     2184     1.812565183E+00     2.511523885E-01     0.000000000E+00
     2185     1.613286475E+00     2.847457772E-01     0.000000000E+00
     2186     1.429538997E+00     3.481415680E-01     0.000000000E+00
     2187     1.235714757E+00     3.770262405E-01     0.000000000E+00
     2188     1.010242719E+00     4.212537600E-01     0.000000000E+00
     2189     7.973671902E-01     5.085686732E-01     0.000000000E+00
     2190     6.142521412E-01     6.030500213E-01     0.000000000E+00
     2191     4.946017286E-01     4.690330722E-01     0.000000000E+00
     2192     4.515651344E-01     6.942184185E-01     0.000000000E+00
     2193     3.480972164E-01     5.733988322E-01     0.000000000E+00
     2194     3.097624469E-01     7.785484223E-01     0.000000000E+00
     2195     2.332736106E-01     6.725456954E-01     0.000000000E+00
     2196     1.831483007E-01     8.343586139E-01     0.000000000E+00
     2197     1.601668872E-01     7.443541649E-01     0.000000000E+00
     2198     5.244713903E-02     8.408802825E-01     0.000000000E+00
     2199     6.794540177E-02     7.227762226E-01     0.000000000E+00
     2200     1.148602809E-01     6.024547920E-01     0.000000000E+00
     2201    -1.257015814E-02     6.093994824E-01     0.000000000E+00
     2202    -4.649976681E-02     7.037774176E-01     0.000000000E+00
     2203    -8.350353489E-02     8.246211265E-01     0.000000000E+00
     2204    -2.183147655E-01     7.811789745E-01     0.000000000E+00
     2205    -1.594279697E-01     6.562496915E-01     0.000000000E+00
     2206    -3.457585714E-01     7.087938835E-01     0.000000000E+00
     2207    -2.586717141E-01     5.706143623E-01     0.000000000E+00
     2208    -4.633086046E-01     6.120556596E-01     0.000000000E+00
     2209    -3.481079847E-01     4.684043201E-01     0.000000000E+00
     2210    -5.664555047E-01     4.958612351E-01     0.000000000E+00
     2211    -4.276064127E-01     3.543066450E-01     0.000000000E+00
     2212    -6.552221640E-01     3.624004665E-01     0.000000000E+00
     2213    -4.970247375E-01     2.210615631E-01     0.000000000E+00
     2214    -7.306486375E-01     2.156049684E-01     0.000000000E+00
     2215    -8.095332011E-01     8.644512091E-02     0.000000000E+00
     2216    -8.756508323E-01    -1.173351771E-02     0.000000000E+00
     2217    -8.233194185E-01    -1.308825706E-01     0.000000000E+00
     2218    -7.578945785E-01    -2.800636854E-01     0.000000000E+00
     2219    -6.800523428E-01    -4.245477480E-01     0.000000000E+00
     2220    -5.903668477E-01    -5.533414140E-01     0.000000000E+00
     2221    -4.902578319E-01    -6.571582558E-01     0.000000000E+00
     2222    -3.598772720E-01    -7.256872448E-01     0.000000000E+00
     2223    -2.239147693E-01    -7.938831707E-01     0.000000000E+00
     2224    -1.688995568E-01    -6.693775585E-01     0.000000000E+00
     2225    -8.971506136E-02    -8.373168777E-01     0.000000000E+00
     2226    -5.568892558E-02    -7.238795939E-01     0.000000000E+00
     2227     3.555954403E-02    -8.537654827E-01     0.000000000E+00
     2228     2.838826507E-02    -7.633584222E-01     0.000000000E+00
     2229    -3.372573650E-01    -1.188432484E-01     0.000000000E+00
     2230    -3.657842233E-01     1.163904213E-02     0.000000000E+00
     2231    -3.451637665E-01     1.391984197E-01     0.000000000E+00
     2232    -2.940695595E-01     2.496586127E-01     0.000000000E+00
     2233    -2.318570323E-01     3.478596680E-01     0.000000000E+00
     2234    -1.692766087E-01     4.496107398E-01     0.000000000E+00
     2235    -1.077778554E-01     5.645660082E-01     0.000000000E+00
     2236     2.163491517E-01     4.636132738E-01     0.000000000E+00
     2237     3.638751963E-01     3.540229998E-01     0.000000000E+00
     2238     4.139634137E-01    -4.518028765E-01     0.000000000E+00
     2239     5.696267388E-01    -5.907152062E-01     0.000000000E+00
     2240     3.048228225E-01    -5.552835287E-01     0.000000000E+00
     2241     4.237041924E-01    -6.826753688E-01     0.000000000E+00
     2242     2.039854245E-01    -6.484230251E-01     0.000000000E+00
     2243     2.886624562E-01    -7.650017406E-01     0.000000000E+00
     2244     1.031359321E-01    -7.132617425E-01     0.000000000E+00
     2245     1.577183508E-01    -8.229209037E-01     0.000000000E+00
     2246    -1.046679982E-01    -5.781290980E-01     0.000000000E+00
     2247     1.259109531E-02    -6.269833268E-01     0.000000000E+00
     2248     1.206576324E-01    -5.637292729E-01     0.000000000E+00
     2249     2.597584747E-01     2.519247353E-01     0.000000000E+00
     2250     1.608294455E-01     3.318297969E-01     0.000000000E+00
     2251     3.373844488E-01     1.475847593E-01     0.000000000E+00
     2252     3.828325667E-01     2.089599835E-02     0.000000000E+00
     2253     3.804489660E-01    -1.148094843E-01     0.000000000E+00
     2254     3.270699643E-01    -2.375877333E-01     0.000000000E+00
     2255     2.527859529E-01    -3.412566925E-01     0.000000000E+00
     2256     1.784456204E-01    -4.444004368E-01     0.000000000E+00
     2257     6.145142978E+00    -3.824272285E-01     0.000000000E+00
     2258     6.062207870E+00    -5.809016127E-01     0.000000000E+00
     2259     6.144021259E+00    -2.054641037E-01     0.000000000E+00
     2260     6.159126368E+00    -7.481938909E-02     0.000000000E+00
     2261     6.180494410E+00     3.680859523E-02     0.000000000E+00
     2262     6.338580407E+00     4.881838865E-01     0.000000000E+00
     2263     6.449159877E+00     5.483116886E-01     0.000000000E+00
     2264     6.570688067E+00     5.923658199E-01     0.000000000E+00
     2265     6.724851293E+00     6.359580176E-01     0.000000000E+00
     2266     6.815758810E+00     7.890722526E-01     0.000000000E+00
     2267     6.886059763E+00     6.004758065E-01     0.000000000E+00
     2268     6.975984924E+00     7.384894840E-01     0.000000000E+00
     2269     7.019210867E+00     5.381766774E-01     0.000000000E+00
     2270     7.123942749E+00     6.610206517E-01     0.000000000E+00
     2271     7.135696815E+00     4.496286664E-01     0.000000000E+00
     2272     7.256862094E+00     5.552648022E-01     0.000000000E+00
     2273     7.243138455E+00     3.257612337E-01     0.000000000E+00
     2274     7.370944760E+00     4.245992767E-01     0.000000000E+00
     2275     7.346926762E+00     1.489041442E-01     0.000000000E+00
     2276     7.466945395E+00     2.784321506E-01     0.000000000E+00
     2277     7.512609173E+00     4.633873502E-02     0.000000000E+00
     2278     7.551554904E+00     1.681079652E-01     0.000000000E+00
     2279     7.332560727E+00    -4.308871188E-02     0.000000000E+00
     2280     7.484868478E+00    -1.144383023E-01     0.000000000E+00
     2281     7.292943983E+00    -2.007120946E-01     0.000000000E+00
     2282     7.435382488E+00    -2.773350763E-01     0.000000000E+00
     2283     7.223596010E+00    -3.435484116E-01     0.000000000E+00
     2284     7.357699284E+00    -4.311638350E-01     0.000000000E+00
     2285     7.122319431E+00    -4.738372439E-01     0.000000000E+00
     2286     7.252697627E+00    -5.708481460E-01     0.000000000E+00
     2287     6.968063099E+00    -6.095579449E-01     0.000000000E+00
     2288     7.131655671E+00    -6.935161545E-01     0.000000000E+00
     2289     6.911481217E+00    -7.901203264E-01     0.000000000E+00
     2290     7.045955406E+00    -7.997348315E-01     0.000000000E+00
     2291     6.763223047E+00    -6.355090282E-01     0.000000000E+00
     2292     6.739276078E+00    -7.978821687E-01     0.000000000E+00
     2293     6.589170099E+00    -6.237158850E-01     0.000000000E+00
     2294     6.562144022E+00    -7.819459484E-01     0.000000000E+00
     2295     6.433376430E+00    -5.780675017E-01     0.000000000E+00
     2296     6.391967138E+00    -7.360779272E-01     0.000000000E+00
     2297     6.289366458E+00    -5.012196174E-01     0.000000000E+00
     2298     6.229381310E+00    -6.646151704E-01     0.000000000E+00
     2299     3.731925055E-01     9.107575055E-01     0.000000000E+00
     2300     5.419761767E-01     8.256125527E-01     0.000000000E+00
     2301     2.055115984E-01     9.625574894E-01     0.000000000E+00
     2302     3.896293075E-02     9.834804663E-01     0.000000000E+00
     2303    -1.245740345E-01     9.763366466E-01     0.000000000E+00
     2304    -2.849094689E-01     9.421138636E-01     0.000000000E+00
     2305    -4.405254492E-01     8.801643404E-01     0.000000000E+00
     2306    -5.861240034E-01     7.907025927E-01     0.000000000E+00
     2307    -7.184524736E-01     6.727391624E-01     0.000000000E+00
     2308    -8.312119495E-01     5.271040054E-01     0.000000000E+00
     2309    -9.145114468E-01     3.638966215E-01     0.000000000E+00
     2310    -9.660443145E-01     1.884418210E-01     0.000000000E+00
     2311    -9.842519685E-01    -7.177231408E-10     0.000000000E+00
     2312    -9.667056777E-01    -1.850191079E-01     0.000000000E+00
     2313    -9.145150860E-01    -3.638874757E-01     0.000000000E+00
     2314    -8.323161353E-01    -5.253587236E-01     0.000000000E+00
     2315    -7.228875416E-01    -6.679712118E-01     0.000000000E+00
     2316    -5.873059013E-01    -7.898251172E-01     0.000000000E+00
     2317    -4.357609251E-01    -8.825329193E-01     0.000000000E+00
     2318    -2.774331266E-01    -9.443425214E-01     0.000000000E+00
     2319    -1.148453393E-01    -9.775287646E-01     0.000000000E+00
     2320     4.699483623E-02    -9.831294029E-01     0.000000000E+00
     2321     2.079140999E-01    -9.620414048E-01     0.000000000E+00
     2322     3.731925055E-01    -9.107575055E-01     0.000000000E+00
     2323     5.415926550E-01    -8.257903490E-01     0.000000000E+00
     2324     7.202780542E-01    -7.492681682E-01     0.000000000E+00
     2325     9.058270537E-01    -6.810738320E-01     0.000000000E+00
     2326     1.096847507E+00    -6.204127260E-01     0.000000000E+00
     2327     1.288963799E+00    -5.674892374E-01     0.000000000E+00
     2328     1.480287155E+00    -5.216769636E-01     0.000000000E+00
     2329     1.672911693E+00    -4.816579803E-01     0.000000000E+00
     2330     1.866561108E+00    -4.469694535E-01     0.000000000E+00
     2331     2.061040279E+00    -4.172443165E-01     0.000000000E+00
     2332     2.256171093E+00    -3.921972528E-01     0.000000000E+00
     2333     2.451827786E+00    -3.716013909E-01     0.000000000E+00
     2334     2.651531752E+00    -3.550187621E-01     0.000000000E+00
     2335     2.855830992E+00    -3.425154348E-01     0.000000000E+00
     2336     3.059315944E+00    -3.344149335E-01     0.000000000E+00
     2337     3.262765095E+00    -3.305709035E-01     0.000000000E+00
     2338     3.466036014E+00    -3.309374876E-01     0.000000000E+00
     2339     3.668530049E+00    -3.354943524E-01     0.000000000E+00
     2340     3.869619203E+00    -3.442082830E-01     0.000000000E+00
     2341     4.069239315E+00    -3.570732307E-01     0.000000000E+00
     2342     4.267108589E+00    -3.740963716E-01     0.000000000E+00
     2343     4.463022181E+00    -3.953126600E-01     0.000000000E+00
     2344     4.658079184E+00    -4.209738537E-01     0.000000000E+00
     2345     4.852452753E+00    -4.513433486E-01     0.000000000E+00
     2346     5.045983551E+00    -4.867207657E-01     0.000000000E+00
     2347     5.238446136E+00    -5.274828068E-01     0.000000000E+00
     2348     5.430590736E+00    -5.743801043E-01     0.000000000E+00
     2349     5.626142019E+00    -6.293864227E-01     0.000000000E+00
     2350     5.815076077E+00    -6.907256952E-01     0.000000000E+00
     2351     5.995504915E+00    -7.584184827E-01     0.000000000E+00
     2352     6.174538431E+00    -8.366834079E-01     0.000000000E+00
     2353     6.345180452E+00    -9.207788793E-01     0.000000000E+00
     2354     6.532562397E+00    -9.711022077E-01     0.000000000E+00
     2355     6.720773575E+00    -9.838575849E-01     0.000000000E+00
     2356     6.907711265E+00    -9.605278801E-01     0.000000000E+00
     2357     7.090156470E+00    -9.005275505E-01     0.000000000E+00
     2358     7.257722110E+00    -8.060664007E-01     0.000000000E+00
     2359     7.401108301E+00    -6.835290046E-01     0.000000000E+00
     2360     7.519589860E+00    -5.341890531E-01     0.000000000E+00
     2361     7.606184624E+00    -3.669980684E-01     0.000000000E+00
     2362     7.660283077E+00    -1.815153359E-01     0.000000000E+00
     2363     7.677165354E+00    -3.614993931E-08     0.000000000E+00
     2364     7.659456623E+00     1.858658329E-01     0.000000000E+00
     2365     7.604477722E+00     3.712174538E-01     0.000000000E+00
     2366     7.515894190E+00     5.398652916E-01     0.000000000E+00
     2367     7.398276076E+00     6.864513183E-01     0.000000000E+00
     2368     7.252247387E+00     8.098749366E-01     0.000000000E+00
     2369     7.086738080E+00     9.020277422E-01     0.000000000E+00
     2370     6.903042117E+00     9.615601146E-01     0.000000000E+00
     2371     6.713161259E+00     9.840436785E-01     0.000000000E+00
     2372     6.524749133E+00     9.697797284E-01     0.000000000E+00
     2373     6.341870032E+00     9.195218874E-01     0.000000000E+00
     2374     6.174538431E+00     8.366834079E-01     0.000000000E+00
     2375     5.997221441E+00     7.591119115E-01     0.000000000E+00
     2376     5.815582006E+00     6.909021707E-01     0.000000000E+00
     2377     5.624341680E+00     6.288429615E-01     0.000000000E+00
     2378     5.431471701E+00     5.746106445E-01     0.000000000E+00
     2379     5.240575880E+00     5.279672676E-01     0.000000000E+00
     2380     5.048342507E+00     4.871855389E-01     0.000000000E+00
     2381     4.855046236E+00     4.517825669E-01     0.000000000E+00
     2382     4.659852277E+00     4.212287310E-01     0.000000000E+00
     2383     4.458968866E+00     3.948283292E-01     0.000000000E+00
     2384     4.259035339E+00     3.733165429E-01     0.000000000E+00
     2385     4.059892934E+00     3.563754831E-01     0.000000000E+00
     2386     3.860081839E+00     3.436995775E-01     0.000000000E+00
     2387     3.658829488E+00     3.351800639E-01     0.000000000E+00
     2388     3.456777282E+00     3.308293788E-01     0.000000000E+00
     2389     3.254148738E+00     3.306481857E-01     0.000000000E+00
     2390     3.051065854E+00     3.346601178E-01     0.000000000E+00
     2391     2.848188112E+00     3.429036536E-01     0.000000000E+00
     2392     2.646730053E+00     3.553662895E-01     0.000000000E+00
     2393     2.448456634E+00     3.719192552E-01     0.000000000E+00
     2394     2.252317268E+00     3.926475473E-01     0.000000000E+00
     2395     2.057416023E+00     4.177537939E-01     0.000000000E+00
     2396     1.863173613E+00     4.475313922E-01     0.000000000E+00
     2397     1.669756430E+00     4.822677232E-01     0.000000000E+00
     2398     1.477371411E+00     5.223279820E-01     0.000000000E+00
     2399     1.286283396E+00     5.681776428E-01     0.000000000E+00
     2400     1.093446064E+00     6.214187074E-01     0.000000000E+00
     2401     9.036980486E-01     6.818008196E-01     0.000000000E+00
     2402     7.206268298E-01     7.491300958E-01     0.000000000E+00
     2403     2.499999970E-01     3.061616897E-17     0.000000000E+00
     2404     2.306113219E-01     9.653195447E-02     0.000000000E+00
     2405     2.319810836E-01    -9.319215026E-02     0.000000000E+00
     2406     1.780095119E-01    -1.755352206E-01     0.000000000E+00
     2407     9.584905945E-02    -2.308959891E-01     0.000000000E+00
     2408    -1.754019001E-01    -1.781408809E-01     0.000000000E+00
     2409    -2.304673955E-01    -9.687507210E-02     0.000000000E+00
     2410    -2.500000000E-01    -2.055454211E-08     0.000000000E+00
     2411    -2.315467016E-01     9.426624512E-02     0.000000000E+00
     2412    -1.780635516E-01     1.754804023E-01     0.000000000E+00
     2413    -9.600358908E-02     2.308317805E-01     0.000000000E+00
     2414     1.771454639E-01     1.764071558E-01     0.000000000E+00
     2415    -9.375000116E-02     4.484999822E-01     0.000000000E+00
     2416    -6.582972066E-02     5.152496096E-01     0.000000000E+00
     2417    -1.109364753E-08     5.422500000E-01     0.000000000E+00
     2418     6.542218296E-02     5.156490914E-01     0.000000000E+00
     2419     9.375000000E-02     4.485000063E-01     0.000000000E+00
     2420     6.615218136E-02     3.820699511E-01     0.000000000E+00
     2421    -6.500860057E-02    -5.160495696E-01     0.000000000E+00
     2422     9.375000000E-02    -4.484999937E-01     0.000000000E+00
     2423     6.632902090E-02    -5.147534790E-01     0.000000000E+00
     2424     3.689444507E-09    -5.422500000E-01     0.000000000E+00
     2425     2.450355303E-01     4.957407502E-02     3.750000000E-01
     2426     2.071748054E-01     1.399235506E-01     3.750000000E-01
     2427     1.377131988E-01     2.086506048E-01     3.750000000E-01
     2428     4.780007415E-02     2.453877603E-01     3.750000000E-01
     2429    -8.626592617E-02    -4.852049381E-01     0.000000000E+00
     2430    -3.504490056E-02    -5.354535361E-01     0.000000000E+00
     2431    -8.620528664E-02     4.116528691E-01     0.000000000E+00
     2432    -3.490149293E-02     3.614888036E-01     0.000000000E+00
     2433     2.451049065E-01     4.922991780E-02     0.000000000E+00
     2434     2.077532455E-01     1.390632553E-01     0.000000000E+00
     2435     1.383074087E-01     2.082571984E-01     0.000000000E+00
     2436     4.782661553E-02     2.453825887E-01     0.000000000E+00
     2437     6.287413386E+00    -2.434090294E-01     3.750000000E-01
     2438     6.287413386E+00    -1.454807896E-01     3.750000000E-01
     2439     6.287413386E+00    -4.785238598E-02     3.750000000E-01
     2440     6.287413386E+00     4.977601767E-02     3.750000000E-01
     2441     6.287413386E+00     1.474047139E-01     3.750000000E-01
     2442     6.287413386E+00     2.443711378E-01     3.750000000E-01
     2443     6.312416380E+00     3.243794516E-01     3.750000000E-01
     2444     6.371351613E+00     3.828812169E-01     3.750000000E-01
     2445     6.444314817E+00     4.338188005E-01     3.750000000E-01
     2446     6.535602213E+00     4.746084647E-01     3.750000000E-01
     2447     6.646730513E+00     4.978625737E-01     3.750000000E-01
     2448     6.768649654E+00     4.942307332E-01     3.750000000E-01
     2449     6.885179136E+00     4.615559353E-01     3.750000000E-01
     2450     6.984427060E+00     4.062262644E-01     3.750000000E-01
     2451     6.174538250E+00     8.366834263E-01     3.124996779E-02
     2452     6.174538250E+00     8.366834263E-01     9.374990336E-02
     2453     4.568519260E-01     8.667307501E-01     0.000000000E+00
     2454     6.307567409E-01     7.860971617E-01     0.000000000E+00
     2455     8.117627307E-01     7.143774946E-01     0.000000000E+00
     2456     9.982600520E-01     6.506284370E-01     0.000000000E+00
     2457     1.189623722E+00     5.939246015E-01     0.000000000E+00
     2458     1.381645770E+00     5.444953497E-01     0.000000000E+00
     2459     1.573419922E+00     5.016059461E-01     0.000000000E+00
     2460     1.766350027E+00     4.642589459E-01     0.000000000E+00
     2461     1.960202836E+00     4.320423258E-01     0.000000000E+00
     2462     2.154793441E+00     4.046321485E-01     0.000000000E+00
     2463     2.350329098E+00     3.817357704E-01     0.000000000E+00
     2464     2.547548487E+00     3.631052751E-01     0.000000000E+00
     2465     2.747425830E+00     3.485972463E-01     0.000000000E+00
     2466     2.949605338E+00     3.382489769E-01     0.000000000E+00
     2467     3.152596908E+00     3.321281024E-01     0.000000000E+00
     2468     3.355463475E+00     3.302168084E-01     0.000000000E+00
     2469     3.557814628E+00     3.324823914E-01     0.000000000E+00
     2470     3.759477908E+00     3.389141541E-01     0.000000000E+00
     2471     3.960020999E+00     3.495075025E-01     0.000000000E+00
     2472     4.159510342E+00     3.643026670E-01     0.000000000E+00
     2473     4.359063492E+00     3.835016435E-01     0.000000000E+00
     2474     4.559490344E+00     4.074212678E-01     0.000000000E+00
     2475     4.757544878E+00     4.358944965E-01     0.000000000E+00
     2476     4.951812730E+00     4.688375145E-01     0.000000000E+00
     2477     5.144607561E+00     5.068766566E-01     0.000000000E+00
     2478     5.336211266E+00     5.505211974E-01     0.000000000E+00
     2479     5.528156827E+00     6.008365455E-01     0.000000000E+00
     2480     5.720292464E+00     6.588527911E-01     0.000000000E+00
     2481     5.906814374E+00     7.239070046E-01     0.000000000E+00
     2482     6.086444691E+00     7.966049795E-01     0.000000000E+00
     2483     3.731925032E-01     9.107575380E-01     3.124996779E-02
     2484     3.731925032E-01     9.107575380E-01     9.374990336E-02
     2485     2.905089005E-01     9.404023162E-01     0.000000000E+00
     2486     1.226841131E-01     9.765759294E-01     0.000000000E+00
     2487    -4.295432238E-02     9.833142243E-01     0.000000000E+00
     2488    -2.054555538E-01     9.625694535E-01     0.000000000E+00
     2489    -3.640376230E-01     9.144553278E-01     0.000000000E+00
     2490    -5.152699540E-01     8.385993155E-01     0.000000000E+00
     2491    -6.549494552E-01     7.347061649E-01     0.000000000E+00
     2492    -7.782463336E-01     6.025650020E-01     0.000000000E+00
     2493    -8.766679569E-01     4.474429917E-01     0.000000000E+00
     2494    -9.443614719E-01     2.773686137E-01     0.000000000E+00
     2495    -9.796894804E-01     9.465970387E-02     0.000000000E+00
     2496     4.568519260E-01     8.667307501E-01     3.750000000E-01
     2497     6.307567409E-01     7.860971617E-01     3.750000000E-01
     2498     8.117627307E-01     7.143774946E-01     3.750000000E-01
     2499     9.982600520E-01     6.506284370E-01     3.750000000E-01
     2500     1.189623722E+00     5.939246015E-01     3.750000000E-01
     2501     1.381645770E+00     5.444953497E-01     3.750000000E-01
     2502     1.573419922E+00     5.016059461E-01     3.750000000E-01
     2503     1.766350027E+00     4.642589459E-01     3.750000000E-01
     2504     1.960202836E+00     4.320423258E-01     3.750000000E-01
     2505     2.154793441E+00     4.046321485E-01     3.750000000E-01
     2506     2.350329098E+00     3.817357704E-01     3.750000000E-01
     2507     2.547548487E+00     3.631052751E-01     3.750000000E-01
     2508     2.747425830E+00     3.485972463E-01     3.750000000E-01
     2509     2.949605338E+00     3.382489769E-01     3.750000000E-01
     2510     3.152596908E+00     3.321281024E-01     3.750000000E-01
     2511     3.355463475E+00     3.302168084E-01     3.750000000E-01
     2512     3.557814628E+00     3.324823914E-01     3.750000000E-01
     2513     3.759477908E+00     3.389141541E-01     3.750000000E-01
     2514     3.960020999E+00     3.495075025E-01     3.750000000E-01
     2515     4.159510342E+00     3.643026670E-01     3.750000000E-01
     2516     4.359063492E+00     3.835016435E-01     3.750000000E-01
     2517     4.559490344E+00     4.074212678E-01     3.750000000E-01
     2518     4.757544878E+00     4.358944965E-01     3.750000000E-01
     2519     4.951812730E+00     4.688375145E-01     3.750000000E-01
     2520     5.144607561E+00     5.068766566E-01     3.750000000E-01
     2521     5.336211266E+00     5.505211974E-01     3.750000000E-01
     2522     5.528156827E+00     6.008365455E-01     3.750000000E-01
     2523     5.720292464E+00     6.588527911E-01     3.750000000E-01
     2524     5.906814374E+00     7.239070046E-01     3.750000000E-01
     2525     6.086444691E+00     7.966049795E-01     3.750000000E-01
     2526     2.934683219E-01     9.394829863E-01     3.750000000E-01
     2527     1.325192083E-01     9.752900066E-01     3.750000000E-01
     2528    -2.701036647E-02     9.838812823E-01     3.750000000E-01
     2529    -1.847966687E-01     9.667482241E-01     3.750000000E-01
     2530    -3.394318986E-01     9.238711619E-01     3.750000000E-01
     2531    -4.892728917E-01     8.540280879E-01     3.750000000E-01
     2532    -6.327530882E-01     7.539068025E-01     3.750000000E-01
     2533    -7.638293028E-01     6.207388612E-01     3.750000000E-01
     2534    -8.688415175E-01     4.624568682E-01     3.750000000E-01
     2535    -9.417884607E-01     2.859832738E-01     3.750000000E-01
     2536    -9.795209436E-01     9.638806264E-02     3.750000000E-01
     2537     3.731925032E-01    -9.107575380E-01     3.124996779E-02
     2538     3.731925032E-01    -9.107575380E-01     9.374990336E-02
     2539     6.085596373E+00    -7.962345016E-01     0.000000000E+00
     2540     5.905696808E+00    -7.234879684E-01     0.000000000E+00
     2541     5.720932069E+00    -6.590602074E-01     0.000000000E+00
     2542     5.528623700E+00    -6.009677459E-01     0.000000000E+00
     2543     5.334707993E+00    -5.501543206E-01     0.000000000E+00
     2544     5.142363147E+00    -5.064011703E-01     0.000000000E+00
     2545     4.949336443E+00    -4.683846326E-01     0.000000000E+00
     2546     4.755360540E+00    -4.355530468E-01     0.000000000E+00
     2547     4.560625998E+00    -4.075705317E-01     0.000000000E+00
     2548     4.365124799E+00    -3.841556733E-01     0.000000000E+00
     2549     4.168220158E+00    -3.650475267E-01     0.000000000E+00
     2550     3.969463384E+00    -3.501110625E-01     0.000000000E+00
     2551     3.769097380E+00    -3.393260364E-01     0.000000000E+00
     2552     3.567294838E+00    -3.326910452E-01     0.000000000E+00
     2553     3.364401501E+00    -3.302288435E-01     0.000000000E+00
     2554     3.161030553E+00    -3.319652007E-01     0.000000000E+00
     2555     2.957552150E+00    -3.379294745E-01     0.000000000E+00
     2556     2.753647569E+00    -3.482145581E-01     0.000000000E+00
     2557     2.551634541E+00    -3.627651937E-01     0.000000000E+00
     2558     2.353942145E+00    -3.813548345E-01     0.000000000E+00
     2559     2.158532645E+00    -4.041515258E-01     0.000000000E+00
     2560     1.963708873E+00    -4.315058798E-01     0.000000000E+00
     2561     1.769621583E+00    -4.636724357E-01     0.000000000E+00
     2562     1.576455611E+00    -5.009748834E-01     0.000000000E+00
     2563     1.384444067E+00    -5.438250243E-01     0.000000000E+00
     2564     1.192667491E+00    -5.930857976E-01     0.000000000E+00
     2565     1.001022471E+00    -6.497510641E-01     0.000000000E+00
     2566     8.126425963E-01    -7.140543533E-01     0.000000000E+00
     2567     6.303899502E-01    -7.862540067E-01     0.000000000E+00
     2568     4.566631420E-01    -8.668258361E-01     0.000000000E+00
     2569     6.174538250E+00    -8.366834263E-01     3.124996779E-02
     2570     6.174538250E+00    -8.366834263E-01     9.374990336E-02
     2571     6.257822881E+00    -8.828636306E-01     0.000000000E+00
     2572     6.437628393E+00    -9.505690454E-01     0.000000000E+00
     2573     6.626361692E+00    -9.819993939E-01     0.000000000E+00
     2574     6.814801873E+00    -9.766755521E-01     0.000000000E+00
     2575     7.000400858E+00    -9.349884450E-01     0.000000000E+00
     2576     7.176252447E+00    -8.574003088E-01     0.000000000E+00
     2577     7.332357222E+00    -7.482402808E-01     0.000000000E+00
     2578     7.463973144E+00    -6.117342454E-01     0.000000000E+00
     2579     7.566894345E+00    -4.526689964E-01     0.000000000E+00
     2580     7.637796203E+00    -2.755873715E-01     0.000000000E+00
     2581     7.672935695E+00    -9.114938438E-02     0.000000000E+00
     2582     6.085596373E+00    -7.962345016E-01     3.750000000E-01
     2583     5.905696808E+00    -7.234879684E-01     3.750000000E-01
     2584     5.720932069E+00    -6.590602074E-01     3.750000000E-01
     2585     5.528623700E+00    -6.009677459E-01     3.750000000E-01
     2586     5.334707993E+00    -5.501543206E-01     3.750000000E-01
     2587     5.142363147E+00    -5.064011703E-01     3.750000000E-01
     2588     4.949336443E+00    -4.683846326E-01     3.750000000E-01
     2589     4.755360540E+00    -4.355530468E-01     3.750000000E-01
     2590     4.560625998E+00    -4.075705317E-01     3.750000000E-01
     2591     4.365124799E+00    -3.841556733E-01     3.750000000E-01
     2592     4.168220158E+00    -3.650475267E-01     3.750000000E-01
     2593     3.969463384E+00    -3.501110625E-01     3.750000000E-01
     2594     3.769097380E+00    -3.393260364E-01     3.750000000E-01
     2595     3.567294838E+00    -3.326910452E-01     3.750000000E-01
     2596     3.364401501E+00    -3.302288435E-01     3.750000000E-01
     2597     3.161030553E+00    -3.319652007E-01     3.750000000E-01
     2598     2.957552150E+00    -3.379294745E-01     3.750000000E-01
     2599     2.753647569E+00    -3.482145581E-01     3.750000000E-01
     2600     2.551634541E+00    -3.627651937E-01     3.750000000E-01
     2601     2.353942145E+00    -3.813548345E-01     3.750000000E-01
     2602     2.158532645E+00    -4.041515258E-01     3.750000000E-01
     2603     1.963708873E+00    -4.315058798E-01     3.750000000E-01
     2604     1.769621583E+00    -4.636724357E-01     3.750000000E-01
     2605     1.576455611E+00    -5.009748834E-01     3.750000000E-01
     2606     1.384444067E+00    -5.438250243E-01     3.750000000E-01
     2607     1.192667491E+00    -5.930857976E-01     3.750000000E-01
     2608     1.001022471E+00    -6.497510641E-01     3.750000000E-01
     2609     8.126425963E-01    -7.140543533E-01     3.750000000E-01
     2610     6.303899502E-01    -7.862540067E-01     3.750000000E-01
     2611     4.566631420E-01    -8.668258361E-01     3.750000000E-01
     2612     6.259853777E+00    -8.838615915E-01     3.750000000E-01
     2613     6.442762288E+00    -9.519329629E-01     3.750000000E-01
     2614     6.632279826E+00    -9.823825675E-01     3.750000000E-01
     2615     6.820233172E+00    -9.759823817E-01     3.750000000E-01
     2616     7.005360730E+00    -9.333426994E-01     3.750000000E-01
     2617     7.181871712E+00    -8.542082259E-01     3.750000000E-01
     2618     7.339276521E+00    -7.422712674E-01     3.750000000E-01
     2619     7.469096069E+00    -6.052209350E-01     3.750000000E-01
     2620     7.569162784E+00    -4.482621210E-01     3.750000000E-01
     2621     7.638818681E+00    -2.720571823E-01     3.750000000E-01
     2622     7.673091492E+00    -8.945846803E-02     3.750000000E-01
     2623     6.312416380E+00     3.243794516E-01     1.250000000E-01
     2624     6.371351613E+00     3.828812169E-01     1.250000000E-01
     2625     6.444314817E+00     4.338188003E-01     1.250000000E-01
     2626     6.535602213E+00     4.746084647E-01     1.250000000E-01
     2627     6.646730513E+00     4.978625737E-01     1.250000000E-01
     2628     6.768649654E+00     4.942307332E-01     1.250000000E-01
     2629     6.885179136E+00     4.615559353E-01     1.250000000E-01
     2630     6.984427060E+00     4.062262644E-01     1.250000000E-01
     2631     6.287413386E+00     2.925230760E-01     1.734612497E-01
     2632     6.287413386E+00     2.925230760E-01     2.623446269E-01
     2633     6.287413386E+00     2.925230760E-01     3.388833787E-01
     2634     6.287413386E+00    -2.427134096E-01     1.250000000E-01
     2635     6.287413386E+00    -1.438909268E-01     1.250000000E-01
     2636     6.287413386E+00    -4.640907717E-02     1.250000000E-01
     2637     6.287413386E+00     5.034438999E-02     1.250000000E-01
     2638     6.287413386E+00     1.470215086E-01     1.250000000E-01
     2639     6.287413386E+00     2.439686261E-01     1.250000000E-01
     2640     6.287413386E+00    -2.925230760E-01     1.734576247E-01
     2641     6.287413386E+00    -2.925230760E-01     2.623392519E-01
     2642     6.287413386E+00    -2.925230760E-01     3.388816287E-01
     2643    -4.880878778E-02     2.451891152E-01     3.750000000E-01
     2644    -1.392099044E-01     2.076550084E-01     3.750000000E-01
     2645    -2.080788667E-01     1.385755578E-01     3.750000000E-01
     2646    -2.452033637E-01     4.873715669E-02     3.750000000E-01
     2647    -2.450025306E-01    -4.973690774E-02     3.750000000E-01
     2648    -2.064121242E-01    -1.410462158E-01     3.750000000E-01
     2649    -1.363699616E-01    -2.095309848E-01     3.750000000E-01
     2650    -4.739270766E-02    -2.454667620E-01     3.750000000E-01
     2651     4.874808190E-02    -2.452011919E-01     3.750000000E-01
     2652     1.391546767E-01    -2.076920219E-01     3.750000000E-01
     2653     2.083640635E-01    -1.381463609E-01     3.750000000E-01
     2654     2.453041836E-01    -4.822714518E-02     3.750000000E-01
     2655     4.886719533E-02    -2.451774811E-01     0.000000000E+00
     2656     1.396990800E-01    -2.073262334E-01     0.000000000E+00
     2657     2.090888983E-01    -1.370468263E-01     0.000000000E+00
     2658     2.454539375E-01    -4.745908324E-02     0.000000000E+00
     2659    -2.450682016E-01    -4.941231176E-02     0.000000000E+00
     2660    -2.069625671E-01    -1.402372839E-01     0.000000000E+00
     2661    -1.369904717E-01    -2.091258250E-01     0.000000000E+00
     2662    -4.748480086E-02    -2.454489635E-01     0.000000000E+00
     2663    -4.894923812E-02     2.451611145E-01     0.000000000E+00
     2664    -1.398003690E-01     2.072579476E-01     0.000000000E+00
     2665    -2.087919412E-01     1.374988192E-01     0.000000000E+00
     2666    -2.453433078E-01     4.802771417E-02     0.000000000E+00
     2667    -3.557588603E-02     5.352376437E-01     0.000000000E+00
     2668    -8.648872768E-02     4.846768225E-01     0.000000000E+00
     2669     8.637821406E-02     4.849399044E-01     0.000000000E+00
     2670     3.531171516E-02     5.353455253E-01     0.000000000E+00
     2671     3.578579087E-02     3.618487469E-01     0.000000000E+00
     2672     8.657606459E-02     4.125326879E-01     0.000000000E+00
     2673     3.624674922E-02     3.620405548E-01     3.750000000E-01
     2674     8.676638291E-02     4.129942639E-01     3.750000000E-01
     2675     8.645638633E-02     4.847540448E-01     3.750000000E-01
     2676     3.549841453E-02     5.352693786E-01     3.750000000E-01
     2677    -3.624833906E-02     5.349587787E-01     3.750000000E-01
     2678    -8.676703643E-02     4.840041390E-01     3.750000000E-01
     2679    -3.546466416E-02    -3.617168214E-01     0.000000000E+00
     2680    -8.644227295E-02    -4.122123169E-01     0.000000000E+00
     2681     8.632026153E-02    -4.119230271E-01     0.000000000E+00
     2682     3.517381447E-02    -3.615985312E-01     0.000000000E+00
     2683     3.590124708E-02    -5.351034812E-01     0.000000000E+00
     2684     8.662392460E-02    -4.843518924E-01     0.000000000E+00
     2685     3.624647405E-02    -5.349595606E-01     3.750000000E-01
     2686     8.676626989E-02    -4.840060123E-01     3.750000000E-01
     2687     8.645629979E-02    -4.122457488E-01     3.750000000E-01
     2688     3.549820741E-02    -3.617305366E-01     3.750000000E-01
     2689    -3.624853747E-02    -3.620413045E-01     3.750000000E-01
     2690    -8.676711118E-02    -4.129960436E-01     3.750000000E-01
     2691     6.971416772E+00    -4.152539752E-01     3.750000000E-01
     2692     6.843480221E+00    -4.767909691E-01     3.750000000E-01
     2693     6.695949467E+00    -4.999907821E-01     3.750000000E-01
     2694     6.542665592E+00    -4.768916026E-01     3.750000000E-01
     2695     6.411248513E+00    -4.131160843E-01     3.750000000E-01
     2696     6.320219916E+00    -3.333160330E-01     3.750000000E-01
     2697     7.075875147E+00     3.214658445E-01     3.750000000E-01
     2698     7.149795457E+00     2.031225568E-01     3.750000000E-01
     2699     7.188054349E+00     6.953723022E-02     3.750000000E-01
     2700     7.188073232E+00    -6.940264354E-02     3.750000000E-01
     2701     7.149857441E+00    -2.029830801E-01     3.750000000E-01
     2702     7.075926388E+00    -3.214047916E-01     3.750000000E-01
     2703     7.076701825E+00     3.204784451E-01     1.250000000E-01
     2704     7.150860330E+00     2.007102294E-01     1.250000000E-01
     2705     7.188406540E+00     6.698159446E-02     1.250000000E-01
     2706     7.187725333E+00    -7.184105021E-02     1.250000000E-01
     2707     7.148823986E+00    -2.052937517E-01     1.250000000E-01
     2708     7.075090214E+00    -3.223986231E-01     1.250000000E-01
     2709     6.970760042E+00    -4.156936801E-01     1.250000000E-01
     2710     6.838290357E+00    -4.783989299E-01     1.250000000E-01
     2711     6.686019427E+00    -4.999524711E-01     1.250000000E-01
     2712     6.536214486E+00    -4.748109674E-01     1.250000000E-01
     2713     6.411083265E+00    -4.130033693E-01     1.250000000E-01
     2714     6.321081793E+00    -3.342772300E-01     1.250000000E-01
     2715    -9.798555770E-01    -9.292462387E-02     0.000000000E+00
     2716    -9.448525619E-01    -2.756910841E-01     0.000000000E+00
     2717    -8.771391394E-01    -4.465186084E-01     0.000000000E+00
     2718    -7.808643925E-01    -5.991683720E-01     0.000000000E+00
     2719    -6.579238619E-01    -7.320438030E-01     0.000000000E+00
     2720    -5.136293575E-01    -8.396051576E-01     0.000000000E+00
     2721    -3.579337167E-01    -9.168617082E-01     0.000000000E+00
     2722    -1.968398598E-01    -9.643681906E-01     0.000000000E+00
     2723    -3.404062983E-02    -9.836631400E-01     0.000000000E+00
     2724     1.278898642E-01    -9.759078441E-01     0.000000000E+00
     2725     2.916825897E-01    -9.400389377E-01     0.000000000E+00
     2726    -9.794306793E-01    -9.730098636E-02     3.750000000E-01
     2727    -9.410684776E-01    -2.883436457E-01     3.750000000E-01
     2728    -8.673762115E-01    -4.651993608E-01     3.750000000E-01
     2729    -7.640686455E-01    -6.204442299E-01     3.750000000E-01
     2730    -6.328682394E-01    -7.538101413E-01     3.750000000E-01
     2731    -4.838642802E-01    -8.571040169E-01     3.750000000E-01
     2732    -3.312601588E-01    -9.268325872E-01     3.750000000E-01
     2733    -1.760648258E-01    -9.683765356E-01     3.750000000E-01
     2734    -1.925840493E-02    -9.840635403E-01     3.750000000E-01
     2735     1.380042711E-01    -9.745289932E-01     3.750000000E-01
     2736     2.957657856E-01    -9.387622370E-01     3.750000000E-01
     2737     7.672728171E+00     9.335375403E-02     0.000000000E+00
     2738     7.636529209E+00     2.798948307E-01     0.000000000E+00
     2739     7.564275673E+00     4.576895266E-01     0.000000000E+00
     2740     7.460591916E+00     6.159720871E-01     0.000000000E+00
     2741     7.328265869E+00     7.517174734E-01     0.000000000E+00
     2742     7.171714920E+00     8.599424563E-01     0.000000000E+00
     2743     6.996353595E+00     9.363097654E-01     0.000000000E+00
     2744     6.808648958E+00     9.774237643E-01     0.000000000E+00
     2745     6.618612115E+00     9.814434566E-01     0.000000000E+00
     2746     6.432096214E+00     9.490660358E-01     0.000000000E+00
     2747     6.256235450E+00     8.820795418E-01     0.000000000E+00
     2748     7.673074299E+00     8.964664497E-02     3.750000000E-01
     2749     7.639085219E+00     2.711287494E-01     3.750000000E-01
     2750     7.568558321E+00     4.494417482E-01     3.750000000E-01
     2751     7.465523701E+00     6.097747441E-01     3.750000000E-01
     2752     7.336019270E+00     7.450951346E-01     3.750000000E-01
     2753     7.182282921E+00     8.539727136E-01     3.750000000E-01
     2754     7.006971390E+00     9.328019659E-01     3.750000000E-01
     2755     6.818042450E+00     9.762656681E-01     3.750000000E-01
     2756     6.627510951E+00     9.820766055E-01     3.750000000E-01
     2757     6.441503916E+00     9.516013956E-01     3.750000000E-01
     2758     6.260794011E+00     8.843216513E-01     3.750000000E-01
     2759     6.174538250E+00     8.366834263E-01     1.680406441E-01
     2760     6.174538250E+00     8.366834263E-01     2.527480644E-01
     2761     6.174538250E+00     8.366834263E-01     3.347073581E-01
     2762     3.731925032E-01     9.107575380E-01     1.690715197E-01
     2763     3.731925032E-01     9.107575380E-01     2.548099405E-01
     2764     3.731925032E-01     9.107575380E-01     3.357383587E-01
     2765     3.731925032E-01    -9.107575380E-01     1.690713947E-01
     2766     3.731925032E-01    -9.107575380E-01     2.548096905E-01
     2767     3.731925032E-01    -9.107575380E-01     3.357382337E-01
     2768     6.174538250E+00    -8.366834263E-01     1.681548942E-01
     2769     6.174538250E+00    -8.366834263E-01     2.529765645E-01
     2770     6.174538250E+00    -8.366834263E-01     3.348216082E-01
     2771    -8.645693236E-02     4.122472574E-01     3.750000000E-01
     2772    -3.549972932E-02     3.617311593E-01     3.750000000E-01
     2773    -8.645702904E-02    -4.847525121E-01     3.750000000E-01
     2774    -3.549994425E-02    -5.352687528E-01     3.750000000E-01
     2775     6.934113448E+00    -6.574594872E-02     0.000000000E+00
     2776     6.867649917E+00    -1.787935813E-01     0.000000000E+00
     2777     6.755887218E+00    -2.419386212E-01     0.000000000E+00
     2778     6.757833638E+00     2.414236130E-01     0.000000000E+00
     2779     6.870558988E+00     1.759034960E-01     0.000000000E+00
     2780     6.934653953E+00     6.372988409E-02     0.000000000E+00
     2781     6.620193810E+00    -2.391900149E-01     0.000000000E+00
     2782     6.504942580E+00    -1.648240766E-01     0.000000000E+00
     2783     6.449475665E+00    -5.690409565E-02     0.000000000E+00
     2784     6.450655907E+00     6.173583960E-02     0.000000000E+00
     2785     6.510191851E+00     1.706248536E-01     0.000000000E+00
     2786     6.622924941E+00     2.400033700E-01     0.000000000E+00
     2787     6.450045732E+00     5.928998849E-02     1.250000000E-01
     2788     6.504934509E+00     1.648148719E-01     1.250000000E-01
     2789     6.617838650E+00     2.384612841E-01     1.250000000E-01
     2790     6.934045141E+00    -6.599603426E-02     1.250000000E-01
     2791     6.867008050E+00    -1.794186387E-01     1.250000000E-01
     2792     6.755270863E+00    -2.420982137E-01     1.250000000E-01
     2793     6.758875492E+00     2.411410388E-01     1.250000000E-01
     2794     6.872824306E+00     1.735858892E-01     1.250000000E-01
     2795     6.935195884E+00     6.163757924E-02     1.250000000E-01
     2796     6.618262180E+00    -2.385942109E-01     1.250000000E-01
     2797     6.502781901E+00    -1.623268872E-01     1.250000000E-01
     2798     6.449187333E+00    -5.565618545E-02     1.250000000E-01
     2799     6.899281074E+00    -3.253980985E-01     1.249999985E-01
     2800     6.928691344E+00    -2.844174845E-01     9.374999979E-02
     2801     6.899474857E+00    -3.252649379E-01     6.249999972E-02
     2802     6.821192530E+00    -3.627066276E-01     1.249999985E-01
     2803     6.870064587E+00    -3.662455518E-01     9.374999990E-02
     2804     6.821395463E+00    -3.625805690E-01     6.249999983E-02
     2805     6.793042834E+00    -2.890024410E-01     1.249999985E-01
     2806     6.772523406E+00    -3.590416448E-01     9.374999992E-02
     2807     6.793445553E+00    -2.887774301E-01     6.249999951E-02
     2808     6.871131378E+00    -2.516939118E-01     1.249999985E-01
     2809     6.813965077E+00    -2.187384007E-01     9.374999959E-02
     2810     6.871524947E+00    -2.514617989E-01     6.249999940E-02
     2811     6.963683626E+00    -2.359021189E-01     1.249999985E-01
     2812     6.998823035E+00    -1.872457973E-01     9.374999981E-02
     2813     6.963830754E+00    -2.357611630E-01     6.249999966E-02
     2814     6.867329265E+00    -1.791063956E-01     6.249999939E-02
     2815     6.953430255E+00    -1.573093418E-01     1.249999985E-01
     2816     6.908135576E+00    -1.271983058E-01     9.374999981E-02
     2817     6.953528228E+00    -1.571346859E-01     6.249999966E-02
     2818     6.852829727E+00     3.587095456E-01     1.249999985E-01
     2819     6.808127572E+00     3.577677378E-01     9.375000435E-02
     2820     6.852516999E+00     3.588969209E-01     6.250000663E-02
     2821     6.920950456E+00     3.221428892E-01     1.249999985E-01
     2822     6.897219154E+00     3.598387288E-01     9.375000227E-02
     2823     6.920589061E+00     3.223964725E-01     6.250000479E-02
     2824     6.882354549E+00     2.498619191E-01     1.249999985E-01
     2825     6.944320363E+00     2.847006329E-01     9.375000251E-02
     2826     6.881663387E+00     2.503044141E-01     6.250001248E-02
     2827     6.814233821E+00     2.864285755E-01     1.249999985E-01
     2828     6.819697879E+00     2.154662205E-01     9.375000996E-02
     2829     6.813591324E+00     2.868048625E-01     6.250001432E-02
     2830     6.754933964E+00     3.618676241E-01     1.249999985E-01
     2831     6.701582009E+00     3.660842909E-01     9.375000306E-02
     2832     6.754775616E+00     3.619844046E-01     6.250000741E-02
     2833     6.758354728E+00     2.412828853E-01     6.250000996E-02
     2834     6.697238212E+00     3.080350488E-01     1.249999985E-01
     2835     6.692913378E+00     2.500000000E-01     9.375000000E-02
     2836     6.697257175E+00     3.080492421E-01     6.250000306E-02
     2837     6.964443518E+00     1.588161982E-01     1.249999985E-01
     2838     6.912001364E+00     1.204178471E-01     9.374998059E-02
     2839     6.963666676E+00     1.601996244E-01     6.249997186E-02
     2840     7.050919992E+00     1.591344125E-01     1.249999985E-01
     2841     7.016110986E+00     1.985991605E-01     9.374999126E-02
     2842     7.050502803E+00     1.598369391E-01     6.249998586E-02
     2843     7.072499447E+00     7.789313689E-02     1.249999985E-01
     2844     7.085311809E+00     1.203721911E-01     9.374999455E-02
     2845     7.072121342E+00     7.853802116E-02     6.249998679E-02
     2846     6.986022974E+00     7.757492256E-02     1.249999985E-01
     2847     7.059308981E+00     3.605896696E-02     9.374999211E-02
     2848     6.985285215E+00     7.890070645E-02     6.249997280E-02
     2849     7.051681446E+00    -1.851522240E-02     1.249999985E-01
     2850     7.051450876E+00    -1.811162266E-02     6.249999166E-02
     2851     6.993375051E+00    -3.635532920E-02     1.249999985E-01
     2852     7.043823341E+00    -7.268581202E-02     9.374999925E-02
     2853     6.993361628E+00    -3.633048282E-02     6.249999908E-02
     2854     6.942913386E+00    -6.610911491E-19     9.374999887E-02
     2855     6.934927179E+00     6.268431815E-02     6.249998021E-02
     2856     6.934079343E+00    -6.587094159E-02     6.249999943E-02
     2857     7.021313868E+00    -1.300097241E-01     1.249999985E-01
     2858     7.021332508E+00    -1.299218852E-01     6.249999931E-02
     2859     6.692913416E+00    -2.500000000E-01     9.375000000E-02
     2860     6.755579110E+00    -2.420186088E-01     6.249999959E-02
     2861     6.711581818E+00    -3.590127927E-01     1.249999985E-01
     2862     6.711717293E+00    -3.589466548E-01     6.250000054E-02
     2863     6.671838907E+00    -3.044565396E-01     1.249999985E-01
     2864     6.650775705E+00    -3.589178027E-01     9.375000061E-02
     2865     6.671850214E+00    -3.044612631E-01     6.250000062E-02
     2866     6.551254373E+00    -2.059920488E-01     9.375002260E-02
     2867     6.619227530E+00    -2.388941077E-01     6.250002260E-02
     2868     6.588544739E+00    -3.454065637E-01     1.249999985E-01
     2869     6.588892661E+00    -3.456424281E-01     6.250001004E-02
     2870     6.538373839E+00    -2.686588054E-01     1.249999985E-01
     2871     6.526661696E+00    -3.321311891E-01     9.375000940E-02
     2872     6.539543347E+00    -2.694628093E-01     6.250003202E-02
     2873     6.480635510E+00    -2.200730912E-01     1.249999985E-01
     2874     6.411185226E+00    -2.350020786E-01     9.375000681E-02
     2875     6.481805206E+00    -2.209194130E-01     6.250002953E-02
     2876     6.478324493E+00    -3.205355951E-01     1.249999985E-01
     2877     6.478886508E+00    -3.209362512E-01     6.250001491E-02
     2878     6.420586164E+00    -2.719498810E-01     1.249999985E-01
     2879     6.430549304E+00    -3.093406572E-01     9.375000544E-02
     2880     6.421148367E+00    -2.723928549E-01     6.250001242E-02
     2881     6.467973010E+00    -1.090954955E-01     9.374998772E-02
     2882     6.503858276E+00    -1.635792328E-01     6.250001031E-02
     2883     6.398313381E+00    -1.920911665E-01     1.249999985E-01
     2884     6.398806924E+00    -1.926645701E-01     6.250000131E-02
     2885     6.426736305E+00    -1.289863023E-01     1.249999985E-01
     2886     6.385935079E+00    -1.497536579E-01     9.374999435E-02
     2887     6.427172536E+00    -1.298624863E-01     6.249998209E-02
     2888     6.471619419E+00     1.163141449E-01     9.374987487E-02
     2889     6.450347733E+00     6.051366960E-02     6.249987487E-02
     2890     6.405086740E+00     3.633520234E-02     1.249999985E-01
     2891     6.442913386E+00    -1.133430836E-08     9.375000000E-02
     2892     6.405138204E+00     3.642038145E-02     6.249999244E-02
     2893     6.376672712E+00     1.386790518E-01     1.249999985E-01
     2894     6.367311559E+00     7.275559512E-02     9.374999244E-02
     2895     6.377007152E+00     1.392362260E-01     6.249995137E-02
     2896     6.428560570E+00     1.599423306E-01     1.249999985E-01
     2897     6.386368305E+00     2.051596827E-01     9.374995893E-02
     2898     6.429430065E+00     1.615299672E-01     6.249983380E-02
     2899     6.505610131E+00     2.533232625E-01     1.249999985E-01
     2900     6.462378138E+00     3.023634373E-01     9.375010148E-02
     2901     6.508657443E+00     2.554502935E-01     6.250039431E-02
     2902     6.551881416E+00     2.064218581E-01     9.375029283E-02
     2903     6.507541335E+00     1.677414766E-01     6.250016770E-02
     2904     6.423805772E+00     2.532119694E-01     1.249999985E-01
     2905     6.424940672E+00     2.543111505E-01     6.250006041E-02
     2906     6.350234410E+00    -2.919214979E-02     1.249999985E-01
     2907     6.365355768E+00    -6.156525097E-02     9.374999880E-02
     2908     6.350285164E+00    -2.923433234E-02     6.249999621E-02
     2909     6.351200586E+00     3.790001006E-02     1.249999985E-01
     2910     6.335163806E+00     3.138768844E-03     9.374999740E-02
     2911     6.351274779E+00     3.799435391E-02     6.249998984E-02
     2912     6.404120564E+00    -3.075695752E-02     1.249999985E-01
     2913     6.404148589E+00    -3.080830479E-02     6.249999881E-02
     2914     6.449330711E+00    -5.628037256E-02     6.249998772E-02
     2915     6.375553041E+00    -1.054838098E-01     1.249999985E-01
     2916     6.375737806E+00    -1.058350991E-01     6.249999318E-02
     2917     6.573388607E+00     2.833738677E-01     1.249999985E-01
     2918     6.597773706E+00     3.623131084E-01     9.375009315E-02
     2919     6.576274535E+00     2.853493594E-01     6.250038598E-02
     2920     6.488942198E+00     3.374633909E-01     1.249999985E-01
     2921     6.490302399E+00     3.384538351E-01     6.250016653E-02
     2922     6.556720673E+00     3.675139961E-01     1.249999985E-01
     2923     6.516866459E+00     3.735537888E-01     9.375006505E-02
     2924     6.557919491E+00     3.683529010E-01     6.250015820E-02
     2925     6.620379010E+00     2.392462419E-01     6.250029283E-02
     2926     6.649323105E+00     3.639537782E-01     1.249999985E-01
     2927     6.650032609E+00     3.644436210E-01     6.250009621E-02
     2928     6.871695363E+00     1.747484039E-01     6.249999056E-02
     2929     6.980456754E+00     2.413473012E-01     1.249999985E-01
     2930     6.979974595E+00     2.419524922E-01     6.249999378E-02
     2931     6.287410495E+00     1.954142116E-01     9.375000000E-02
     2932     6.287407584E+00     2.439686932E-01     6.249999962E-02
     2933     6.287410559E+00     2.925231076E-01     9.374999887E-02
     2934     6.313654834E+00     3.233102501E-01     6.249999962E-02
     2935     6.363000329E+00     2.793977719E-01     1.249999985E-01
     2936     6.339908717E+00     3.541026029E-01     9.375000000E-02
     2937     6.363276693E+00     2.798645137E-01     6.249995893E-02
     2938     6.336749357E+00     2.000509376E-01     1.249999985E-01
     2939     6.337029443E+00     2.005229567E-01     6.249995893E-02
     2940     6.287410495E+00     9.862884611E-02     9.375000000E-02
     2941     6.287407603E+00     1.470215491E-01     6.250000000E-02
     2942     6.327336740E+00     8.564962289E-02     1.249999985E-01
     2943     6.327385313E+00     8.573481835E-02     6.249999244E-02
     2944     6.287410495E+00     2.059947724E-03     9.375000000E-02
     2945     6.287407603E+00     5.034440384E-02     6.250000000E-02
     2946     6.311277231E+00     2.594777167E-03     1.249999985E-01
     2947     6.311297069E+00     2.603939400E-03     6.249999740E-02
     2948     6.287410495E+00    -9.487811483E-02     9.375000000E-02
     2949     6.287407603E+00    -4.640908993E-02     6.250000000E-02
     2950     6.326370564E+00    -7.819600413E-02     1.249999985E-01
     2951     6.326395698E+00    -7.824736167E-02     6.249999881E-02
     2952     6.287410495E+00    -1.929037783E-01     9.375000000E-02
     2953     6.287407603E+00    -1.438909664E-01     6.250000000E-02
     2954     6.336595862E+00    -1.711787324E-01     1.249999985E-01
     2955     6.336749711E+00    -1.714787038E-01     6.249999437E-02
     2956     6.287410559E+00    -2.925231076E-01     9.374999887E-02
     2957     6.287407584E+00    -2.427134764E-01     6.249999962E-02
     2958     6.349130989E+00    -2.636258437E-01     1.249999985E-01
     2959     6.349464797E+00    -2.638993426E-01     6.250000655E-02
     2960     6.359018659E+00    -3.721750155E-01     9.375000000E-02
     2961     6.323207883E+00    -3.323443448E-01     6.249999962E-02
     2962     6.394676510E+00    -3.406778156E-01     1.249999985E-01
     2963     6.394891454E+00    -3.408378570E-01     6.250000549E-02
     2964     6.468047277E+00    -4.465764728E-01     9.375000000E-02
     2965     6.413516198E+00    -4.093625720E-01     6.250000000E-02
     2966     6.497197721E+00    -3.892466958E-01     1.249999985E-01
     2967     6.497511252E+00    -3.894609661E-01     6.250000942E-02
     2968     6.607728172E+00    -4.926787428E-01     9.375000000E-02
     2969     6.537856125E+00    -4.696100547E-01     6.250000000E-02
     2970     6.629266343E+00    -4.258050287E-01     1.249999985E-01
     2971     6.629237534E+00    -4.257915168E-01     6.250000062E-02
     2972     6.764458822E+00    -4.948396126E-01     9.375000000E-02
     2973     6.686082414E+00    -4.937411802E-01     6.250000000E-02
     2974     6.768420055E+00    -4.269849392E-01     1.249999985E-01
     2975     6.768562173E+00    -4.268963182E-01     6.249999992E-02
     2976     6.908811290E+00    -4.509674674E-01     9.375000000E-02
     2977     6.836644212E+00    -4.728854608E-01     6.250000000E-02
     2978     6.889398374E+00    -4.086433076E-01     1.249999985E-01
     2979     6.889477502E+00    -4.085697116E-01     6.249999991E-02
     2980     7.027046759E+00    -3.719383956E-01     9.375000000E-02
     2981     6.967922725E+00    -4.114383171E-01     6.250000000E-02
     2982     6.977818025E+00    -3.282223368E-01     1.249999985E-01
     2983     6.977920079E+00    -3.281335434E-01     6.249999981E-02
     2984     7.115824587E+00    -2.666997106E-01     9.375000000E-02
     2985     7.071421130E+00    -3.193101304E-01     6.250000000E-02
     2986     7.057315817E+00    -2.270077579E-01     1.249999985E-01
     2987     7.057331805E+00    -2.269377500E-01     6.249999985E-02
     2988     7.172927467E+00    -1.398880031E-01     9.375000000E-02
     2989     7.144359017E+00    -2.032891913E-01     6.250000000E-02
     2990     7.108391088E+00    -1.063004886E-01     1.249999985E-01
     2991     7.108359720E+00    -1.062733265E-01     6.249999946E-02
     2992     7.192889557E+00    -2.400960621E-03     9.375000000E-02
     2993     7.182890526E+00    -7.114464962E-02     6.250000000E-02
     2994     7.126216856E+00     1.664095208E-02     1.249999985E-01
     2995     7.125981681E+00     1.701705425E-02     6.249999221E-02
     2996     7.174306929E+00     1.350642279E-01     9.375000000E-02
     2997     7.183580206E+00     6.632922817E-02     6.250000000E-02
     2998     7.129898871E+00     1.275862239E-01     1.249999985E-01
     2999     7.129719867E+00     1.278501951E-01     6.249999459E-02
     3000     7.118477565E+00     2.624455814E-01     9.375000000E-02
     3001     7.146375134E+00     1.987503638E-01     6.250000000E-02
     3002     7.067430481E+00     2.303076341E-01     1.249999985E-01
     3003     7.067158071E+00     2.307371078E-01     6.249999127E-02
     3004     7.027046764E+00     3.719383915E-01     9.375000000E-02
     3005     7.072747568E+00     3.171831111E-01     6.250000000E-02
     3006     6.985803034E+00     3.282405288E-01     1.249999985E-01
     3007     6.985564093E+00     3.283984955E-01     6.250000251E-02
     3008     6.938299557E+00     4.356257251E-01     9.375000000E-02
     3009     6.982663947E+00     4.037690840E-01     6.250000000E-02
     3010     6.917829796E+00     3.976973929E-01     1.249999985E-01
     3011     6.917688915E+00     3.977670610E-01     6.250000227E-02
     3012     6.829370501E+00     4.810042841E-01     9.375000000E-02
     3013     6.883834457E+00     4.582993819E-01     6.250000000E-02
     3014     6.818835533E+00     4.193427799E-01     1.249999985E-01
     3015     6.818662540E+00     4.194292419E-01     6.250000435E-02
     3016     6.706778602E+00     4.997957476E-01     9.375000000E-02
     3017     6.768084286E+00     4.903857575E-01     6.250000000E-02
     3018     6.704163249E+00     4.329391182E-01     1.249999985E-01
     3019     6.704197362E+00     4.329409202E-01     6.250000306E-02
     3020     6.587336618E+00     4.887186069E-01     9.375000000E-02
     3021     6.647051476E+00     4.942440973E-01     6.250000000E-02
     3022     6.592223601E+00     4.252849172E-01     1.249999985E-01
     3023     6.592886723E+00     4.257467981E-01     6.250009315E-02
     3024     6.485633117E+00     4.550067387E-01     9.375000000E-02
     3025     6.536461797E+00     4.718494593E-01     6.250000000E-02
     3026     6.501005011E+00     4.141049653E-01     1.249999985E-01
     3027     6.501494566E+00     4.144555622E-01     6.250006505E-02
     3028     6.405112031E+00     4.088635575E-01     9.375000000E-02
     3029     6.445357273E+00     4.319240442E-01     6.250000000E-02
     3030     6.433325062E+00     3.553046776E-01     1.249999985E-01
     3031     6.434165107E+00     3.559223172E-01     6.250010148E-02
     3032     6.372501128E+00     3.814756803E-01     6.250000000E-02
     3033     6.928921200E+00    -2.842612717E-01     3.124999981E-02
     3034     6.899668351E+00    -3.251312927E-01     0.000000000E+00
     3035     6.870222008E+00    -3.661349589E-01     3.124999991E-02
     3036     6.821598124E+00    -3.624539939E-01     0.000000000E+00
     3037     6.772771580E+00    -3.588996041E-01     3.124999992E-02
     3038     6.793847683E+00    -2.885514047E-01     0.000000000E+00
     3039     6.814521753E+00    -2.184294049E-01     3.124999959E-02
     3040     6.871917910E+00    -2.512287035E-01     0.000000000E+00
     3041     6.998887264E+00    -1.871198350E-01     3.124999985E-02
     3042     6.963977710E+00    -2.356199437E-01     0.000000000E+00
     3043     6.908267363E+00    -1.269750551E-01     3.124999981E-02
     3044     6.953626271E+00    -1.569601289E-01     0.000000000E+00
     3045     6.807772522E+00     3.579720639E-01     3.125000435E-02
     3046     6.852203361E+00     3.590828074E-01     0.000000000E+00
     3047     6.896947837E+00     3.600076644E-01     3.125000227E-02
     3048     6.920226159E+00     3.226483303E-01     0.000000000E+00
     3049     6.943867382E+00     2.850371383E-01     3.125000251E-02
     3050     6.880970013E+00     2.507438659E-01     0.000000000E+00
     3051     6.818766321E+00     2.160116632E-01     3.125000996E-02
     3052     6.812947215E+00     2.871783430E-01     0.000000000E+00
     3053     6.701620198E+00     3.661121643E-01     3.125000306E-02
     3054     6.754617103E+00     3.620998236E-01     0.000000000E+00
     3055     6.692913378E+00     2.500000000E-01     3.125000000E-02
     3056     6.697276401E+00     3.080629222E-01     0.000000000E+00
     3057     6.910952126E+00     1.223074319E-01     3.124998059E-02
     3058     6.962878275E+00     1.615764550E-01     0.000000000E+00
     3059     7.015594971E+00     1.994698510E-01     3.124999127E-02
     3060     7.050079728E+00     1.605360887E-01     0.000000000E+00
     3061     7.084987561E+00     1.209031768E-01     3.124999459E-02
     3062     7.071737833E+00     7.917983093E-02     0.000000000E+00
     3063     7.058871615E+00     3.681467528E-02     3.124999221E-02
     3064     6.984536380E+00     8.022019726E-02     0.000000000E+00
     3065     7.051216948E+00    -1.770990581E-02     0.000000000E+00
     3066     7.043796209E+00    -7.263620375E-02     3.124999946E-02
     3067     6.993347918E+00    -3.630572093E-02     0.000000000E+00
     3068     6.942913386E+00    -6.189343111E-17     3.124999962E-02
     3069     7.021350964E+00    -1.298341535E-01     0.000000000E+00
     3070     6.692913414E+00    -2.500000000E-01     3.125000000E-02
     3071     6.711852722E+00    -3.588799904E-01     0.000000000E+00
     3072     6.650798435E+00    -3.589270411E-01     3.125000062E-02
     3073     6.671861635E+00    -3.044657780E-01     0.000000000E+00
     3074     6.552924584E+00    -2.071307207E-01     3.125002260E-02
     3075     6.589242543E+00    -3.458751305E-01     0.000000000E+00
     3076     6.527336770E+00    -3.325905175E-01     3.125000942E-02
     3077     6.540719110E+00    -2.702567978E-01     0.000000000E+00
     3078     6.411860776E+00    -2.355462137E-01     3.125000693E-02
     3079     6.482981256E+00    -2.217558903E-01     0.000000000E+00
     3080     6.479451658E+00    -3.213320100E-01     0.000000000E+00
     3081     6.431001395E+00    -3.096777437E-01     3.125000549E-02
     3082     6.421713804E+00    -2.728311025E-01     0.000000000E+00
     3083     6.468534870E+00    -1.102464580E-01     3.124998772E-02
     3084     6.399303943E+00    -1.932342753E-01     0.000000000E+00
     3085     6.386250092E+00    -1.503526317E-01     3.124999437E-02
     3086     6.427613175E+00    -1.307362349E-01     0.000000000E+00
     3087     6.472803482E+00     1.185395722E-01     3.124987487E-02
     3088     6.442913386E+00    -1.689822160E-08     3.125000000E-02
     3089     6.405190602E+00     3.650491206E-02     0.000000000E+00
     3090     6.367415421E+00     7.292531041E-02     3.124999244E-02
     3091     6.377347575E+00     1.397891936E-01     0.000000000E+00
     3092     6.386939306E+00     2.061001092E-01     3.124995893E-02
     3093     6.430315618E+00     1.631081552E-01     0.000000000E+00
     3094     6.464093547E+00     3.035993630E-01     3.125010148E-02
     3095     6.511745362E+00     2.575105225E-01     0.000000000E+00
     3096     6.556301505E+00     2.093733363E-01     3.125029283E-02
     3097     6.426092181E+00     2.553883217E-01     0.000000000E+00
     3098     6.365412115E+00    -6.166779295E-02     3.124999881E-02
     3099     6.350336582E+00    -2.927651336E-02     0.000000000E+00
     3100     6.335209631E+00     3.156947256E-03     3.124999740E-02
     3101     6.351350273E+00     3.808790376E-02     0.000000000E+00
     3102     6.404176911E+00    -3.085950506E-02     0.000000000E+00
     3103     6.375924400E+00    -1.061853255E-01     0.000000000E+00
     3104     6.599164075E+00     3.632489565E-01     3.125009315E-02
     3105     6.579198798E+00     2.872610501E-01     0.000000000E+00
     3106     6.491681116E+00     3.394145136E-01     0.000000000E+00
     3107     6.517889968E+00     3.742689856E-01     3.125006505E-02
     3108     6.559134552E+00     3.691650411E-01     0.000000000E+00
     3109     6.650751664E+00     3.649174997E-01     0.000000000E+00
     3110     6.979487758E+00     2.425544971E-01     0.000000000E+00
     3111     6.287404712E+00     1.954142654E-01     3.125000000E-02
     3112     6.287401698E+00     2.439687603E-01     0.000000000E+00
     3113     6.287404570E+00     2.925231881E-01     3.124999962E-02
     3114     6.313645227E+00     3.233050398E-01     0.000000000E+00
     3115     6.339895492E+00     3.540921018E-01     3.125000000E-02
     3116     6.363558105E+00     2.803276973E-01     0.000000000E+00
     3117     6.337314576E+00     2.009914178E-01     0.000000000E+00
     3118     6.287404712E+00     9.862887324E-02     3.125000000E-02
     3119     6.287401821E+00     1.470215895E-01     0.000000000E+00
     3120     6.327434820E+00     8.581936530E-02     0.000000000E+00
     3121     6.287404712E+00     2.059948291E-03     3.125000000E-02
     3122     6.287401821E+00     5.034441769E-02     0.000000000E+00
     3123     6.311317274E+00     2.612956147E-03     0.000000000E+00
     3124     6.287404712E+00    -9.487814093E-02     3.125000000E-02
     3125     6.287401821E+00    -4.640910270E-02     0.000000000E+00
     3126     6.326421129E+00    -7.829857221E-02     0.000000000E+00
     3127     6.287404712E+00    -1.929038314E-01     3.125000000E-02
     3128     6.287401821E+00    -1.438910059E-01     0.000000000E+00
     3129     6.336905092E+00    -1.717777592E-01     0.000000000E+00
     3130     6.287404570E+00    -2.925231881E-01     3.124999962E-02
     3131     6.287401698E+00    -2.427135431E-01     0.000000000E+00
     3132     6.349800548E+00    -2.641700591E-01     0.000000000E+00
     3133     6.358997745E+00    -3.721560680E-01     3.125000000E-02
     3134     6.323194432E+00    -3.323349113E-01     0.000000000E+00
     3135     6.395107687E+00    -3.409959547E-01     0.000000000E+00
     3136     6.468001110E+00    -4.465427316E-01     3.125000000E-02
     3137     6.413482657E+00    -4.093362277E-01     0.000000000E+00
     3138     6.497826628E+00    -3.896722830E-01     0.000000000E+00
     3139     6.607647939E+00    -4.926422718E-01     3.125000000E-02
     3140     6.537792924E+00    -4.695749487E-01     0.000000000E+00
     3141     6.629208840E+00    -4.257777962E-01     0.000000000E+00
     3142     6.764494722E+00    -4.948040935E-01     3.125000000E-02
     3143     6.686060248E+00    -4.937051851E-01     0.000000000E+00
     3144     6.768704129E+00    -4.268073793E-01     0.000000000E+00
     3145     6.908812014E+00    -4.509306697E-01     3.125000000E-02
     3146     6.836662524E+00    -4.728493024E-01     0.000000000E+00
     3147     6.889556519E+00    -4.084959170E-01     0.000000000E+00
     3148     7.027020836E+00    -3.719167356E-01     3.125000000E-02
     3149     6.967910125E+00    -4.114090882E-01     0.000000000E+00
     3150     6.978021957E+00    -3.280444639E-01     0.000000000E+00
     3151     7.115792339E+00    -2.666856797E-01     3.125000000E-02
     3152     7.071392044E+00    -3.192922849E-01     0.000000000E+00
     3153     7.057347798E+00    -2.268677647E-01     0.000000000E+00
     3154     7.172891675E+00    -1.398833718E-01     3.125000000E-02
     3155     7.144324997E+00    -2.032798602E-01     0.000000000E+00
     3156     7.108328163E+00    -1.062462490E-01     0.000000000E+00
     3157     7.192853404E+00    -2.406262999E-03     3.125000000E-02
     3158     7.182854553E+00    -7.114498516E-02     0.000000000E+00
     3159     7.125743337E+00     1.739135803E-02     0.000000000E+00
     3160     7.174270934E+00     1.350599085E-01     3.125000000E-02
     3161     7.183544132E+00     6.632441729E-02     0.000000000E+00
     3162     7.129538629E+00     1.281128902E-01     0.000000000E+00
     3163     7.118445107E+00     2.624317375E-01     3.125000000E-02
     3164     7.146340908E+00     1.987412822E-01     0.000000000E+00
     3165     7.066882007E+00     2.311644807E-01     0.000000000E+00
     3166     7.027020837E+00     3.719167342E-01     3.125000000E-02
     3167     7.072718376E+00     3.171653605E-01     0.000000000E+00
     3168     6.985324127E+00     3.285553770E-01     0.000000000E+00
     3169     6.938288631E+00     4.355954852E-01     3.125000000E-02
     3170     6.982645521E+00     4.037431353E-01     0.000000000E+00
     3171     6.917547553E+00     3.978360886E-01     0.000000000E+00
     3172     6.829379138E+00     4.809720334E-01     3.125000000E-02
     3173     6.883833312E+00     4.582681366E-01     0.000000000E+00
     3174     6.818489120E+00     4.195148554E-01     0.000000000E+00
     3175     6.706808902E+00     4.997709650E-01     3.125000000E-02
     3176     6.768103754E+00     4.903572409E-01     0.000000000E+00
     3177     6.704231738E+00     4.329422091E-01     0.000000000E+00
     3178     6.587281781E+00     4.886910697E-01     3.125000000E-02
     3179     6.647039207E+00     4.942179374E-01     0.000000000E+00
     3180     6.593559134E+00     4.261932281E-01     0.000000000E+00
     3181     6.485595672E+00     4.549814218E-01     3.125000000E-02
     3182     6.536415656E+00     4.718230323E-01     0.000000000E+00
     3183     6.501991074E+00     4.147948453E-01     0.000000000E+00
     3184     6.405088274E+00     4.088444590E-01     3.125000000E-02
     3185     6.445326672E+00     4.319018365E-01     0.000000000E+00
     3186     6.435016714E+00     3.565215048E-01     0.000000000E+00
     3187     6.372482637E+00     3.814608805E-01     0.000000000E+00
     3188    -3.427932491E-01    -5.775066546E-01     3.750000046E-01
     3189    -2.792001063E-01    -5.790890930E-01     3.350512509E-01
     3190    -3.428368434E-01    -5.774656111E-01     2.951304070E-01
     3191    -4.347861436E-01    -5.277618762E-01     3.750000046E-01
     3192    -4.064299861E-01    -5.758831727E-01     3.350791566E-01
     3193    -4.348462940E-01    -5.277007171E-01     2.951059782E-01
     3194    -3.984551133E-01    -4.526062981E-01     3.750000046E-01
     3195    -4.632024514E-01    -4.795794206E-01     3.350268219E-01
     3196    -3.985277290E-01    -4.525305975E-01     2.949970151E-01
     3197    -3.064622187E-01    -5.023510765E-01     3.750000046E-01
     3198    -3.337803909E-01    -4.255574750E-01     3.349701935E-01
     3199    -3.065182784E-01    -5.022954915E-01     2.950214439E-01
     3200    -2.256059859E-01    -5.335362691E-01     3.750000046E-01
     3201    -1.720395870E-01    -4.879579499E-01     3.349182666E-01
     3202    -2.256337074E-01    -5.335107737E-01     2.949695163E-01
     3203    -2.613316214E-01    -3.889016652E-01     3.750000046E-01
     3204    -2.613925522E-01    -3.888390190E-01     2.948561695E-01
     3205    -1.804753886E-01    -4.200868578E-01     3.750000046E-01
     3206    -1.889437827E-01    -3.521832092E-01     3.348859764E-01
     3207    -1.805079811E-01    -4.200543012E-01     2.948042419E-01
     3208     6.278459929E+00     3.715309970E-01     3.750000046E-01
     3209     6.217004086E+00     3.889658567E-01     3.375351634E-01
     3210     6.278459416E+00     3.715427114E-01     3.010259385E-01
     3211     6.339915293E+00     3.541078174E-01     3.384907756E-01
     3212     6.312416316E+00     3.243793766E-01     3.023741520E-01
     3213     6.248372000E+00     2.797335392E-01     3.750000046E-01
     3214     6.248371648E+00     2.797507522E-01     3.019780142E-01
     3215     6.213167487E+00     3.279490757E-01     3.750000046E-01
     3216     6.209330178E+00     2.669612197E-01     3.380946387E-01
     3217     6.213166777E+00     3.279780006E-01     3.006298007E-01
     3218    -1.278896602E-01    -3.674939760E-01     3.750000046E-01
     3219    -1.278978781E-01    -3.674551102E-01     2.947075802E-01
     3220    -6.684375531E-02    -3.827658774E-01     3.348216040E-01
     3221    -8.675904325E-02    -4.129763330E-01     2.946432099E-01
     3222    -1.328900719E-01    -4.682334046E-01     3.750000046E-01
     3223    -9.375000000E-02    -4.484999822E-01     3.348216082E-01
     3224    -1.328995157E-01    -4.682245275E-01     2.947398716E-01
     3225    -3.693980915E-01    -3.591308461E-01     3.750000046E-01
     3226    -3.695104220E-01    -3.590129376E-01     2.948872477E-01
     3227    -3.407056690E-01    -2.652555030E-01     3.750000046E-01
     3228    -4.051281227E-01    -2.925863087E-01     3.349170545E-01
     3229    -3.408836929E-01    -2.650717479E-01     2.947842297E-01
     3230    -2.326391989E-01    -2.950263221E-01     3.750000046E-01
     3231    -2.764612393E-01    -2.377409422E-01     3.348671755E-01
     3232    -2.327658231E-01    -2.948978293E-01     2.947531516E-01
     3233    -5.002658122E-01    -4.177447732E-01     3.750000046E-01
     3234    -5.003510301E-01    -4.176515928E-01     2.949955250E-01
     3235    -4.712087904E-01    -3.242693212E-01     3.750000046E-01
     3236    -5.374143908E-01    -3.558169455E-01     3.349687034E-01
     3237    -4.713337231E-01    -3.241339330E-01     2.948857576E-01
     3238     5.690221076E+00     4.879125653E-02     3.750000046E-01
     3239     5.730519974E+00     1.423101427E-01     3.361249522E-01
     3240     5.690220333E+00     4.888129972E-02     2.969587982E-01
     3241     5.555430961E+00    -1.463747677E-02     3.750000046E-01
     3242     5.649921435E+00    -4.463758647E-02     3.358338465E-01
     3243     5.555430309E+00    -1.458423962E-02     2.961330512E-01
     3244     5.492370521E+00     1.501474029E-01     3.750000046E-01
     3245     5.460939835E+00     1.541587008E-02     3.352992050E-01
     3246     5.492369906E+00     1.501814277E-01     2.956217293E-01
     3247     5.627160635E+00     2.135761362E-01     3.750000046E-01
     3248     5.523800592E+00     2.849129606E-01     3.353225246E-01
     3249     5.627159931E+00     2.136469671E-01     2.964474764E-01
     3250     5.791990952E+00     2.183208583E-01     3.750000046E-01
     3251     5.853460848E+00     2.944223841E-01     3.361930080E-01
     3252     5.791989870E+00     2.184116685E-01     2.973179596E-01
     3253     5.625382316E+00     3.624889120E-01     3.750000046E-01
     3254     5.625380750E+00     3.625287882E-01     2.958245365E-01
     3255     5.790212633E+00     3.672336341E-01     3.750000046E-01
     3256     5.726962474E+00     4.401047397E-01     3.355020122E-01
     3257     5.790210690E+00     3.672934897E-01     2.966950197E-01
     3258     5.929053130E+00     1.129677736E-01     3.750000046E-01
     3259     5.970878549E+00     1.816019998E-01     3.368943610E-01
     3260     5.929052665E+00     1.131136859E-01     2.986689357E-01
     3261     5.808873808E+00     9.332693288E-02     3.750000046E-01
     3262     5.887227246E+00     4.447945969E-02     3.367745754E-01
     3263     5.808873412E+00     9.346266952E-02     2.978995270E-01
     3264     5.912170274E+00     2.379616990E-01     3.750000046E-01
     3265     5.912169124E+00     2.380626849E-01     2.980873683E-01
     3266     5.854196266E+00    -3.470035857E-02     3.750000046E-01
     3267     5.854196355E+00    -3.455157989E-02     2.982257474E-01
     3268     5.735543534E+00    -7.923603492E-02     3.750000046E-01
     3269     5.821165376E+00    -1.137313981E-01     3.364511726E-01
     3270     5.735543277E+00    -7.913294970E-02     2.972850186E-01
     3271     6.005037468E+00    -1.005822495E-01     3.750000046E-01
     3272     6.026264266E+00    -2.862680362E-02     3.374532156E-01
     3273     6.005039189E+00    -1.003579343E-01     2.996013090E-01
     3274     5.902488103E+00    -1.431037654E-01     3.750000046E-01
     3275     5.983812392E+00    -1.723133802E-01     3.371480941E-01
     3276     5.902489664E+00    -1.429410130E-01     2.985992661E-01
     3277     5.956745631E+00     7.821157277E-03     3.750000046E-01
     3278     5.956745880E+00     8.031498793E-03     2.992277903E-01
     3279     6.051338196E+00     3.281137309E-02     3.750000046E-01
     3280     6.076412301E+00     9.447346094E-02     3.375728925E-01
     3281     6.051338371E+00     3.303528422E-02     3.000261074E-01
     3282     6.023645695E+00     1.379579894E-01     3.750000046E-01
     3283     6.023645156E+00     1.381174714E-01     2.994672528E-01
     3284     6.172854375E+00     2.315594230E-01     3.750000046E-01
     3285     6.136377972E+00     1.962227186E-01     3.377195764E-01
     3286     6.172853775E+00     2.316245153E-01     3.008142137E-01
     3287     6.224560566E+00     2.322149613E-01     3.750000046E-01
     3288     6.224560167E+00     2.322036766E-01     3.015632073E-01
     3289     6.223649633E+00     1.645659969E-01     3.750000046E-01
     3290     6.239790555E+00     1.974574183E-01     3.384685699E-01
     3291     6.223649366E+00     1.645790230E-01     3.017628468E-01
     3292     6.171943442E+00     1.639104586E-01     3.750000046E-01
     3293     6.207508444E+00     1.316876016E-01     3.382942776E-01
     3294     6.171942974E+00     1.639998617E-01     3.010138532E-01
     3295     6.022140654E+00     2.382140168E-01     3.750000046E-01
     3296     6.073401842E+00     2.949255779E-01     3.370874151E-01
     3297     6.022139737E+00     2.383135609E-01     2.989817753E-01
     3298     5.921896024E+00     3.525955105E-01     3.750000046E-01
     3299     5.921894323E+00     3.526585903E-01     2.975246625E-01
     3300     6.031866404E+00     3.528478284E-01     3.750000046E-01
     3301     5.990329499E+00     4.108317168E-01     3.363316552E-01
     3302     6.031864937E+00     3.529094663E-01     2.984190695E-01
     3303     8.074105955E-01    -2.845935128E-01     3.750000046E-01
     3304     6.828558929E-01    -1.675874667E-01     3.352009045E-01
     3305     8.074647862E-01    -2.844977432E-01     2.956342566E-01
     3306     8.333193269E-01    -4.477312334E-01     3.750000046E-01
     3307     9.320194887E-01    -4.015037893E-01     3.354333524E-01
     3308     8.333652653E-01    -4.476728076E-01     2.958440106E-01
     3309     6.349266951E-01    -4.127367487E-01     3.750000046E-01
     3310     7.346651034E-01    -4.939002517E-01     3.354106584E-01
     3311     6.350159123E-01    -4.126383408E-01     2.955865686E-01
     3312     6.090179637E-01    -2.495990281E-01     3.750000046E-01
     3313     5.352775040E-01    -3.314748377E-01     3.351759105E-01
     3314     6.091154332E-01    -2.494632763E-01     2.953768146E-01
     3315     7.518388157E-01     1.204328655E-01     3.750000046E-01
     3316     6.008004714E-01     6.074551173E-02     3.351284716E-01
     3317     7.518716794E-01     1.204481279E-01     2.954817858E-01
     3318     9.596165679E-01     4.518951477E-02     3.750000046E-01
     3319     9.029100237E-01     1.801354816E-01     3.353533147E-01
     3320     9.596414524E-01     4.520997905E-02     2.957533353E-01
     3321     8.495769576E-01    -1.287038703E-01     3.750000046E-01
     3322     1.016347997E+00    -8.973598779E-02     3.354000209E-01
     3323     8.496269319E-01    -1.286195842E-01     2.956009250E-01
     3324     6.417992054E-01    -5.346051959E-02     3.750000046E-01
     3325     6.418571589E-01    -5.338143539E-02     2.953293755E-01
     3326     5.852380337E+00    -3.109001712E-01     3.750000046E-01
     3327     5.942187068E+00    -3.390002874E-01     3.364846729E-01
     3328     5.852381182E+00    -3.107985615E-01     2.974478105E-01
     3329     5.791870072E+00    -1.982688379E-01     3.750000046E-01
     3330     5.762574450E+00    -2.826984453E-01     3.359631383E-01
     3331     5.791869754E+00    -1.981610055E-01     2.974143103E-01
     3332     5.962998368E+00    -2.557350987E-01     3.750000046E-01
     3333     5.963001092E+00    -2.555785689E-01     2.986327662E-01
     3334    -4.653335719E-02    -2.933907196E-01     3.750000046E-01
     3335    -1.106781148E-08    -3.547500000E-01     3.348216040E-01
     3336    -4.655965193E-02    -2.933801688E-01     2.946432099E-01
     3337    -9.309299887E-02    -2.320208904E-01     3.348216058E-01
     3338    -4.742052603E-02    -2.454613895E-01     2.946432117E-01
     3339     1.539831579E-02    -2.834938750E-01     3.750000046E-01
     3340     2.949897383E-08    -2.500000000E-01     3.348216058E-01
     3341     1.540195851E-02    -2.834904519E-01     2.946526873E-01
     3342     1.539829551E-02    -3.358688750E-01     3.750000046E-01
     3343     3.080024480E-02    -3.169843270E-01     3.348310815E-01
     3344     1.540193822E-02    -3.358654519E-01     2.946526855E-01
     3345     6.506881913E-02    -3.257977577E-01     3.750000046E-01
     3346     6.508421630E-02    -3.257832891E-01     2.946832278E-01
     3347     8.252556634E-02    -3.581201956E-01     3.750000046E-01
     3348     9.935279063E-02    -3.345967198E-01     3.348521463E-01
     3349     8.252615105E-02    -3.580981866E-01     2.946737503E-01
     3350     6.569893233E-02    -3.816216568E-01     3.348216040E-01
     3351     3.548371856E-02    -3.617246105E-01     2.946432081E-01
     3352     4.691821896E-02     2.932356098E-01     3.750000046E-01
     3353     3.689658899E-09     3.547500000E-01     3.348216040E-01
     3354     4.692580036E-02     2.932325431E-01     2.946432099E-01
     3355     9.384401439E-02     2.317181498E-01     3.348216058E-01
     3356     4.780810206E-02     2.453861964E-01     2.946432117E-01
     3357    -1.506033872E-02     2.844068392E-01     3.750000046E-01
     3358    -9.842095142E-09     2.500000000E-01     3.348216058E-01
     3359    -1.506425115E-02     2.844018304E-01     2.946492453E-01
     3360    -1.506033196E-02     3.367818392E-01     3.750000046E-01
     3361    -3.012458003E-02     3.188086696E-01     3.348276394E-01
     3362    -1.506424438E-02     3.367768304E-01     2.946492435E-01
     3363    -6.324277630E-02     3.285220547E-01     3.750000046E-01
     3364    -6.325921500E-02     3.285010096E-01     2.946685510E-01
     3365    -8.103866097E-02     3.599326785E-01     3.750000046E-01
     3366    -9.637741127E-02     3.382143946E-01     3.348409117E-01
     3367    -8.103348362E-02     3.598992569E-01     2.946625157E-01
     3368    -6.569473763E-02     3.816175363E-01     3.348216040E-01
     3369    -3.547676264E-02     3.617217665E-01     2.946432081E-01
     3370     5.442376064E+00    -7.887220347E-02     3.750000046E-01
     3371     5.442375758E+00    -7.884229998E-02     2.955761583E-01
     3372     5.357695455E+00    -1.564911496E-01     3.750000046E-01
     3373     5.423811987E+00    -1.731303735E-01     3.352769536E-01
     3374     5.357695647E+00    -1.564669156E-01     2.954506031E-01
     3375     5.274318272E+00    -6.225419320E-02     3.750000046E-01
     3376     5.291579115E+00    -1.398276917E-01     3.351736497E-01
     3377     5.274318878E+00    -6.223622183E-02     2.953058803E-01
     3378     5.358998881E+00     1.536475296E-02     3.750000046E-01
     3379     5.257058035E+00     1.533727663E-02     3.351322307E-01
     3380     5.358998989E+00     1.538839375E-02     2.954314355E-01
     3381     5.506073482E+00    -1.984890927E-01     3.750000046E-01
     3382     5.588334458E+00    -2.238079961E-01     3.355640370E-01
     3383     5.506072964E+00    -1.984492769E-01     2.958409903E-01
     3384     5.619128379E+00    -1.342543660E-01     3.750000046E-01
     3385     5.619127514E+00    -1.341912165E-01     2.963978832E-01
     3386     5.675454917E+00    -2.532871690E-01     3.750000046E-01
     3387     5.675453992E+00    -2.532192724E-01     2.965271749E-01
     3388     1.152830045E+00    -6.371888510E-02     3.750000046E-01
     3389     1.289328112E+00    -3.768029706E-02     3.354856177E-01
     3390     1.152846064E+00    -6.369739975E-02     2.958856384E-01
     3391     1.057362584E+00     1.777548422E-01     3.750000046E-01
     3392     1.057379411E+00     1.777609766E-01     2.958250573E-01
     3393     1.250576061E+00     6.884644232E-02     3.750000046E-01
     3394     1.211831972E+00     1.753803372E-01     3.354717428E-01
     3395     1.250584023E+00     6.885359779E-02     2.959573604E-01
     3396     1.412227653E+00     8.679023475E-03     3.750000046E-01
     3397     1.535131064E+00     5.504424102E-02     3.355005996E-01
     3398     1.412231523E+00     8.684920485E-03     2.959862173E-01
     3399     1.300218149E+00     1.891030257E-01     3.750000046E-01
     3400     1.300224174E+00     1.891046235E-01     2.959675145E-01
     3401     1.461869741E+00     1.289356068E-01     3.750000046E-01
     3402     1.388610351E+00     2.028273120E-01     3.354957718E-01
     3403     1.461871674E+00     1.289359462E-01     2.959963713E-01
     3404    -6.553256924E-01    -1.330604473E-01     3.750000046E-01
     3405    -6.146563684E-01    -2.131025402E-01     3.349289895E-01
     3406    -6.553662505E-01    -1.329935883E-01     2.948546350E-01
     3407    -6.225095121E-01    -2.593245329E-03     3.750000046E-01
     3408    -6.960355746E-01    -5.295149535E-02     3.349256456E-01
     3409    -6.225473831E-01    -2.552022789E-03     2.948397208E-01
     3410    -5.121180359E-01    -5.127442384E-02     3.750000046E-01
     3411    -5.490213206E-01     4.780622723E-02     3.349140753E-01
     3412    -5.121707095E-01    -5.119910044E-02     2.948067817E-01
     3413    -5.449342163E-01    -1.817416258E-01     3.750000046E-01
     3414    -4.752674249E-01    -1.502797515E-01     3.348927066E-01
     3415    -5.449895769E-01    -1.816406659E-01     2.948216959E-01
     3416    -5.759983891E-01    -2.845093837E-01     3.750000046E-01
     3417    -5.760723701E-01    -2.844101020E-01     2.948976927E-01
     3418    -4.401446176E-01    -2.215015633E-01     3.750000046E-01
     3419    -4.402509299E-01    -2.213644969E-01     2.948097608E-01
     3420     6.106395373E+00     1.452756915E-01     3.750000046E-01
     3421     6.106394900E+00     1.454204880E-01     3.002924680E-01
     3422     6.104890332E+00     2.455317189E-01     3.750000046E-01
     3423     6.104889482E+00     2.456165776E-01     2.998069905E-01
     3424     5.097554440E+00    -1.874194511E-01     3.750000046E-01
     3425     5.174536043E+00    -2.645126942E-01     3.350970725E-01
     3426     5.097556007E+00    -1.874065156E-01     2.951495657E-01
     3427     5.138815610E+00    -4.749443613E-02     3.750000046E-01
     3428     5.020574403E+00    -1.103132724E-01     3.350524933E-01
     3429     5.138816828E+00    -4.748155968E-02     2.951847239E-01
     3430     5.233057102E+00    -2.021792081E-01     3.750000046E-01
     3431     5.233058056E+00    -2.021611777E-01     2.952707221E-01
     3432     5.257060707E+00    -3.016446131E-01     3.750000046E-01
     3433     5.339586359E+00    -3.387589939E-01     3.351403801E-01
     3434     5.257061695E+00    -3.016270751E-01     2.952374525E-01
     3435     5.381699060E+00    -2.559565546E-01     3.750000046E-01
     3436     5.381699286E+00    -2.559328129E-01     2.954173335E-01
     3437     5.427085818E+00    -3.680367273E-01     3.750000046E-01
     3438     5.514585130E+00    -3.972925242E-01     3.352634644E-01
     3439     5.427085671E+00    -3.680147908E-01     2.954038443E-01
     3440     5.551460240E+00    -3.105692654E-01     3.750000046E-01
     3441     5.551459348E+00    -3.105312548E-01     2.958275011E-01
     3442     5.605433358E+00    -4.266359360E-01     3.750000046E-01
     3443     5.696280012E+00    -4.559483596E-01     3.354418888E-01
     3444     5.605431784E+00    -4.266049478E-01     2.957053529E-01
     3445     5.729428035E+00    -3.693538395E-01     3.750000046E-01
     3446     5.729426427E+00    -3.692929653E-01     2.964050267E-01
     3447     5.787860806E+00    -4.861997618E-01     3.750000046E-01
     3448     5.879439947E+00    -5.164071458E-01     3.356808880E-01
     3449     5.787859154E+00    -4.861557436E-01     2.961227763E-01
     3450     5.910813107E+00    -4.277460935E-01     3.750000046E-01
     3451     5.910813908E+00    -4.276613397E-01     2.971655601E-01
     3452     5.432302866E-01     1.441789126E-01     3.750000046E-01
     3453     5.432841539E-01     1.441440354E-01     2.952253103E-01
     3454     5.732491217E-01     2.871171775E-01     3.750000046E-01
     3455     4.857139691E-01     2.275774363E-01     3.350968392E-01
     3456     5.733051178E-01     2.870481397E-01     2.953832231E-01
     3457     7.818576508E-01     2.633711304E-01     3.750000046E-01
     3458     6.608402704E-01     3.465878809E-01     3.352863843E-01
     3459     7.818926433E-01     2.633522322E-01     2.956396986E-01
     3460     1.047780123E+00    -3.681826348E-01     3.750000046E-01
     3461     1.163562777E+00    -3.348233034E-01     3.354970972E-01
     3462     1.047802143E+00    -3.681444578E-01     2.959304495E-01
     3463     1.089946485E+00    -2.122929923E-01     3.750000046E-01
     3464     1.089964288E+00    -2.122662988E-01     2.958971179E-01
     3465     1.275438495E+00    -3.069430233E-01     3.750000046E-01
     3466     1.387320431E+00    -2.790459975E-01     3.355209340E-01
     3467     1.275444712E+00    -3.069262776E-01     2.960180310E-01
     3468     1.338322055E+00    -1.583689160E-01     3.750000046E-01
     3469     1.338326488E+00    -1.583573785E-01     2.960065516E-01
     3470     1.497282272E+00    -2.510981834E-01     3.750000046E-01
     3471     1.607244383E+00    -2.231394687E-01     3.355137784E-01
     3472     1.497282542E+00    -2.510872828E-01     2.960347123E-01
     3473     1.571187870E+00    -8.405024393E-02     3.750000046E-01
     3474     1.571187577E+00    -8.404498379E-02     2.960143780E-01
     3475     1.718603744E+00    -2.005571329E-01     3.750000046E-01
     3476     1.829961816E+00    -1.779677371E-01     3.354872684E-01
     3477     1.718602456E+00    -2.005500729E-01     2.960010468E-01
     3478     1.656277182E+00     5.176243533E-02     3.750000046E-01
     3479     1.656277064E+00     5.176320233E-02     2.959836070E-01
     3480     1.803693056E+00    -6.474445362E-02     3.750000046E-01
     3481     1.777423183E+00     4.848139664E-02     3.354830074E-01
     3482     1.803691943E+00    -6.474188681E-02     2.959702758E-01
     3483     1.948175553E+00    -1.351178597E-01     3.750000046E-01
     3484     2.066388433E+00    -9.226386163E-02     3.354488031E-01
     3485     1.948174697E+00    -1.351137390E-01     2.959360715E-01
     3486     1.859207741E+00     5.744774988E-02     3.750000046E-01
     3487     1.859206969E+00     5.744797023E-02     2.959432721E-01
     3488     2.003690238E+00    -1.292565619E-02     3.750000046E-01
     3489     1.940991528E+00     6.641432347E-02     3.354602648E-01
     3490     2.003689723E+00    -1.292388198E-02     2.959090678E-01
     3491     6.603667584E+00     8.249871924E-01     3.750000046E-01
     3492     6.530612280E+00     8.208822442E-01     3.354552186E-01
     3493     6.603645425E+00     8.249857843E-01     2.958325343E-01
     3494     6.661728175E+00     7.755555245E-01     3.750000046E-01
     3495     6.676700728E+00     8.290907325E-01     3.353773159E-01
     3496     6.661707944E+00     7.755558758E-01     2.962036190E-01
     3497     6.593778467E+00     7.103579154E-01     3.750000046E-01
     3498     6.646735390E+00     7.220206677E-01     3.358263033E-01
     3499     6.593763812E+00     7.103569749E-01     2.968812126E-01
     3500     6.535717876E+00     7.597895833E-01     3.750000046E-01
     3501     6.540806889E+00     6.986942225E-01     3.360549096E-01
     3502     6.535701293E+00     7.597868834E-01     2.965101279E-01
     3503     6.476364423E+00     6.773903131E-01     3.750000046E-01
     3504     6.476353309E+00     6.773878924E-01     2.973908304E-01
     3505     6.395168917E+00     7.175195534E-01     3.750000046E-01
     3506     6.411910843E+00     6.560839829E-01     3.363359213E-01
     3507     6.395156611E+00     7.175155870E-01     2.969097528E-01
     3508     6.454522370E+00     7.999188236E-01     3.750000046E-01
     3509     6.378414685E+00     7.789511574E-01     3.355738322E-01
     3510     6.454504595E+00     7.999145780E-01     2.960290503E-01
     3511     6.301451102E+00     7.446551895E-01     3.750000046E-01
     3512     6.224479054E+00     7.103578080E-01     3.356221897E-01
     3513     6.301442637E+00     7.446537759E-01     2.961960205E-01
     3514     6.345396205E+00     6.241002313E-01     3.750000046E-01
     3515     6.345390739E+00     6.241006323E-01     2.978444932E-01
     3516     6.251678390E+00     6.512358674E-01     3.750000046E-01
     3517     6.278876101E+00     5.921168807E-01     3.365085727E-01
     3518     6.251676766E+00     6.512388213E-01     2.971307609E-01
     3519     6.145169949E+00     6.701146503E-01     3.750000046E-01
     3520     6.065858771E+00     6.298800326E-01     3.356455931E-01
     3521     6.145167876E+00     6.701231903E-01     2.962677814E-01
     3522     6.208721951E+00     5.490749480E-01     3.750000046E-01
     3523     6.208720248E+00     5.490872176E-01     2.980528002E-01
     3524     6.102213510E+00     5.679537309E-01     3.750000046E-01
     3525     6.138566097E+00     5.060452850E-01     3.365442284E-01
     3526     6.102211359E+00     5.679715866E-01     2.971898207E-01
     3527     5.983162003E+00     5.865575977E-01     3.750000046E-01
     3528     5.900462307E+00     5.432585281E-01     3.355725672E-01
     3529     5.983159075E+00     5.865809630E-01     2.962181597E-01
     3530     6.064448715E+00     4.584209394E-01     3.750000046E-01
     3531     6.064446882E+00     4.584560624E-01     2.978758828E-01
     3532     5.945397208E+00     4.770248062E-01     3.750000046E-01
     3533     5.945394598E+00     4.770654387E-01     2.969042218E-01
     3534     5.813713817E+00     4.916629297E-01     3.750000046E-01
     3535     5.813710965E+00     4.917003381E-01     2.960745790E-01
     3536     5.396153481E+00     2.723547302E-01     3.750000046E-01
     3537     5.268506459E+00     2.598187387E-01     3.350369714E-01
     3538     5.396153570E+00     2.723769691E-01     2.953594958E-01
     3539     5.262781841E+00     1.375720802E-01     3.750000046E-01
     3540     5.262782653E+00     1.375839351E-01     2.951692020E-01
     3541     5.156750139E+00     2.342065026E-01     3.750000046E-01
     3542     5.044995353E+00     2.085969028E-01     3.349818393E-01
     3543     5.156751673E+00     2.342091389E-01     2.950188106E-01
     3544     5.032783908E+00     4.913998626E-02     3.750000046E-01
     3545     5.032785847E+00     4.914364408E-02     2.950343325E-01
     3546     4.934648753E+00     1.904856310E-01     3.750000046E-01
     3547     4.824304255E+00     1.723704629E-01     3.349952598E-01
     3548     4.934650855E+00     1.904817348E-01     2.949770990E-01
     3549     4.893147418E+00    -1.174302072E-01     3.750000046E-01
     3550     4.893149096E+00    -1.174230206E-01     2.950985444E-01
     3551     4.795012262E+00     2.391543751E-02     3.750000046E-01
     3552     4.765722111E+00    -1.245399554E-01     3.350460512E-01
     3553     4.795014103E+00     2.391507006E-02     2.950413109E-01
     3554     4.717399845E+00     1.610757531E-01     3.750000046E-01
     3555     4.610497136E+00     1.497758076E-01     3.350253416E-01
     3556     4.717401546E+00     1.610705174E-01     2.950206013E-01
     3557     4.655523999E+00    -1.252992621E-01     3.750000046E-01
     3558     4.655525275E+00    -1.252962074E-01     2.951155439E-01
     3559     4.577911582E+00     1.186105348E-02     3.750000046E-01
     3560     4.545327163E+00    -1.260555142E-01     3.350694927E-01
     3561     4.577912718E+00     1.185923986E-02     2.950948343E-01
     3562     4.506551047E+00     1.424973732E-01     3.750000046E-01
     3563     4.402605903E+00     1.352148311E-01     3.350565501E-01
     3564     4.506551992E+00     1.424932654E-01     2.950818916E-01
     3565     4.441498950E+00    -1.246699055E-01     3.750000046E-01
     3566     4.441499563E+00    -1.246699746E-01     2.951651785E-01
     3567     4.370138415E+00     5.966414256E-03     3.750000046E-01
     3568     4.337671350E+00    -1.232843659E-01     3.350956858E-01
     3569     4.370138838E+00     5.964050959E-03     2.951522359E-01
     3570     4.300812243E+00     1.303592513E-01     3.750000046E-01
     3571     4.199018814E+00     1.255016444E-01     3.350879047E-01
     3572     4.300812474E+00     1.303572241E-01     2.951444547E-01
     3573     4.236279330E+00    -1.213264491E-01     3.750000046E-01
     3574     4.236279350E+00    -1.213290839E-01     2.952195461E-01
     3575     4.166953158E+00     3.066388018E-03     3.750000046E-01
     3576     4.134887329E+00    -1.193711671E-01     3.351238603E-01
     3577     4.166952986E+00     3.064089309E-03     2.952117650E-01
     3578     4.098256230E+00     1.222046628E-01     3.750000046E-01
     3579     3.997493368E+00     1.189080890E-01     3.351201456E-01
     3580     4.098255953E+00     1.222050706E-01     2.952080502E-01
     3581     4.034230178E+00    -1.175170360E-01     3.750000046E-01
     3582     4.034229814E+00    -1.175211170E-01     2.952781064E-01
     3583     3.965533250E+00     1.621238732E-03     3.750000046E-01
     3584     3.933572663E+00    -1.156669860E-01     3.351542461E-01
     3585     3.965532781E+00     1.619864263E-03     2.952743916E-01
     3586     3.896900610E+00     1.167176871E-01     3.750000046E-01
     3587     3.796307382E+00     1.145298116E-01     3.351530558E-01
     3588     3.896900140E+00     1.167202135E-01     2.952732014E-01
     3589     3.832890430E+00    -1.142252642E-01     3.750000046E-01
     3590     3.832889976E+00    -1.142290966E-01     2.953400347E-01
     3591     3.764257790E+00     8.711840971E-04     3.750000046E-01
     3592     3.732207743E+00    -1.127873749E-01     3.351857886E-01
     3593     3.764257335E+00     8.712526182E-04     2.953388444E-01
     3594     3.695451416E+00     1.132147770E-01     3.750000046E-01
     3595     3.594595043E+00     1.119031852E-01     3.351863654E-01
     3596     3.695451009E+00     1.132182198E-01     2.953394213E-01
     3597     3.631194329E+00    -1.118983099E-01     3.750000046E-01
     3598     3.631193989E+00    -1.119005731E-01     2.954036241E-01
     3599     3.562387955E+00     4.452830397E-04     3.750000046E-01
     3600     3.530180574E+00    -1.110115081E-01     3.352178355E-01
     3601     3.562387663E+00     4.463941211E-04     2.954042010E-01
     3602     3.493437207E+00     1.113711789E-01     3.750000046E-01
     3603     3.392279130E+00     1.108419430E-01     3.352198746E-01
     3604     3.493436966E+00     1.113739493E-01     2.954062400E-01
     3605     3.428836781E+00    -1.107218018E-01     3.750000046E-01
     3606     3.428836596E+00    -1.107225629E-01     2.954679380E-01
     3607     3.359886033E+00     2.040940560E-04     3.750000046E-01
     3608     3.327492803E+00    -1.104328567E-01     3.352501025E-01
     3609     3.359885900E+00     2.049922964E-04     2.954699771E-01
     3610     3.290877348E+00     1.110975207E-01     3.750000046E-01
     3611     3.189475482E+00     1.113541865E-01     3.352535164E-01
     3612     3.290877265E+00     1.110986088E-01     2.954733910E-01
     3613     3.225918835E+00    -1.107125447E-01     3.750000046E-01
     3614     3.225918797E+00    -1.107134536E-01     2.955325980E-01
     3615     3.156910150E+00     1.808819771E-04     3.750000046E-01
     3616     3.124344830E+00    -1.109931416E-01     3.352824955E-01
     3617     3.156910162E+00     1.801629722E-04     2.955360119E-01
     3618     3.087932166E+00     1.124985714E-01     3.750000046E-01
     3619     2.986388924E+00     1.136431173E-01     3.352872186E-01
     3620     3.087932240E+00     1.124987323E-01     2.955407351E-01
     3621     3.022572250E+00    -1.117088018E-01     3.750000046E-01
     3622     3.022572408E+00    -1.117113280E-01     2.955974678E-01
     3623     2.953594266E+00     6.088876483E-04     3.750000046E-01
     3624     2.920799828E+00    -1.124269883E-01     3.353149723E-01
     3625     2.953594485E+00     6.072413225E-04     2.956021910E-01
     3626     2.884863991E+00     1.159194646E-01     3.750000046E-01
     3627     2.783339366E+00     1.181971963E-01     3.353209313E-01
     3628     2.884864299E+00     1.159208490E-01     2.956081500E-01
     3629     2.818697894E+00    -1.133238764E-01     3.750000046E-01
     3630     2.818698312E+00    -1.133275119E-01     2.956625218E-01
     3631     2.749967618E+00     1.986700599E-03     3.750000046E-01
     3632     2.716596378E+00    -1.142244000E-01     3.353475494E-01
     3633     2.749968126E+00     1.986095753E-03     2.956684808E-01
     3634     2.682009455E+00     1.222342890E-01     3.750000046E-01
     3635     2.580680126E+00     1.262751480E-01     3.353545194E-01
     3636     2.682010038E+00     1.222380553E-01     2.956754507E-01
     3637     2.613913230E+00    -1.145144612E-01     3.750000046E-01
     3638     2.613913849E+00    -1.145173907E-01     2.957277673E-01
     3639     2.545955067E+00     5.733127236E-03     3.750000046E-01
     3640     2.511230701E+00    -1.148074519E-01     3.353802179E-01
     3641     2.545955760E+00     5.734568854E-03     2.957347373E-01
     3642     2.479502957E+00     1.335265034E-01     3.750000046E-01
     3643     2.378326458E+00     1.407831282E-01     3.353877936E-01
     3644     2.479503628E+00     1.335317727E-01     2.957423129E-01
     3645     2.405602786E+00    -1.127349471E-01     3.750000046E-01
     3646     2.405603319E+00    -1.127356022E-01     2.957936578E-01
     3647     2.339150675E+00     1.505842905E-02     3.750000046E-01
     3648     2.299975403E+00    -1.106630974E-01     3.354134399E-01
     3649     2.339151186E+00     1.506160166E-02     2.958012335E-01
     3650     2.277574279E+00     1.544451952E-01     3.750000046E-01
     3651     2.176822454E+00     1.681119032E-01     3.354201304E-01
     3652     2.277574633E+00     1.544498361E-01     2.958079240E-01
     3653     2.183181919E+00    -1.014644411E-01     3.750000046E-01
     3654     2.183181917E+00    -1.014625180E-01     2.958622430E-01
     3655     2.121605522E+00     3.792232514E-02     3.750000046E-01
     3656     2.121605364E+00     3.792571642E-02     2.958689335E-01
     3657     2.086490889E+00     1.962366941E-01     3.750000046E-01
     3658     1.996159060E+00     2.243626594E-01     3.354474514E-01
     3659     2.086490624E+00     1.962378684E-01     2.958675818E-01
     3660     1.968575605E+00     1.453887128E-01     3.750000046E-01
     3661     1.968574983E+00     1.453882700E-01     2.959077161E-01
     3662     1.904361764E+00     2.377573354E-01     3.750000046E-01
     3663     1.812563464E+00     2.511484716E-01     3.354756132E-01
     3664     1.904360760E+00     2.377537955E-01     2.959230645E-01
     3665     1.794993900E+00     1.498163725E-01     3.750000046E-01
     3666     1.794992746E+00     1.498134957E-01     2.959586205E-01
     3667     1.712923647E+00     2.679472296E-01     3.750000046E-01
     3668     1.613282440E+00     2.847392215E-01     3.355000438E-01
     3669     1.712922257E+00     2.679404634E-01     2.959756570E-01
     3670     1.574206929E+00     1.698932925E-01     3.750000046E-01
     3671     1.574206575E+00     1.698901700E-01     2.960006434E-01
     3672     1.521407413E+00     3.164402318E-01     3.750000046E-01
     3673     1.429531803E+00     3.481336893E-01     3.355133092E-01
     3674     1.521406830E+00     3.164326790E-01     2.960133530E-01
     3675     1.409070225E+00     2.754825461E-01     3.750000046E-01
     3676     1.409071929E+00     2.754784552E-01     2.960090810E-01
     3677     1.332615863E+00     3.625784805E-01     3.750000046E-01
     3678     1.235701895E+00     3.770184492E-01     3.355180736E-01
     3679     1.332617835E+00     3.625736580E-01     2.960313828E-01
     3680     1.223763787E+00     2.761989601E-01     3.750000046E-01
     3681     1.223770079E+00     2.761998263E-01     2.959898163E-01
     3682     1.122956056E+00     3.991334124E-01     3.750000046E-01
     3683     1.010217806E+00     4.212489345E-01     3.354901808E-01
     3684     1.122963644E+00     3.991339712E-01     2.960082543E-01
     3685     9.565548529E-01     3.006892946E-01     3.750000046E-01
     3686     9.565729766E-01     3.006951215E-01     2.958434953E-01
     3687     9.037644534E-01     4.649444107E-01     3.750000046E-01
     3688     7.973286408E-01     5.086337147E-01     3.354648379E-01
     3689     9.037819932E-01     4.649382384E-01     2.959550186E-01
     3690     7.290672513E-01     4.276262465E-01     3.750000046E-01
     3691     7.291016599E-01     4.275953491E-01     2.957512219E-01
     3692     7.057653471E-01     5.558982607E-01     3.750000046E-01
     3693     6.142313336E-01     6.031431686E-01     3.354678361E-01
     3694     7.057946273E-01     5.558786226E-01     2.959326738E-01
     3695     5.776641531E-01     4.079309016E-01     3.750000046E-01
     3696     5.777201181E-01     4.078762098E-01     2.955561284E-01
     3697     5.543622489E-01     5.362029158E-01     3.750000046E-01
     3698     4.945440008E-01     4.692192305E-01     3.352697445E-01
     3699     5.544130855E-01     5.361594832E-01     2.957375802E-01
     3700     5.329606369E-01     6.487106475E-01     3.750000046E-01
     3701     4.517165042E-01     6.942612534E-01     3.354731410E-01
     3702     5.329872009E-01     6.486937744E-01     2.959409766E-01
     3703     4.214290150E-01     5.213709736E-01     3.750000046E-01
     3704     4.214776866E-01     5.213257320E-01     2.955150288E-01
     3705     4.000274029E-01     6.338787052E-01     3.750000046E-01
     3706     3.483627008E-01     5.734774751E-01     3.352452848E-01
     3707     4.000518020E-01     6.338600232E-01     2.957184252E-01
     3708     3.811617919E-01     7.363926010E-01     3.750000046E-01
     3709     3.106181973E-01     7.785170675E-01     3.354844592E-01
     3710     3.811729096E-01     7.363857199E-01     2.959575989E-01
     3711     2.914731986E-01     6.230126824E-01     3.750000046E-01
     3712     2.914911754E-01     6.229964057E-01     2.955058429E-01
     3713     2.726075875E-01     7.255265782E-01     3.750000046E-01
     3714     2.346016733E-01     6.725316130E-01     3.352605588E-01
     3715     2.726122831E-01     7.255221024E-01     2.957450166E-01
     3716     2.493134183E-01     8.061524930E-01     3.750000046E-01
     3717     1.880082811E-01     8.337859936E-01     3.354569532E-01
     3718     2.493130601E-01     8.061505682E-01     2.959414111E-01
     3719     1.994243522E-01     7.083692338E-01     3.750000046E-01
     3720     1.994257407E-01     7.083656936E-01     2.955679925E-01
     3721     1.761301830E-01     7.889951486E-01     3.750000046E-01
     3722     1.642484197E-01     7.442033144E-01     3.353074345E-01
     3723     1.761265178E-01     7.889941594E-01     2.957643870E-01
     3724     1.249345508E-01     8.372992054E-01     3.750000046E-01
     3725     6.185266946E-02     8.408123740E-01     3.353770158E-01
     3726     1.249263998E-01     8.372991622E-01     2.958339685E-01
     3727     1.190560422E-01     7.335597505E-01     3.750000046E-01
     3728     1.190508148E-01     7.335592222E-01     2.955099607E-01
     3729     6.786040998E-02     7.818638072E-01     3.750000046E-01
     3730     7.385843736E-02     7.229156582E-01     3.352025267E-01
     3731     6.785069684E-02     7.818642250E-01     2.955795422E-01
     3732     1.756720356E-01     6.374839070E-01     3.750000046E-01
     3733     1.756728547E-01     6.374820726E-01     2.952983077E-01
     3734     9.530372561E-02     6.626744237E-01     3.750000046E-01
     3735     1.167432170E-01     6.024343666E-01     3.350377495E-01
     3736     9.529792875E-02     6.626756011E-01     2.952402759E-01
     3737     5.361215676E-02     6.061967043E-01     3.750000046E-01
     3738     5.360834425E-02     6.061972848E-01     2.949924387E-01
     3739    -2.434600774E-02     6.575639059E-01     3.750000046E-01
     3740    -9.522715995E-03     6.099596225E-01     3.349546895E-01
     3741    -2.435283130E-02     6.575623034E-01     2.950726036E-01
     3742     1.734556111E-02     7.140416253E-01     3.750000046E-01
     3743    -3.917612304E-02     7.051665868E-01     3.351179145E-01
     3744     1.733675321E-02     7.140406198E-01     2.953204408E-01
     3745    -4.552881686E-03     8.338599342E-01     3.750000046E-01
     3746    -7.097248791E-02     8.269052341E-01     3.353172223E-01
     3747    -4.566936768E-03     8.338576739E-01     2.956942379E-01
     3748    -5.506773055E-02     7.660377523E-01     3.750000046E-01
     3749    -5.508088040E-02     7.660340686E-01     2.954351365E-01
     3750    -1.369388620E-01     8.068540623E-01     3.750000046E-01
     3751    -2.029264197E-01     7.867931913E-01     3.352675099E-01
     3752    -1.369600456E-01     8.068443631E-01     2.955847320E-01
     3753    -9.485922514E-02     6.823628787E-01     3.750000046E-01
     3754    -9.487172263E-02     6.823576138E-01     2.952056942E-01
     3755    -1.767303566E-01     7.231791887E-01     3.750000046E-01
     3756    -1.505548247E-01     6.595539058E-01     3.350877801E-01
     3757    -1.767508878E-01     7.231679083E-01     2.953552897E-01
     3758    -2.657619829E-01     7.523891406E-01     3.750000046E-01
     3759    -3.286299650E-01     7.179631827E-01     3.352001746E-01
     3760    -2.657944018E-01     7.523672334E-01     2.954676842E-01
     3761    -1.995176314E-01     6.180240114E-01     3.750000046E-01
     3762    -1.995480708E-01     6.180011707E-01     2.951461880E-01
     3763    -2.885492577E-01     6.472339632E-01     3.750000046E-01
     3764    -2.485108775E-01     5.764712764E-01     3.350584085E-01
     3765    -2.885915848E-01     6.472004958E-01     2.952585825E-01
     3766    -3.873797854E-01     6.713995264E-01     3.750000046E-01
     3767    -4.461798403E-01     6.247943437E-01     3.351347108E-01
     3768    -3.874300199E-01     6.713580000E-01     2.953348851E-01
     3769    -2.930385752E-01     5.264832080E-01     3.750000046E-01
     3770    -2.931025792E-01     5.264272460E-01     2.950783586E-01
     3771    -3.918691029E-01     5.506487711E-01     3.750000046E-01
     3772    -3.376302769E-01     4.764391776E-01     3.350199509E-01
     3773    -3.919410143E-01     5.505847502E-01     2.951546612E-01
     3774    -5.000002038E-01     5.669353723E-01     3.750000046E-01
     3775    -5.538920555E-01     5.090023770E-01     3.350690393E-01
     3776    -5.000716920E-01     5.668613484E-01     2.952037499E-01
     3777    -3.787360948E-01     4.194533118E-01     3.750000046E-01
     3778    -3.788441116E-01     4.193386923E-01     2.949911196E-01
     3779    -4.868671957E-01     4.357399130E-01     3.750000046E-01
     3780    -4.199499295E-01     3.623528264E-01     3.349711693E-01
     3781    -4.869747893E-01     4.356152904E-01     2.950402083E-01
     3782    -6.008006575E-01     4.411381360E-01     3.750000046E-01
     3783    -6.477777622E-01     3.731815595E-01     3.350100064E-01
     3784    -6.008691602E-01     4.410458004E-01     2.950790455E-01
     3785    -4.561001640E-01     2.948086172E-01     3.750000046E-01
     3786    -4.562118461E-01     2.946537466E-01     2.949060813E-01
     3787    -5.700336257E-01     3.002068402E-01     3.750000046E-01
     3788    -4.923620806E-01     2.271095374E-01     3.349349124E-01
     3789    -5.701062170E-01     3.000842566E-01     2.949449186E-01
     3790    -6.869306170E-01     2.983802527E-01     3.750000046E-01
     3791    -7.261249201E-01     2.235333649E-01     3.349632221E-01
     3792    -6.869720653E-01     2.983346717E-01     2.949732284E-01
     3793    -5.206588171E-01     1.374879582E-01     3.750000046E-01
     3794    -5.207245840E-01     1.374278063E-01     2.948489875E-01
     3795    -6.375558084E-01     1.356613707E-01     3.750000046E-01
     3796    -6.375904323E-01     1.356782215E-01     2.948772973E-01
     3797    -7.665341187E-01     1.558736459E-01     3.750000046E-01
     3798    -8.069670069E-01     8.822171830E-02     3.349256019E-01
     3799    -7.665578083E-01     1.558814374E-01     2.948888239E-01
     3800    -7.514878224E-01     1.761902986E-02     3.750000046E-01
     3801    -7.515147591E-01     1.765119308E-02     2.948512474E-01
     3802    -8.404336336E-01     3.759551859E-02     3.750000046E-01
     3803    -8.739166767E-01    -1.301450973E-02     3.348883259E-01
     3804    -8.404500500E-01     3.761168998E-02     2.948139277E-01
     3805    -7.582618375E-01    -9.495620001E-02     3.750000046E-01
     3806    -7.582888079E-01    -9.491492754E-02     2.948497114E-01
     3807    -8.472076487E-01    -7.497971128E-02     3.750000046E-01
     3808    -8.205150708E-01    -1.369196322E-01     3.349240659E-01
     3809    -8.472240987E-01    -7.495443064E-02     2.948123918E-01
     3810    -7.865511492E-01    -2.143695455E-01     3.750000046E-01
     3811    -7.526124676E-01    -2.917734065E-01     3.349660503E-01
     3812    -7.865763892E-01    -2.143234932E-01     2.948901162E-01
     3813    -6.836150041E-01    -2.524737928E-01     3.750000046E-01
     3814    -6.836538319E-01    -2.524021539E-01     2.948950397E-01
     3815    -7.113580704E-01    -3.657466961E-01     3.750000046E-01
     3816    -6.701499565E-01    -4.396542995E-01     3.350263812E-01
     3817    -7.114043537E-01    -3.656810099E-01     2.949924314E-01
     3818    -6.037414553E-01    -3.977822870E-01     3.750000046E-01
     3819    -6.038228920E-01    -3.976889580E-01     2.949950844E-01
     3820    -6.227196145E-01    -5.044150845E-01     3.750000046E-01
     3821    -5.753462158E-01    -5.691117586E-01     3.350955614E-01
     3822    -6.227765578E-01    -5.043509736E-01     2.951219425E-01
     3823    -5.192439713E-01    -5.243775707E-01     3.750000046E-01
     3824    -5.193046959E-01    -5.243136084E-01     2.951223831E-01
     3825    -5.225405534E-01    -6.207977196E-01     3.750000046E-01
     3826    -4.697833378E-01    -6.724367864E-01     3.351600085E-01
     3827    -5.225890002E-01    -6.207508254E-01     2.952555698E-01
     3828    -4.380827256E-01    -6.241820250E-01     3.750000046E-01
     3829    -4.381305983E-01    -6.241379341E-01     2.952391648E-01
     3830    -4.049108024E-01    -7.042389205E-01     3.750000046E-01
     3831    -3.400770206E-01    -7.360097915E-01     3.352037783E-01
     3832    -4.049495560E-01    -7.042076574E-01     2.953637866E-01
     3833    -3.096213259E-01    -6.575635500E-01     3.750000046E-01
     3834    -3.096558011E-01    -6.575353344E-01     2.952550287E-01
     3835    -2.737235053E-01    -7.677563780E-01     3.750000046E-01
     3836    -2.073965395E-01    -7.994866491E-01     3.352632863E-01
     3837    -2.737500549E-01    -7.677400626E-01     2.954670643E-01
     3838    -2.190351991E-01    -6.261645184E-01     3.750000046E-01
     3839    -2.190603434E-01    -6.261440536E-01     2.951568910E-01
     3840    -1.831373786E-01    -7.363573464E-01     3.750000046E-01
     3841    -1.588954363E-01    -6.732194790E-01     3.351056407E-01
     3842    -1.831545972E-01    -7.363487817E-01     2.953689266E-01
     3843    -1.421676893E-01    -8.194277010E-01     3.750000046E-01
     3844    -7.695642012E-02    -8.393626257E-01     3.353220930E-01
     3845    -1.421852703E-01    -8.194215739E-01     2.955853790E-01
     3846    -1.031704174E-01    -6.993593287E-01     3.750000046E-01
     3847    -1.031818805E-01    -6.993542898E-01     2.952678366E-01
     3848    -6.220072815E-02    -7.824296832E-01     3.750000046E-01
     3849    -4.745686165E-02    -7.254941395E-01     3.351621963E-01
     3850    -6.221255362E-02    -7.824270820E-01     2.954842890E-01
     3851    -1.609462939E-02    -8.466218458E-01     3.750000046E-01
     3852     4.475475469E-02    -8.538795181E-01     3.353937478E-01
     3853    -1.610703604E-02    -8.466202980E-01     2.957158405E-01
     3854    -5.947925643E-03    -7.446879235E-01     3.750000046E-01
     3855    -5.956168289E-03    -7.446862505E-01     2.954193763E-01
     3856     4.015817312E-02    -8.088800861E-01     3.750000046E-01
     3857     3.555276771E-02    -7.638800345E-01     3.352571804E-01
     3858     4.014934928E-02    -8.088794666E-01     2.956509279E-01
     3859    -3.061001610E-01    -1.794440457E-01     3.750000046E-01
     3860    -3.358815199E-01    -1.209629211E-01     3.348533744E-01
     3861    -3.062425981E-01    -1.792598177E-01     2.947205497E-01
     3862    -4.055391097E-01    -1.356901060E-01     3.750000046E-01
     3863    -4.056098351E-01    -1.355525666E-01     2.947460808E-01
     3864    -3.501647430E-01    -5.438814010E-02     3.750000046E-01
     3865    -3.644986237E-01     1.227405482E-02     3.348578228E-01
     3866    -3.502154006E-01    -5.430072621E-02     2.947111970E-01
     3867    -4.567436693E-01     3.002754210E-02     3.750000046E-01
     3868    -4.567762750E-01     3.005273995E-02     2.947718979E-01
     3869    -3.536984655E-01     7.732080887E-02     3.750000046E-01
     3870    -3.429758767E-01     1.422320009E-01     3.348689713E-01
     3871    -3.537760349E-01     7.718524685E-02     2.947267939E-01
     3872    -4.176136133E-01     1.847812250E-01     3.750000046E-01
     3873    -4.177243439E-01     1.845603132E-01     2.948038834E-01
     3874    -3.165689471E-01     1.980430125E-01     3.750000046E-01
     3875    -2.903245112E-01     2.536031136E-01     3.348886214E-01
     3876    -3.167314408E-01     1.977921021E-01     2.947575923E-01
     3877    -3.550554977E-01     3.080704046E-01     3.750000046E-01
     3878    -3.552189430E-01     3.078855354E-01     2.948597902E-01
     3879    -2.584176393E-01     3.028368180E-01     3.750000046E-01
     3880    -2.266540074E-01     3.519260576E-01     3.349189820E-01
     3881    -2.585608793E-01     3.026923533E-01     2.948076027E-01
     3882    -2.820982364E-01     4.142197252E-01     3.750000046E-01
     3883    -2.821860479E-01     4.141455101E-01     2.949389321E-01
     3884    -1.959490604E-01     4.020749572E-01     3.750000046E-01
     3885    -1.653087010E-01     4.521718371E-01     3.349099463E-01
     3886    -1.960136481E-01     4.020229376E-01     2.948289267E-01
     3887    -2.068893992E-01     5.143384400E-01     3.750000046E-01
     3888    -2.069301794E-01     5.143046735E-01     2.949683533E-01
     3889    -1.349317947E-01     5.088471170E-01     3.750000046E-01
     3890    -1.045709999E-01     5.655111302E-01     3.349319983E-01
     3891    -1.349479062E-01     5.088358503E-01     2.948419433E-01
     3892    -1.275600270E-01     6.125326883E-01     3.750000046E-01
     3893    -1.275657976E-01     6.125323476E-01     2.950197780E-01
     3894    -5.704680955E-02     5.877337155E-01     3.750000046E-01
     3895    -5.704690631E-02     5.877370371E-01     2.948866874E-01
     3896     1.666055553E-01     5.330808744E-01     3.750000046E-01
     3897     2.164838367E-01     4.637106494E-01     3.349964333E-01
     3898     1.666214984E-01     5.330641416E-01     2.950341825E-01
     3899     2.824067183E-01     5.186096498E-01     3.750000046E-01
     3900     2.824398191E-01     5.185784747E-01     2.952417177E-01
     3901     2.900186034E-01     4.090828790E-01     3.750000046E-01
     3902     3.636341771E-01     3.543732451E-01     3.350815264E-01
     3903     2.900994104E-01     4.090010154E-01     2.950779594E-01
     3904     4.290409001E-01     4.118442028E-01     3.750000046E-01
     3905     4.291372778E-01     4.117482728E-01     2.953512705E-01
     3906     4.246258686E-01     2.910304787E-01     3.750000046E-01
     3907     4.247222776E-01     2.909202027E-01     2.951783652E-01
     3908     4.745277983E-01    -3.917431768E-01     3.750000046E-01
     3909     4.138667832E-01    -4.519234114E-01     3.352075241E-01
     3910     4.746164889E-01    -3.916550723E-01     2.953834342E-01
     3911     6.521081289E-01    -5.423635762E-01     3.750000046E-01
     3912     6.521544149E-01    -5.423239930E-01     2.958436728E-01
     3913     4.917092321E-01    -5.213700043E-01     3.750000046E-01
     3914     5.695974404E-01    -5.907873175E-01     3.354330147E-01
     3915     4.917549915E-01    -5.213407245E-01     2.956405384E-01
     3916     3.595851349E-01    -5.036146591E-01     3.750000046E-01
     3917     3.053448383E-01    -5.552776495E-01     3.352033226E-01
     3918     3.596264866E-01    -5.035864017E-01     2.954108462E-01
     3919     4.968304833E-01    -6.367309721E-01     3.750000046E-01
     3920     4.968555696E-01    -6.367191975E-01     2.958792828E-01
     3921     3.647063860E-01    -6.189756268E-01     3.750000046E-01
     3922     4.240886125E-01    -6.826628521E-01     3.354462687E-01
     3923     3.647270647E-01    -6.189648747E-01     2.956495907E-01
     3924     2.555451015E-01    -6.017649298E-01     3.750000046E-01
     3925     2.057608007E-01    -6.482426109E-01     3.352079467E-01
     3926     2.555605375E-01    -6.017553305E-01     2.954112686E-01
     3927     3.572717290E-01    -7.237306737E-01     3.750000046E-01
     3928     3.572817231E-01    -7.237268940E-01     2.958975394E-01
     3929     2.481104445E-01    -7.065199767E-01     3.750000046E-01
     3930     2.904648396E-01    -7.647947156E-01     3.354512718E-01
     3931     2.481151959E-01    -7.065173498E-01     2.956592173E-01
     3932     1.565131702E-01    -6.806813143E-01     3.750000046E-01
     3933     1.072670712E-01    -7.131182116E-01     3.352154038E-01
     3934     1.565147018E-01    -6.806795082E-01     2.954233498E-01
     3935     2.270156106E-01    -7.934878208E-01     3.750000046E-01
     3936     2.270146772E-01    -7.934870783E-01     2.958737559E-01
     3937     1.354183363E-01    -7.676491584E-01     3.750000046E-01
     3938     1.635654482E-01    -8.221801835E-01     3.354224851E-01
     3939     1.354141832E-01    -7.676492367E-01     2.956378884E-01
     3940    -1.364084211E-01    -5.337077893E-01     3.750000046E-01
     3941    -1.364143219E-01    -5.337035670E-01     2.948651133E-01
     3942    -1.298376344E-01    -6.263360386E-01     3.750000046E-01
     3943    -1.007831561E-01    -5.794534065E-01     3.349468478E-01
     3944    -1.298409579E-01    -6.263368469E-01     2.950524881E-01
     3945     7.141237468E-02    -7.384994592E-01     3.750000046E-01
     3946     7.140746425E-02    -7.384987869E-01     2.954725837E-01
     3947     1.041641347E-01    -8.380297853E-01     3.750000046E-01
     3948     1.041560682E-01    -8.380299163E-01     2.958162325E-01
     3949    -1.587915975E-02    -6.764314700E-01     3.750000046E-01
     3950    -1.588493765E-02    -6.764302769E-01     2.951691678E-01
     3951     6.148114057E-02    -6.702430057E-01     3.750000046E-01
     3952     1.569276424E-02    -6.273676074E-01     3.350069718E-01
     3953     6.147869489E-02    -6.702428133E-01     2.952223752E-01
     3954     6.872628416E-02    -5.953967323E-01     3.750000046E-01
     3955     6.872445573E-02    -5.953980579E-01     2.949883268E-01
     3956     1.637583137E-01    -6.058350408E-01     3.750000046E-01
     3957     1.217579756E-01    -5.634271828E-01     3.349813553E-01
     3958     1.637604626E-01    -6.058347528E-01     2.951893015E-01
     3959     2.099557991E-01     2.923122501E-01     3.750000046E-01
     3960     2.592176019E-01     2.525203534E-01     3.349348494E-01
     3961     2.100891504E-01     2.921789907E-01     2.948392760E-01
     3962     1.886352041E-01     3.978603695E-01     3.750000046E-01
     3963     1.608273477E-01     3.319708873E-01     3.349044268E-01
     3964     1.886759803E-01     3.978211673E-01     2.949008599E-01
     3965     3.113391985E-01     3.035347597E-01     3.750000046E-01
     3966     3.115125805E-01     3.033588388E-01     2.950163754E-01
     3967     2.981270682E-01     2.003484754E-01     3.750000046E-01
     3968     3.371867234E-01     1.479890495E-01     3.349366714E-01
     3969     2.982772571E-01     2.001609275E-01     2.948715203E-01
     3970     4.114137384E-01     1.878441944E-01     3.750000046E-01
     3971     4.114869542E-01     1.877222914E-01     2.950335101E-01
     3972     3.599497556E-01     8.444886039E-02     3.750000046E-01
     3973     3.827660497E-01     2.084317609E-02     3.349404550E-01
     3974     3.600030176E-01     8.438336519E-02     2.948771254E-01
     3975     4.917663038E-01     4.078357859E-02     3.750000046E-01
     3976     4.918002173E-01     4.080510922E-02     2.950689256E-01
     3977     3.813755674E-01    -4.750336849E-02     3.750000046E-01
     3978     3.800711206E-01    -1.156750762E-01     3.349486410E-01
     3979     3.814616029E-01    -4.732853161E-02     2.948890950E-01
     3980     5.314084689E-01    -1.417474667E-01     3.750000046E-01
     3981     5.315185445E-01    -1.415150762E-01     2.951495449E-01
     3982     3.532479876E-01    -1.770273302E-01     3.750000046E-01
     3983     3.265904520E-01    -2.381148390E-01     3.349691890E-01
     3984     3.534135850E-01    -1.767625850E-01     2.949178294E-01
     3985     4.308574823E-01    -2.848788917E-01     3.750000046E-01
     3986     4.310104736E-01    -2.847107850E-01     2.951450991E-01
     3987     2.895522974E-01    -2.898106746E-01     3.750000046E-01
     3988     2.526417308E-01    -3.413834413E-01     3.350050298E-01
     3989     2.896798855E-01    -2.896876057E-01     2.949742184E-01
     3990     3.332226134E-01    -3.966749597E-01     3.750000046E-01
     3991     3.332859007E-01    -3.966318930E-01     2.952125535E-01
     3992     2.155981994E-01    -3.929240348E-01     3.750000046E-01
     3993     1.786006331E-01    -4.444341030E-01     3.349600556E-01
     3994     2.156441646E-01    -3.928935095E-01     2.949650851E-01
     3995     2.419607209E-01    -4.998637342E-01     3.750000046E-01
     3996     2.419847505E-01    -4.998480183E-01     2.951633778E-01
     3997     1.501739331E-01    -5.039338452E-01     3.750000046E-01
     3998     1.501846756E-01    -5.039274405E-01     2.949414107E-01
     3999    -4.254637671E-02    -6.034081799E-01     3.750000046E-01
     4000    -4.254401513E-02    -6.034128340E-01     2.949538193E-01
     4001     6.103647683E+00    -4.817754999E-01     3.750000046E-01
     4002     6.145109342E+00    -3.825609668E-01     3.373686373E-01
     4003     6.103672307E+00    -4.817558665E-01     2.983800454E-01
     4004     5.970821828E+00    -5.487036668E-01     3.750000046E-01
     4005     6.062210648E+00    -5.809703995E-01     3.360114094E-01
     4006     5.970828767E+00    -5.486738785E-01     2.966922966E-01
     4007     6.043638963E+00    -3.608179265E-01     3.750000046E-01
     4008     6.043657448E+00    -3.607433277E-01     2.988533089E-01
     4009     6.144558409E+00    -2.944934241E-01     3.750000046E-01
     4010     6.144027584E+00    -2.062762078E-01     3.379665411E-01
     4011     6.144578518E+00    -2.943437505E-01     3.003351773E-01
     4012     6.063917815E+00    -1.894105963E-01     3.750000046E-01
     4013     6.063922161E+00    -1.891789917E-01     3.001146346E-01
     4014     6.151583068E+00    -1.412571994E-01     3.750000046E-01
     4015     6.159141973E+00    -7.591966087E-02     3.381612536E-01
     4016     6.151586489E+00    -1.409386692E-01     3.011277942E-01
     4017     6.092702722E+00    -5.242885263E-02     3.750000046E-01
     4018     6.092703517E+00    -5.211761186E-02     3.006144686E-01
     4019     6.169828872E+00    -2.010169151E-02     3.750000046E-01
     4020     6.180516246E+00     3.603114430E-02     3.382238580E-01
     4021     6.169829347E+00    -1.978682506E-02     3.013851112E-01
     4022     6.128464346E+00     6.513853422E-02     3.750000046E-01
     4023     6.128464200E+00     6.536607102E-02     3.007967500E-01
     4024     6.194012415E+00     8.377330131E-02     3.750000046E-01
     4025     6.194012275E+00     8.394544464E-02     3.015181351E-01
     4026     6.145203445E+00     3.419213716E-01     3.750000046E-01
     4027     6.145202483E+00     3.419700630E-01     2.996225776E-01
     4028     6.177785755E+00     4.474944826E-01     3.750000046E-01
     4029     6.177784429E+00     4.475166590E-01     2.990793909E-01
     4030     6.277926857E+00     4.386196901E-01     3.750000046E-01
     4031     6.338848741E+00     4.882867941E-01     3.373520242E-01
     4032     6.277925970E+00     4.386329606E-01     2.998871868E-01
     4033     6.308863052E+00     5.402001556E-01     3.750000046E-01
     4034     6.308861790E+00     5.402035192E-01     2.988605961E-01
     4035     6.394880989E+00     5.186224432E-01     3.750000046E-01
     4036     6.450910599E+00     5.489590218E-01     3.370201216E-01
     4037     6.394878351E+00     5.186233727E-01     2.993721453E-01
     4038     6.431414141E+00     6.025225189E-01     3.750000046E-01
     4039     6.431407301E+00     6.025204859E-01     2.983560424E-01
     4040     6.511865481E+00     5.708494330E-01     3.750000046E-01
     4041     6.572814845E+00     5.927388140E-01     3.365700585E-01
     4042     6.511859962E+00     5.708484028E-01     2.985901798E-01
     4043     6.556815763E+00     6.457172272E-01     3.750000046E-01
     4044     6.556805970E+00     6.457158093E-01     2.976249679E-01
     4045     6.650302630E+00     6.141565834E-01     3.750000046E-01
     4046     6.727781086E+00     6.355749513E-01     3.360507498E-01
     4047     6.650293301E+00     6.141571820E-01     2.976208082E-01
     4048     6.687265334E+00     6.787972716E-01     3.750000046E-01
     4049     6.687251143E+00     6.787983475E-01     2.968770530E-01
     4050     6.774965420E+00     7.116516508E-01     3.750000046E-01
     4051     6.822130225E+00     7.877323758E-01     3.354230785E-01
     4052     6.774945891E+00     7.116556763E-01     2.964738283E-01
     4053     6.749428261E+00     8.084099038E-01     3.750000046E-01
     4054     6.749402692E+00     8.084132046E-01     2.958003943E-01
     4055     6.808426153E+00     6.174158313E-01     3.750000046E-01
     4056     6.889058961E+00     5.992602953E-01     3.356340259E-01
     4057     6.808413894E+00     6.174194153E-01     2.966847757E-01
     4058     6.902369814E+00     7.616797558E-01     3.750000046E-01
     4059     6.902342310E+00     7.616888781E-01     2.956581825E-01
     4060     6.935830548E+00     6.674439363E-01     3.750000046E-01
     4061     6.982581899E+00     7.356362580E-01     3.352351041E-01
     4062     6.935810312E+00     6.674526171E-01     2.958691300E-01
     4063     6.955500629E+00     5.678086755E-01     3.750000046E-01
     4064     7.021936819E+00     5.363587348E-01     3.352064850E-01
     4065     6.955495151E+00     5.678103546E-01     2.958405109E-01
     4066     7.056281832E+00     6.962508807E-01     3.750000046E-01
     4067     7.056269837E+00     6.962551538E-01     2.952453036E-01
     4068     7.075951913E+00     5.966156199E-01     3.750000046E-01
     4069     7.129969771E+00     6.568697765E-01     3.350101996E-01
     4070     7.075954676E+00     5.966128913E-01     2.952166845E-01
     4071     7.079593234E+00     4.922403691E-01     3.750000046E-01
     4072     7.137261973E+00     4.481016488E-01     3.348238675E-01
     4073     7.079605558E+00     4.922200145E-01     2.950303525E-01
     4074     7.195135673E+00     6.043219839E-01     3.750000046E-01
     4075     7.195147747E+00     6.043038690E-01     2.948207530E-01
     4076     7.198776994E+00     4.999467331E-01     3.750000046E-01
     4077     7.260313648E+00     5.517560764E-01     3.348105534E-01
     4078     7.198798628E+00     4.999109921E-01     2.946344209E-01
     4079     7.190440705E+00     3.867149886E-01     3.750000046E-01
     4080     7.243760865E+00     3.250845382E-01     3.348142102E-01
     4081     7.190582133E+00     3.864711983E-01     2.946380776E-01
     4082     7.316790186E+00     4.864863615E-01     3.750000046E-01
     4083     7.316861492E+00     4.863618362E-01     2.946148063E-01
     4084     7.308453898E+00     3.732546171E-01     3.750000046E-01
     4085     7.373338030E+00     4.210921212E-01     3.348042529E-01
     4086     7.308644997E+00     3.729220423E-01     2.946184630E-01
     4087     7.295608782E+00     2.370359700E-01     3.750000046E-01
     4088     7.347643859E+00     1.485487660E-01     3.348162997E-01
     4089     7.295795942E+00     2.365973342E-01     2.946305098E-01
     4090     7.421082368E+00     3.477819555E-01     3.750000046E-01
     4091     7.421177949E+00     3.475827908E-01     2.946130908E-01
     4092     7.408237252E+00     2.115633084E-01     3.750000046E-01
     4093     7.468922287E+00     2.742726251E-01     3.348088379E-01
     4094     7.408328893E+00     2.112580827E-01     2.946251376E-01
     4095     7.430577259E+00     9.707620511E-02     3.750000046E-01
     4096     7.513578146E+00     4.528740803E-02     3.348165943E-01
     4097     7.430644746E+00     9.675996892E-02     2.946328940E-01
     4098     7.510927889E+00     2.191320254E-01     3.750000046E-01
     4099     7.510975970E+00     2.189805888E-01     2.946213141E-01
     4100     7.533267896E+00     1.046449221E-01     3.750000046E-01
     4101     7.552981572E+00     1.638399892E-01     3.348124762E-01
     4102     7.533291822E+00     1.044824751E-01     2.946290705E-01
     4103     7.340287845E+00     5.394149592E-02     3.750000046E-01
     4104     7.332988268E+00    -4.114313660E-02     3.348206876E-01
     4105     7.340344282E+00     5.346413348E-02     2.946369873E-01
     4106     7.499513109E+00    -3.321588263E-02     3.750000046E-01
     4107     7.499520333E+00    -3.345525914E-02     2.946375659E-01
     4108     7.409223695E+00    -7.635059182E-02     3.750000046E-01
     4109     7.485455297E+00    -1.119585498E-01     3.348209715E-01
     4110     7.409219869E+00    -7.675109458E-02     2.946416592E-01
     4111     7.313451243E+00    -1.194382644E-01     3.750000046E-01
     4112     7.293835899E+00    -1.982689991E-01     3.348216654E-01
     4113     7.313372924E+00    -1.199738713E-01     2.946423530E-01
     4114     7.461031270E+00    -1.929972384E-01     3.750000046E-01
     4115     7.460986616E+00    -1.932803727E-01     2.946426563E-01
     4116     7.365258817E+00    -2.360849109E-01     3.750000046E-01
     4117     7.436562589E+00    -2.743190613E-01     3.348216847E-01
     4118     7.365139671E+00    -2.365031494E-01     2.946433502E-01
     4119     7.259731634E+00    -2.693103559E-01     3.750000046E-01
     4120     7.225397558E+00    -3.408690748E-01     3.348242083E-01
     4121     7.259501824E+00    -2.698277179E-01     2.946458737E-01
     4122     7.398432952E+00    -3.507261683E-01     3.750000046E-01
     4123     7.398312060E+00    -3.510000175E-01     2.946455276E-01
     4124     7.292905768E+00    -3.839516133E-01     3.750000046E-01
     4125     7.360182422E+00    -4.274071245E-01     3.348238429E-01
     4126     7.292674212E+00    -3.843245860E-01     2.946480512E-01
     4127     7.175153555E+00    -4.061495459E-01     3.750000046E-01
     4128     7.124703191E+00    -4.717012851E-01     3.348748626E-01
     4129     7.174947195E+00    -4.064208140E-01     2.946990708E-01
     4130     7.308793324E+00    -4.967488664E-01     3.750000046E-01
     4131     7.308680210E+00    -4.968965107E-01     2.946760621E-01
     4132     7.191041111E+00    -5.189467990E-01     3.750000046E-01
     4133     7.257291112E+00    -5.662382526E-01     3.348522192E-01
     4134     7.190953192E+00    -5.189927387E-01     2.947270818E-01
     4135     7.048708517E+00    -5.397687220E-01     3.750000046E-01
     4136     6.972326995E+00    -6.079238129E-01     3.352388385E-01
     4137     7.048321669E+00    -5.398563760E-01     2.951137010E-01
     4138     7.196954437E+00    -6.282335064E-01     3.750000046E-01
     4139     7.196820192E+00    -6.282759148E-01     2.947760627E-01
     4140     7.054621844E+00    -6.490554294E-01     3.750000046E-01
     4141     7.136483517E+00    -6.902711686E-01     3.349238435E-01
     4142     7.054188668E+00    -6.491395521E-01     2.951626820E-01
     4143     6.944982471E+00    -6.982516671E-01     3.750000046E-01
     4144     6.917010107E+00    -7.886781581E-01     3.351293115E-01
     4145     6.944354631E+00    -6.983503039E-01     2.953681499E-01
     4146     7.093855940E+00    -7.438498305E-01     3.750000046E-01
     4147     7.093621905E+00    -7.438952737E-01     2.948764315E-01
     4148     6.984216566E+00    -7.930460682E-01     3.750000046E-01
     4149     7.050994328E+00    -7.974739356E-01     3.349525880E-01
     4150     6.983787868E+00    -7.931060255E-01     2.950818995E-01
     4151     6.871806872E+00    -6.212619703E-01     3.750000046E-01
     4152     6.770031048E+00    -6.347769993E-01     3.357784433E-01
     4153     6.870551171E+00    -6.214388419E-01     2.960172817E-01
     4154     6.831696002E+00    -7.930233798E-01     3.750000046E-01
     4155     6.830905354E+00    -7.931142406E-01     2.954691590E-01
     4156     6.758520404E+00    -7.160336830E-01     3.750000046E-01
     4157     6.745591250E+00    -7.974594624E-01     3.353398475E-01
     4158     6.757101894E+00    -7.162027787E-01     2.961182908E-01
     4159     6.684561135E+00    -6.298968047E-01     3.750000046E-01
     4160     6.597060379E+00    -6.249705868E-01     3.363649413E-01
     4161     6.682530292E+00    -6.298507814E-01     2.971433844E-01
     4162     6.657866280E+00    -7.902672066E-01     3.750000046E-01
     4163     6.656779706E+00    -7.902357950E-01     2.959979929E-01
     4164     6.583907011E+00    -7.041303283E-01     3.750000046E-01
     4165     6.569054736E+00    -7.830435392E-01     3.356581455E-01
     4166     6.582208104E+00    -7.038837977E-01     2.970230866E-01
     4167     6.517398666E+00    -6.022734028E-01     3.750000046E-01
     4168     6.436321851E+00    -5.792813003E-01     3.368873942E-01
     4169     6.515983563E+00    -6.019784842E-01     2.982523352E-01
     4170     6.482658208E+00    -7.603052733E-01     3.750000046E-01
     4171     6.481893582E+00    -7.601506530E-01     2.965823128E-01
     4172     6.416149864E+00    -6.584483478E-01     3.750000046E-01
     4173     6.395497054E+00    -7.374123871E-01     3.359241677E-01
     4174     6.415669041E+00    -6.582453395E-01     2.978115614E-01
     4175     6.362840882E+00    -5.400572359E-01     3.750000046E-01
     4176     6.289138717E+00    -5.007935256E-01     3.372194230E-01
     4177     6.362619685E+00    -5.400175900E-01     2.991068165E-01
     4178     6.312632881E+00    -7.010118285E-01     3.750000046E-01
     4179     6.312478782E+00    -7.009731702E-01     2.969440822E-01
     4180     6.259323900E+00    -5.826207165E-01     3.750000046E-01
     4181     6.229614609E+00    -6.645726116E-01     3.360199157E-01
     4182     6.259429426E+00    -5.827454207E-01     2.982393374E-01
     4183     4.568534175E-01     8.667338680E-01     2.964439561E-01
     4184     4.968417904E-01     7.599394711E-01     3.750000046E-01
     4185     5.419801198E-01     8.256210738E-01     3.357055998E-01
     4186     4.968528645E-01     7.599386072E-01     2.961787404E-01
     4187     3.419043426E-01     8.446381590E-01     3.750000046E-01
     4188     3.419063591E-01     8.446364303E-01     2.962228146E-01
     4189     2.115645062E-01     9.612452326E-01     3.356577632E-01
     4190     2.934641911E-01     9.394842766E-01     2.963961196E-01
     4191     1.997896923E-01     8.975152385E-01     3.750000046E-01
     4192     1.997830933E-01     8.975159796E-01     2.961147161E-01
     4193     5.257991178E-02     9.828465243E-01     3.355814007E-01
     4194     1.325069963E-01     9.752916658E-01     2.962391639E-01
     4195     5.722317350E-02     9.118291670E-01     3.750000046E-01
     4196     5.720940735E-02     9.118297240E-01     2.959584163E-01
     4197    -1.064414303E-01     9.784795140E-01     3.355056883E-01
     4198    -2.702789781E-02     9.838808008E-01     2.960870890E-01
     4199    -8.869807938E-02     9.026940882E-01     3.750000046E-01
     4200    -8.871583866E-02     9.026906581E-01     2.958229106E-01
     4201    -2.619746533E-01     9.487471837E-01     3.354303241E-01
     4202    -1.848172144E-01     9.667442965E-01     2.959360124E-01
     4203    -2.324385991E-01     8.677753532E-01     3.750000046E-01
     4204    -2.324624752E-01     8.677650266E-01     2.956978339E-01
     4205    -4.145923274E-01     8.926730306E-01     3.353529404E-01
     4206    -3.394548281E-01     9.238627372E-01     2.957832645E-01
     4207    -3.715954717E-01     8.053281571E-01     3.750000046E-01
     4208    -3.716268149E-01     8.053080435E-01     2.955531148E-01
     4209    -5.604109397E-01     8.091300984E-01     3.352729538E-01
     4210    -4.893030104E-01     8.540108322E-01     2.956258942E-01
     4211    -5.032711266E-01     7.169818484E-01     3.750000046E-01
     4212    -5.033196611E-01     7.169426049E-01     2.954076645E-01
     4213    -6.997145959E-01     6.922076435E-01     3.351863975E-01
     4214    -6.327852252E-01     7.538798288E-01     2.954593513E-01
     4215    -6.267758048E-01     6.006357752E-01     3.750000046E-01
     4216    -6.268308550E-01     6.005742536E-01     2.952554367E-01
     4217    -8.206957958E-01     5.433326313E-01     3.350950998E-01
     4218    -7.638524461E-01     6.207103818E-01     2.952814972E-01
     4219    -7.342183844E-01     4.582865509E-01     3.750000046E-01
     4220    -7.342551746E-01     4.582276405E-01     2.951051061E-01
     4221    -9.090531807E-01     3.773251278E-01     3.350055994E-01
     4222    -8.688552370E-01     4.624310918E-01     2.951006991E-01
     4223    -8.175797401E-01     3.004353301E-01     3.750000046E-01
     4224    -8.175983504E-01     3.004231583E-01     2.949688214E-01
     4225    -9.653740706E-01     1.918458790E-01     3.349133485E-01
     4226    -9.417932535E-01     2.859674898E-01     2.949189479E-01
     4227    -8.861651910E-01     1.400315419E-01     3.750000046E-01
     4228    -8.861758906E-01     1.400360563E-01     2.948389504E-01
     4229    -9.842519685E-01    -7.177232578E-10     3.348216040E-01
     4230    -9.795213056E-01     9.638438388E-02     2.947349526E-01
     4231    -9.290811019E-01    -6.511271207E-03     3.750000046E-01
     4232    -9.290875433E-01    -6.503239239E-03     2.947099299E-01
     4233    -9.650156207E-01    -1.936408774E-01     3.349142011E-01
     4234    -9.794314708E-01    -9.729301920E-02     2.947358051E-01
     4235    -8.927595537E-01    -1.652928045E-01     3.750000046E-01
     4236    -8.927711456E-01    -1.652677066E-01     2.948382670E-01
     4237    -9.078605427E-01    -3.801857080E-01     3.350070418E-01
     4238    -9.410750072E-01    -2.883223342E-01     2.949212428E-01
     4239    -8.302261312E-01    -3.360005456E-01     3.750000046E-01
     4240    -8.302468821E-01    -3.359585701E-01     2.949730920E-01
     4241    -8.189714086E-01    -5.459283555E-01     3.350965382E-01
     4242    -8.673915572E-01    -4.651707472E-01     2.951035799E-01
     4243    -7.445401123E-01    -4.928173357E-01     3.750000046E-01
     4244    -7.445812628E-01    -4.927653260E-01     2.951229193E-01
     4245    -7.024363551E-01    -6.894455051E-01     3.351845113E-01
     4246    -7.640932421E-01    -6.204139384E-01     2.952810495E-01
     4247    -6.388710435E-01    -6.292996796E-01     3.750000046E-01
     4248    -6.389115371E-01    -6.292575936E-01     2.952800726E-01
     4249    -5.574681395E-01    -8.111604101E-01     3.352745866E-01
     4250    -6.329018238E-01    -7.537819439E-01     2.954590979E-01
     4251    -5.136049749E-01    -7.418149502E-01     3.750000046E-01
     4252    -5.136465097E-01    -7.417822571E-01     2.954345950E-01
     4253    -4.065353085E-01    -8.963710060E-01     3.353570698E-01
     4254    -4.838978261E-01    -8.570850783E-01     2.956316563E-01
     4255    -3.732910067E-01    -8.161993987E-01     3.750000046E-01
     4256    -3.733213237E-01    -8.161814015E-01     2.955608479E-01
     4257    -2.537573745E-01    -9.509779873E-01     3.354342775E-01
     4258    -3.312867086E-01    -9.268230976E-01     2.957913473E-01
     4259    -2.305656500E-01    -8.752363133E-01     3.750000046E-01
     4260    -2.305882595E-01    -8.752283068E-01     2.956975636E-01
     4261    -9.724264196E-02    -9.794364737E-01     3.355099802E-01
     4262    -1.760869822E-01    -9.683725069E-01     2.959442577E-01
     4263    -8.709102537E-02    -9.094007397E-01     3.750000046E-01
     4264    -8.710803696E-02    -9.093983622E-01     2.958320730E-01
     4265     5.883006928E-02    -9.824922190E-01     3.355842655E-01
     4266    -1.927551982E-02    -9.840632052E-01     2.960942456E-01
     4267     5.179863791E-02    -9.181857202E-01     3.750000046E-01
     4268     5.178618584E-02    -9.181860134E-01     2.959780131E-01
     4269     2.162634917E-01    -9.601989584E-01     3.356599308E-01
     4270     1.379911226E-01    -9.745308551E-01     2.962441963E-01
     4271     1.899188380E-01    -8.911887776E-01     3.750000046E-01
     4272     1.899101041E-01    -8.911903738E-01     2.960824157E-01
     4273     2.957600632E-01    -9.387640399E-01     2.963981621E-01
     4274     3.318276945E-01    -8.377766168E-01     3.750000046E-01
     4275     3.318296494E-01    -8.377756206E-01     2.961895024E-01
     4276     5.415965887E-01    -8.257988465E-01     3.357091735E-01
     4277     4.566646290E-01    -8.668289422E-01     2.964474049E-01
     4278     4.828366148E-01    -7.542279842E-01     3.750000046E-01
     4279     4.828466113E-01    -7.542294542E-01     2.961554419E-01
     4280     7.202839562E-01    -7.492830872E-01     3.356792303E-01
     4281     6.303954643E-01    -7.862669977E-01     2.963884038E-01
     4282     6.449292231E-01    -6.700322465E-01     3.750000046E-01
     4283     6.449492163E-01    -6.700306893E-01     2.961122448E-01
     4284     9.058307929E-01    -6.810848201E-01     3.356487781E-01
     4285     8.126478005E-01    -7.140684539E-01     2.963280084E-01
     4286     8.202314597E-01    -5.875023298E-01     3.750000046E-01
     4287     8.202625555E-01    -5.874772294E-01     2.960594364E-01
     4288     1.096847716E+00    -6.204134881E-01     3.356179042E-01
     4289     1.001024484E+00    -6.497572950E-01     2.962666823E-01
     4290     1.014425148E+00    -5.109721826E-01     3.750000046E-01
     4291     1.014441941E+00    -5.109447000E-01     2.960512565E-01
     4292     1.288961353E+00    -5.674797897E-01     3.355872074E-01
     4293     1.192666213E+00    -5.930811284E-01     2.962051116E-01
     4294     1.226260629E+00    -4.511614340E-01     3.750000046E-01
     4295     1.226264715E+00    -4.511463886E-01     2.960843045E-01
     4296     1.480283682E+00    -5.216615039E-01     3.355569021E-01
     4297     1.384440903E+00    -5.438119122E-01     2.961441095E-01
     4298     1.433803343E+00    -4.003646898E-01     3.750000046E-01
     4299     1.433802493E+00    -4.003505398E-01     2.960778360E-01
     4300     1.672908603E+00    -4.816421039E-01     3.355265957E-01
     4301     1.576452159E+00    -5.009585144E-01     2.960834978E-01
     4302     1.640078352E+00    -3.524009656E-01     3.750000046E-01
     4303     1.640076167E+00    -3.523885492E-01     2.960403741E-01
     4304     1.866559218E+00    -4.469582016E-01     3.354962900E-01
     4305     1.769618988E+00    -4.636583481E-01     2.960228857E-01
     4306     1.848261792E+00    -3.124698842E-01     3.750000046E-01
     4307     1.848260175E+00    -3.124616901E-01     2.959835585E-01
     4308     2.061039750E+00    -4.172407507E-01     3.354659835E-01
     4309     1.963707628E+00    -4.314982559E-01     2.959622736E-01
     4310     2.063714454E+00    -2.547548605E-01     3.750000046E-01
     4311     2.063713979E+00    -2.547515307E-01     2.959147866E-01
     4312     2.256171587E+00    -3.922017527E-01     3.354356780E-01
     4313     2.158532640E+00    -4.041521273E-01     2.959016615E-01
     4314     2.278073151E+00    -2.514303652E-01     3.750000046E-01
     4315     2.278073576E+00    -2.514322306E-01     2.958491180E-01
     4316     2.451828721E+00    -3.716116758E-01     3.354053717E-01
     4317     2.353942890E+00    -3.813626627E-01     2.958410498E-01
     4318     2.481529074E+00    -2.432039038E-01     3.750000046E-01
     4319     2.481529863E+00    -2.432100780E-01     2.957855897E-01
     4320     2.651532571E+00    -3.550306205E-01     3.353745026E-01
     4321     2.551635439E+00    -3.627768858E-01     2.957798743E-01
     4322     2.684063925E+00    -2.346206339E-01     3.750000046E-01
     4323     2.684064596E+00    -2.346284561E-01     2.957220520E-01
     4324     2.855831386E+00    -3.425239993E-01     3.353429725E-01
     4325     2.753648163E+00    -3.482253238E-01     2.957174751E-01
     4326     2.888315341E+00    -2.274703409E-01     3.750000046E-01
     4327     2.888315657E+00    -2.274763639E-01     2.956579448E-01
     4328     3.059315981E+00    -3.344175868E-01     3.353116018E-01
     4329     2.957552313E+00    -3.379351337E-01     2.956545743E-01
     4330     3.091830377E+00    -2.227036451E-01     3.750000046E-01
     4331     3.091830395E+00    -2.227057619E-01     2.955940973E-01
     4332     3.262765054E+00    -3.305711267E-01     3.352802559E-01
     4333     3.161030483E+00    -3.319656498E-01     2.955918577E-01
     4334     3.295128977E+00    -2.205018181E-01     3.750000046E-01
     4335     3.295128878E+00    -2.205020563E-01     2.955303584E-01
     4336     3.466035906E+00    -3.309425435E-01     3.352489431E-01
     4337     3.364401396E+00    -3.302309951E-01     2.955291991E-01
     4338     3.498108358E+00    -2.209741793E-01     3.750000046E-01
     4339     3.498108154E+00    -2.209773521E-01     2.954667786E-01
     4340     3.668529661E+00    -3.355046554E-01     3.352177422E-01
     4341     3.567294551E+00    -3.326990277E-01     2.954666853E-01
     4342     3.700369002E+00    -2.241400506E-01     3.750000046E-01
     4343     3.700368572E+00    -2.241468276E-01     2.954035308E-01
     4344     3.869618520E+00    -3.442200154E-01     3.351867365E-01
     4345     3.769096773E+00    -3.393376449E-01     2.954044787E-01
     4346     3.901596053E+00    -2.299365313E-01     3.750000046E-01
     4347     3.901595444E+00    -2.299446128E-01     2.953409826E-01
     4348     4.069238625E+00    -3.570816934E-01     3.351559222E-01
     4349     3.969462601E+00    -3.501217082E-01     2.953426587E-01
     4350     4.102063384E+00    -2.382212615E-01     3.750000046E-01
     4351     4.102062889E+00    -2.382273607E-01     2.952797825E-01
     4352     4.267108368E+00    -3.740980720E-01     3.351253288E-01
     4353     4.168219602E+00    -3.650529198E-01     2.952812510E-01
     4354     4.302389898E+00    -2.486899887E-01     3.750000046E-01
     4355     4.302389903E+00    -2.486915978E-01     2.952210147E-01
     4356     4.463022872E+00    -3.953063982E-01     3.350949730E-01
     4357     4.365124954E+00    -3.841533847E-01     2.952203018E-01
     4358     4.504174438E+00    -2.606844326E-01     3.750000046E-01
     4359     4.504175225E+00    -2.606805943E-01     2.951644657E-01
     4360     4.658080976E+00    -4.209609574E-01     3.350646667E-01
     4361     4.560627202E+00    -4.075606279E-01     2.951596397E-01
     4362     4.711900245E+00    -2.727580864E-01     3.750000046E-01
     4363     4.711901917E+00    -2.727492692E-01     2.951107179E-01
     4364     4.852455388E+00    -4.513273965E-01     3.350343613E-01
     4365     4.755362770E+00    -4.355380543E-01     2.950990281E-01
     4366     4.936513142E+00    -2.808307220E-01     3.750000046E-01
     4367     4.936515301E+00    -2.808179153E-01     2.950868546E-01
     4368     5.045986252E+00    -4.867067112E-01     3.350040549E-01
     4369     4.949339176E+00    -4.683689627E-01     2.950384162E-01
     4370     5.110259449E+00    -3.756207863E-01     3.750000046E-01
     4371     5.110261467E+00    -3.756056219E-01     2.951011273E-01
     4372     5.238447719E+00    -5.274755400E-01     3.349737492E-01
     4373     5.142365365E+00    -5.063899535E-01     2.949778041E-01
     4374     5.289016101E+00    -4.331256131E-01     3.750000046E-01
     4375     5.289017156E+00    -4.331125312E-01     2.951141292E-01
     4376     5.430589996E+00    -5.743826456E-01     3.349432814E-01
     4377     5.334708434E+00    -5.501517600E-01     2.949170306E-01
     4378     5.472588153E+00    -4.858425698E-01     3.750000046E-01
     4379     5.472587313E+00    -4.858312986E-01     2.952067457E-01
     4380     5.626138438E+00    -6.293980141E-01     3.349119889E-01
     4381     5.528621390E+00    -6.009752413E-01     2.948552703E-01
     4382     5.661211583E+00    -5.426766297E-01     3.750000046E-01
     4383     5.661208633E+00    -5.426639020E-01     2.953538775E-01
     4384     5.815071045E+00    -6.907398849E-01     3.348813893E-01
     4385     5.720927358E+00    -6.590741494E-01     2.947933782E-01
     4386     5.847258271E+00    -6.035791911E-01     3.750000046E-01
     4387     5.847255214E+00    -6.035606908E-01     2.955622770E-01
     4388     5.995501660E+00    -7.584263243E-01     3.348517034E-01
     4389     5.905692156E+00    -7.234999910E-01     2.947330926E-01
     4390     6.028854053E+00    -6.696965647E-01     3.750000046E-01
     4391     6.028859845E+00    -6.696962193E-01     2.958631123E-01
     4392     6.085595038E+00    -7.962372638E-01     2.946733092E-01
     4393     6.145899109E+00    -6.227580681E-01     3.750000046E-01
     4394     6.145926148E+00    -6.227849430E-01     2.970313238E-01
     4395     6.202066729E+00    -7.506124487E-01     3.750000046E-01
     4396     6.202086220E+00    -7.506435800E-01     2.958415207E-01
     4397     6.349410467E+00    -9.223652651E-01     3.348216040E-01
     4398     6.259846540E+00    -8.838580457E-01     2.946432099E-01
     4399     6.372544341E+00    -8.299251090E-01     3.750000046E-01
     4400     6.372363175E+00    -8.298525567E-01     2.957457714E-01
     4401     6.538569651E+00    -9.720750738E-01     3.348216040E-01
     4402     6.442742229E+00    -9.519276915E-01     2.946432081E-01
     4403     6.554113966E+00    -8.776027266E-01     3.750000046E-01
     4404     6.553510424E+00    -8.775158744E-01     2.954797494E-01
     4405     6.726517712E+00    -9.836781419E-01     3.348216040E-01
     4406     6.632251292E+00    -9.823808059E-01     2.946432081E-01
     4407     6.736310207E+00    -8.905418176E-01     3.750000046E-01
     4408     6.735798755E+00    -8.905957864E-01     2.951614515E-01
     4409     6.912752890E+00    -9.593865382E-01     3.348216040E-01
     4410     6.820198900E+00    -9.759868521E-01     2.946432081E-01
     4411     6.915038139E+00    -8.740115397E-01     3.750000046E-01
     4412     6.914724866E+00    -8.740531885E-01     2.949509155E-01
     4413     7.094946426E+00    -8.983993388E-01     3.348216040E-01
     4414     7.005321939E+00    -9.333556842E-01     2.946432081E-01
     4415     7.073047332E+00    -8.479208475E-01     3.750000046E-01
     4416     7.072893409E+00    -8.479523987E-01     2.947741920E-01
     4417     7.263987210E+00    -8.016399596E-01     3.348216040E-01
     4418     7.181860659E+00    -8.542145522E-01     2.946432081E-01
     4419     7.200281704E+00    -7.459468388E-01     3.750000046E-01
     4420     7.200189053E+00    -7.459643317E-01     2.947454476E-01
     4421     7.408441242E+00    -6.758489655E-01     3.348216040E-01
     4422     7.339286597E+00    -7.422624936E-01     2.946432081E-01
     4423     7.332881771E+00    -6.210352941E-01     3.750000046E-01
     4424     7.332850634E+00    -6.210519721E-01     2.946738232E-01
     4425     7.522811000E+00    -5.291709440E-01     3.348216040E-01
     4426     7.469101243E+00    -6.052142990E-01     2.946432081E-01
     4427     7.441535114E+00    -4.782268531E-01     3.750000046E-01
     4428     7.441458217E+00    -4.783511579E-01     2.946454469E-01
     4429     7.607652786E+00    -3.633232268E-01     3.348216040E-01
     4430     7.569166136E+00    -4.482555697E-01     2.946432081E-01
     4431     7.522127994E+00    -3.187496252E-01     3.750000046E-01
     4432     7.522087306E+00    -3.188926329E-01     2.946432888E-01
     4433     7.660903677E+00    -1.781761293E-01     3.348216040E-01
     4434     7.638819539E+00    -2.720541995E-01     2.946432081E-01
     4435     7.573180959E+00    -1.449987334E-01     3.750000046E-01
     4436     7.573178071E+00    -1.451359561E-01     2.946425756E-01
     4437     7.677165354E+00    -3.614993933E-08     3.348216040E-01
     4438     7.673091513E+00    -8.945824379E-02     2.946432081E-01
     4439     7.595366645E+00     2.269465446E-02     3.750000046E-01
     4440     7.595376855E+00     2.259271742E-02     2.946381983E-01
     4441     7.660834497E+00     1.785515607E-01     3.348117967E-01
     4442     7.673073978E+00     8.965015644E-02     2.946334007E-01
     4443     7.606901496E+00     1.712242950E-01     3.750000046E-01
     4444     7.606914549E+00     1.711672503E-01     2.946242729E-01
     4445     7.608500595E+00     3.611813948E-01     3.348014051E-01
     4446     7.639083292E+00     2.711354763E-01     2.946132018E-01
     4447     7.538694897E+00     3.177708551E-01     3.750000046E-01
     4448     7.538727869E+00     3.176831192E-01     2.946102430E-01
     4449     7.520132156E+00     5.333488949E-01     3.347908202E-01
     4450     7.568557776E+00     4.494428107E-01     2.945922253E-01
     4451     7.446703860E+00     4.772755964E-01     3.750000046E-01
     4452     7.446766396E+00     4.771654645E-01     2.945950731E-01
     4453     7.403883846E+00     6.806415667E-01     3.347805568E-01
     4454     7.465528386E+00     6.097688078E-01     2.945713770E-01
     4455     7.332091892E+00     6.162088568E-01     3.750000046E-01
     4456     7.332105524E+00     6.161887108E-01     2.945911103E-01
     4457     7.262347637E+00     8.028054376E-01     3.347703301E-01
     4458     7.336026846E+00     7.450885956E-01     2.945508869E-01
     4459     7.196155758E+00     7.298399062E-01     3.750000046E-01
     4460     7.196161701E+00     7.298353809E-01     2.947805297E-01
     4461     7.097637900E+00     8.971900606E-01     3.347599448E-01
     4462     7.182264324E+00     8.539833702E-01     2.945302749E-01
     4463     7.040128843E+00     8.164047165E-01     3.750000046E-01
     4464     7.040090980E+00     8.164216564E-01     2.949950489E-01
     4465     6.913181449E+00     9.592882351E-01     3.347492992E-01
     4466     7.006925372E+00     9.328174582E-01     2.945092439E-01
     4467     6.867673484E+00     8.735062954E-01     3.750000046E-01
     4468     6.867638190E+00     8.735143126E-01     2.951723776E-01
     4469     6.721657289E+00     9.838321633E-01     3.347387378E-01
     4470     6.818002953E+00     9.762707297E-01     2.944880370E-01
     4471     6.699193769E+00     9.064610528E-01     3.750000046E-01
     4472     6.699164248E+00     9.064618408E-01     2.951160536E-01
     4473     6.533931242E+00     9.713272442E-01     3.347284469E-01
     4474     6.627478624E+00     9.820744521E-01     2.944671847E-01
     4475     6.532284178E+00     8.961067925E-01     3.750000046E-01
     4476     6.532259346E+00     8.961026779E-01     2.951836654E-01
     4477     6.351368862E+00     9.230922359E-01     3.347181186E-01
     4478     6.441477389E+00     9.515943868E-01     2.944465655E-01
     4479     6.364901474E+00     8.510251480E-01     3.750000046E-01
     4480     6.364882071E+00     8.510182491E-01     2.952919504E-01
     4481     6.260782692E+00     8.843161205E-01     2.944254744E-01
     4482     6.199509146E+00     7.735200357E-01     3.750000046E-01
     4483     6.199508249E+00     7.735211894E-01     2.953295445E-01
     4484     5.997218220E+00     7.591196587E-01     3.347408884E-01
     4485     6.086443374E+00     7.966076977E-01     2.944482442E-01
     4486     6.031540739E+00     6.944922743E-01     3.750000046E-01
     4487     6.031537826E+00     6.945035234E-01     2.953864811E-01
     4488     5.815576974E+00     6.909163547E-01     3.347745063E-01
     4489     5.906809736E+00     7.239189875E-01     2.945153947E-01
     4490     5.858022987E+00     6.170723645E-01     3.750000046E-01
     4491     5.858018758E+00     6.170954549E-01     2.953470733E-01
     4492     5.624338119E+00     6.288544894E-01     3.348093427E-01
     4493     5.720287752E+00     6.588667219E-01     2.945838490E-01
     4494     5.675652672E+00     5.344631313E-01     3.750000046E-01
     4495     5.675649654E+00     5.344903535E-01     2.953113547E-01
     4496     5.431470946E+00     5.746132321E-01     3.348440563E-01
     4497     5.528154518E+00     6.008440172E-01     2.946533990E-01
     4498     5.477636334E+00     4.297525837E-01     3.750000046E-01
     4499     5.477635546E+00     4.297723015E-01     2.951665808E-01
     4500     5.240577440E+00     5.279600977E-01     3.348781052E-01
     4501     5.336211684E+00     5.505187138E-01     2.947221615E-01
     4502     5.254540937E+00     3.938911025E-01     3.750000046E-01
     4503     5.254542139E+00     3.938913503E-01     2.949150765E-01
     4504     5.048345200E+00     4.871715391E-01     3.349121542E-01
     4505     5.144609760E+00     5.068655187E-01     2.947902594E-01
     4506     5.046668396E+00     3.478918033E-01     3.750000046E-01
     4507     5.046670777E+00     3.478836299E-01     2.948939934E-01
     4508     4.855048876E+00     4.517666052E-01     3.349462031E-01
     4509     4.951815457E+00     4.688218681E-01     2.948583572E-01
     4510     4.839674728E+00     3.120778805E-01     3.750000046E-01
     4511     4.839677051E+00     3.120671611E-01     2.949414628E-01
     4512     4.659854073E+00     4.212157871E-01     3.349804353E-01
     4513     4.757547110E+00     4.358794679E-01     2.949266384E-01
     4514     4.635174374E+00     2.855035216E-01     3.750000046E-01
     4515     4.635175906E+00     2.854945397E-01     2.950057769E-01
     4516     4.458969532E+00     3.948222273E-01     3.350155407E-01
     4517     4.559491535E+00     4.074114023E-01     2.949959760E-01
     4518     4.430787244E+00     2.650223817E-01     3.750000046E-01
     4519     4.430787826E+00     2.650177267E-01     2.950720908E-01
     4520     4.259035084E+00     3.733185612E-01     3.350503823E-01
     4521     4.359063613E+00     3.834996040E-01     2.950659231E-01
     4522     4.229027101E+00     2.494093057E-01     3.750000046E-01
     4523     4.229026896E+00     2.494098778E-01     2.951382870E-01
     4524     4.059892231E+00     3.563841925E-01     3.350850116E-01
     4525     4.159509758E+00     3.643083589E-01     2.951353940E-01
     4526     4.028693265E+00     2.376413701E-01     3.750000046E-01
     4527     4.028692657E+00     2.376465497E-01     2.952051572E-01
     4528     3.860081162E+00     3.437113509E-01     3.351197018E-01
     4529     3.960020209E+00     3.495182999E-01     2.952047134E-01
     4530     3.828194732E+00     2.291138472E-01     3.750000046E-01
     4531     3.828194124E+00     2.291214200E-01     2.952727576E-01
     4532     3.658829112E+00     3.351901836E-01     3.351546032E-01
     4533     3.759477308E+00     3.389256868E-01     2.952743049E-01
     4534     3.626712348E+00     2.235407505E-01     3.750000046E-01
     4535     3.626711970E+00     2.235475524E-01     2.953409686E-01
     4536     3.456777179E+00     3.308341567E-01     3.351896200E-01
     4537     3.557814346E+00     3.324901174E-01     2.953442232E-01
     4538     3.424528244E+00     2.208351498E-01     3.750000046E-01
     4539     3.424528091E+00     2.208385652E-01     2.954094945E-01
     4540     3.254148692E+00     3.306483287E-01     3.352247286E-01
     4541     3.355463366E+00     3.302187352E-01     2.954143486E-01
     4542     3.221812113E+00     2.210011531E-01     3.750000046E-01
     4543     3.221812060E+00     2.210012841E-01     2.954782450E-01
     4544     3.051065896E+00     3.346629991E-01     3.352599229E-01
     4545     3.152596834E+00     3.321286768E-01     2.954846515E-01
     4546     3.018727349E+00     2.241515701E-01     3.750000046E-01
     4547     3.018727428E+00     2.241531104E-01     2.955471415E-01
     4548     2.848188518E+00     3.429124140E-01     3.352951038E-01
     4549     2.949605506E+00     3.382548767E-01     2.955550266E-01
     4550     2.815763625E+00     2.305497803E-01     3.750000046E-01
     4551     2.815764035E+00     2.305554490E-01     2.956160351E-01
     4552     2.646730875E+00     3.553781689E-01     3.353300764E-01
     4553     2.747426429E+00     3.486081136E-01     2.956251802E-01
     4554     2.613704912E+00     2.408194803E-01     3.750000046E-01
     4555     2.613705659E+00     2.408279074E-01     2.956845958E-01
     4556     2.448457562E+00     3.719294726E-01     3.353645499E-01
     4557     2.547549379E+00     3.631169342E-01     2.956946263E-01
     4558     2.413391388E+00     2.563497955E-01     3.750000046E-01
     4559     2.413392150E+00     2.563576977E-01     2.957523435E-01
     4560     2.252317743E+00     3.926519026E-01     3.353987234E-01
     4561     2.350329827E+00     3.817434905E-01     2.957632733E-01
     4562     2.214569842E+00     2.803788010E-01     3.750000046E-01
     4563     2.214570100E+00     2.803828291E-01     2.958188538E-01
     4564     2.057415466E+00     4.177500736E-01     3.354327721E-01
     4565     2.154793407E+00     4.046325942E-01     2.958314955E-01
     4566     2.026787693E+00     3.210585637E-01     3.750000046E-01
     4567     2.026787096E+00     3.210560361E-01     2.958802235E-01
     4568     1.863171694E+00     4.475200269E-01     3.354668211E-01
     4569     1.960201557E+00     4.320345629E-01     2.958995932E-01
     4570     1.837868888E+00     3.493413648E-01     3.750000046E-01
     4571     1.837867211E+00     3.493328091E-01     2.959424342E-01
     4572     1.669753321E+00     4.822518101E-01     3.355008701E-01
     4573     1.766347404E+00     4.642447808E-01     2.959676912E-01
     4574     1.641519780E+00     3.835054225E-01     3.750000046E-01
     4575     1.641517522E+00     3.834935706E-01     2.960009139E-01
     4576     1.477367939E+00     5.223125736E-01     3.355349189E-01
     4577     1.573416456E+00     5.015895856E-01     2.960357889E-01
     4578     1.453451553E+00     4.352326618E-01     3.750000046E-01
     4579     1.453449914E+00     4.352213226E-01     2.960482281E-01
     4580     1.286280972E+00     5.681683161E-01     3.355689675E-01
     4581     1.381642612E+00     5.444823290E-01     2.961038863E-01
     4582     1.260991713E+00     4.725986311E-01     3.750000046E-01
     4583     1.260992354E+00     4.725928033E-01     2.960870410E-01
     4584     1.093446329E+00     6.214196683E-01     3.356036296E-01
     4585     1.189622481E+00     5.939200988E-01     2.961725971E-01
     4586     1.051829073E+00     5.213329565E-01     3.750000046E-01
     4587     1.051834924E+00     5.213351819E-01     2.960938104E-01
     4588     9.037018218E-01     6.818119003E-01     3.356381312E-01
     4589     9.982621103E-01     6.506348217E-01     2.962417608E-01
     4590     8.505074365E-01     5.952212178E-01     3.750000046E-01
     4591     8.505211364E-01     5.952188683E-01     2.961029690E-01
     4592     7.206327311E-01     7.491450168E-01     3.356719285E-01
     4593     8.117679412E-01     7.143916166E-01     2.963100596E-01
     4594     6.674203497E-01     6.761425006E-01     3.750000046E-01
     4595     6.674407610E-01     6.761382216E-01     2.961397644E-01
     4596     6.307622600E-01     7.861101658E-01     2.963775282E-01
     4597     2.500000000E-01     6.123233996E-17     3.348216100E-01
     4598     2.450576759E-01     4.946448730E-02     2.946432136E-01
     4599     2.837431002E-01     1.226220942E-01     3.750000046E-01
     4600     2.303827256E-01     9.707625735E-02     3.348216060E-01
     4601     2.838263272E-01     1.224432035E-01     2.947582770E-01
     4602     3.163762983E-01     1.041640495E-02     3.750000046E-01
     4603     3.163897498E-01     1.042677113E-02     2.947620620E-01
     4604     2.314876024E-01    -9.441128086E-02     3.348216063E-01
     4605     2.453522552E-01    -4.798198475E-02     2.946432139E-01
     4606     3.056958375E-01    -1.052410551E-01     3.750000046E-01
     4607     3.058627728E-01    -1.048452560E-01     2.947702469E-01
     4608     1.773788523E-01    -1.761724802E-01     3.348216056E-01
     4609     2.085970236E-01    -1.377943458E-01     2.946432119E-01
     4610     2.518774200E-01    -2.072548968E-01     3.750000046E-01
     4611     2.520918394E-01    -2.070323778E-01     2.947907944E-01
     4612     9.565904516E-02    -2.309747759E-01     3.348216058E-01
     4613     1.393286634E-01    -2.075753443E-01     2.946432114E-01
     4614     1.741159148E-01    -2.861976215E-01     3.750000046E-01
     4615     1.741848617E-01    -2.861605969E-01     2.948266354E-01
     4616     9.748285560E-02    -2.827983863E-01     3.750000046E-01
     4617     9.752898068E-02    -2.827731105E-01     2.946737521E-01
     4618     1.389651402E-01    -3.895247997E-01     3.750000046E-01
     4619     1.389882836E-01    -3.895060231E-01     2.948122018E-01
     4620     4.878456814E-02    -2.451939353E-01     2.946432117E-01
     4621    -1.746221337E-01    -1.789053113E-01     3.348216057E-01
     4622    -1.365634388E-01    -2.094049359E-01     2.946432115E-01
     4623    -1.409936689E-01    -2.921191639E-01     3.750000046E-01
     4624    -1.410431118E-01    -2.920849336E-01     2.947075820E-01
     4625    -2.254174336E-01    -2.084462548E-01     3.750000046E-01
     4626    -2.256658815E-01    -2.081999393E-01     2.946887811E-01
     4627    -2.302514620E-01    -9.738718732E-02     3.348216059E-01
     4628    -2.065863836E-01    -1.407908594E-01     2.946432116E-01
     4629    -2.830262434E-01    -1.092638317E-01     3.750000046E-01
     4630    -2.831067137E-01    -1.090862663E-01     2.946749802E-01
     4631    -2.500000000E-01    -1.977385939E-08     3.348216058E-01
     4632    -2.450237098E-01    -4.963246533E-02     2.946432118E-01
     4633    -3.072434636E-01     6.133018012E-03     3.750000046E-01
     4634    -3.072551601E-01     6.141017029E-03     2.946794285E-01
     4635    -2.310857377E-01     9.539068011E-02     3.348216062E-01
     4636    -2.452482866E-01     4.851059588E-02     2.946432121E-01
     4637    -2.869537563E-01     1.189898491E-01     3.750000046E-01
     4638    -2.871077593E-01     1.186327911E-01     2.946905774E-01
     4639    -1.773929734E-01     1.761582612E-01     3.348216056E-01
     4640    -2.083081416E-01     1.382306700E-01     2.946432118E-01
     4641    -2.337458738E-01     2.149993250E-01     3.750000046E-01
     4642    -2.339715619E-01     2.147620012E-01     2.947102267E-01
     4643    -9.577973983E-02     2.309247528E-01     3.348216058E-01
     4644    -1.393985731E-01     2.075284024E-01     2.946432114E-01
     4645    -1.611732234E-01     2.914523974E-01     3.750000046E-01
     4646    -1.612605218E-01     2.913984081E-01     2.947405874E-01
     4647    -9.605197183E-02     2.845860264E-01     3.750000046E-01
     4648    -9.610517727E-02     2.845531162E-01     2.946625174E-01
     4649    -1.308278088E-01     3.952085862E-01     3.750000046E-01
     4650    -1.308583035E-01     3.951776456E-01     2.947508568E-01
     4651    -4.885197917E-02     2.451805134E-01     2.946432117E-01
     4652     1.763301851E-01     1.772220805E-01     3.348216056E-01
     4653     1.379023011E-01     2.085256708E-01     2.946432115E-01
     4654     1.273204038E-01     2.818568399E-01     3.750000046E-01
     4655     1.273509596E-01     2.818322003E-01     2.947260325E-01
     4656     2.176412367E-01     2.150040713E-01     3.750000046E-01
     4657     2.179064835E-01     2.147382955E-01     2.947564549E-01
     4658     2.073594752E-01     1.396497334E-01     2.946432116E-01
     4659     6.217072474E+00    -4.416381483E-01     3.750000046E-01
     4660     6.217175585E+00    -4.417163442E-01     2.995880590E-01
     4661     6.287413554E+00    -1.940939987E-01     3.388819200E-01
     4662     6.287413554E+00    -2.432080410E-01     3.027635465E-01
     4663     6.216252865E+00    -3.375497102E-01     3.750000046E-01
     4664     6.216269947E+00    -3.375343283E-01     3.012502629E-01
     4665     6.215719014E+00    -2.003527434E-01     3.750000046E-01
     4666     6.215721956E+00    -2.000174631E-01     3.018484608E-01
     4667     6.287413554E+00    -9.640820459E-02     3.388822124E-01
     4668     6.287413554E+00    -1.450214136E-01     3.027641324E-01
     4669     6.223277440E+00    -8.638524568E-02     3.750000046E-01
     4670     6.223277919E+00    -8.594261978E-02     3.020434658E-01
     4671     6.287413554E+00     1.120462919E-03     3.388825038E-01
     4672     6.287413554E+00    -4.743535569E-02     3.027647162E-01
     4673     6.233964818E+00     1.843116819E-02     3.750000046E-01
     4674     6.233964814E+00     1.872043903E-02     3.021063616E-01
     4675     6.287413554E+00     9.859579933E-02     3.388827949E-01
     4676     6.287413554E+00     4.994024458E-02     3.027652988E-01
     4677     6.247460983E+00     1.151181508E-01     3.750000046E-01
     4678     6.247460847E+00     1.151652502E-01     3.021770723E-01
     4679     6.287413554E+00     1.961029112E-01     3.388830862E-01
     4680     6.287413554E+00     1.472939967E-01     3.027658812E-01
     4681     6.263602036E+00     1.968525600E-01     3.750000046E-01
     4682     6.263601905E+00     1.967077695E-01     3.023516557E-01
     4683     6.287413554E+00     2.442548451E-01     3.027664627E-01
     4684     6.405123866E+00     4.088730762E-01     3.380776627E-01
     4685     6.371351532E+00     3.828811493E-01     3.015684383E-01
     4686     6.371986547E+00     4.485791733E-01     3.750000046E-01
     4687     6.371986034E+00     4.485807337E-01     3.004296866E-01
     4688     6.485651793E+00     4.550193756E-01     3.376273997E-01
     4689     6.444314722E+00     4.338187462E-01     3.007050624E-01
     4690     6.468282316E+00     5.019895219E-01     3.750000046E-01
     4691     6.468280073E+00     5.019888804E-01     2.996475211E-01
     4692     6.587363992E+00     4.887323658E-01     3.371075645E-01
     4693     6.535602119E+00     4.746084337E-01     2.997349642E-01
     4694     6.580091103E+00     5.407357975E-01     3.750000046E-01
     4695     6.580087734E+00     5.407353791E-01     2.986776230E-01
     4696     6.706763417E+00     4.998081398E-01     3.365258354E-01
     4697     6.646730432E+00     4.978625661E-01     2.986333999E-01
     4698     6.717275271E+00     5.676910431E-01     3.750000046E-01
     4699     6.717269232E+00     5.676920427E-01     2.975765852E-01
     4700     6.829366161E+00     4.810204154E-01     3.359241098E-01
     4701     6.768649594E+00     4.942307424E-01     2.974499452E-01
     4702     6.859215700E+00     5.401390624E-01     3.750000046E-01
     4703     6.859209413E+00     5.401416140E-01     2.965581357E-01
     4704     6.938305012E+00     4.356408498E-01     3.353515953E-01
     4705     6.885179107E+00     4.615559472E-01     2.962757050E-01
     4706     6.980120530E+00     4.860002404E-01     3.750000046E-01
     4707     6.980121286E+00     4.859993198E-01     2.955580803E-01
     4708     7.027059727E+00     3.719492201E-01     3.348216250E-01
     4709     6.984427054E+00     4.062262684E-01     2.951732203E-01
     4710     7.082155078E+00     4.100351613E-01     3.750000046E-01
     4711     7.082166623E+00     4.100157076E-01     2.946454925E-01
     4712     7.117355175E+00     2.642899312E-01     3.348216238E-01
     4713     7.076141150E+00     3.211486900E-01     2.946432488E-01
     4714     7.180383611E+00     2.949750437E-01     3.750000046E-01
     4715     7.180732374E+00     2.943993909E-01     2.946358339E-01
     4716     7.173708240E+00     1.372454301E-01     3.348216250E-01
     4717     7.150139110E+00     2.023478128E-01     2.946432488E-01
     4718     7.260587804E+00     1.432127179E-01     3.750000046E-01
     4719     7.260763999E+00     1.425813939E-01     2.946379247E-01
     4720     7.192913275E+00    -3.325753995E-04     3.348216251E-01
     4721     7.188168991E+00     6.871597834E-02     2.946432501E-01
     4722     7.262951245E+00    -2.040854185E-02     3.750000046E-01
     4723     7.262950030E+00    -2.106716997E-02     2.946423127E-01
     4724     7.173520051E+00    -1.379029864E-01     3.348216250E-01
     4725     7.187962718E+00    -7.018660029E-02     2.946432500E-01
     4726     7.233771268E+00    -1.677593105E-01     3.750000046E-01
     4727     7.233584443E+00    -1.684126064E-01     2.946432904E-01
     4728     7.116999601E+00    -2.648601185E-01     3.348216261E-01
     4729     7.149526526E+00    -2.037263867E-01     2.946432511E-01
     4730     7.171385242E+00    -3.025650979E-01     3.750000046E-01
     4731     7.171011854E+00    -3.031640561E-01     2.946458344E-01
     4732     7.027059721E+00    -3.719492257E-01     3.348216250E-01
     4733     7.075657912E+00    -3.217244597E-01     2.946432511E-01
     4734     7.075908471E+00    -4.218120305E-01     3.750000046E-01
     4735     7.075854442E+00    -4.218384803E-01     2.946964876E-01
     4736     6.910010638E+00    -4.504095728E-01     3.355071295E-01
     4737     6.971209339E+00    -4.153930217E-01     2.953287545E-01
     4738     6.941447693E+00    -5.290818471E-01     3.750000046E-01
     4739     6.940889898E+00    -5.292514507E-01     2.957459679E-01
     4740     6.772196174E+00    -4.936742240E-01     3.362142606E-01
     4741     6.841867331E+00    -4.772973100E-01     2.967213901E-01
     4742     6.772286156E+00    -5.640525255E-01     3.750000046E-01
     4743     6.769940740E+00    -5.643966623E-01     2.969927039E-01
     4744     6.616616629E+00    -4.941445182E-01     3.369706940E-01
     4745     6.692900132E+00    -4.999999998E-01     2.981849546E-01
     4746     6.608187557E+00    -5.597598492E-01     3.750000046E-01
     4747     6.605489844E+00    -5.593527062E-01     2.983356351E-01
     4748     6.470339470E+00    -4.477285474E-01     3.377103238E-01
     4749     6.540708322E+00    -4.762705310E-01     2.996810177E-01
     4750     6.453683454E+00    -5.136704645E-01     3.750000046E-01
     4751     6.452977977E+00    -5.133391634E-01     2.995977178E-01
     4752     6.357391948E+00    -3.707092729E-01     3.383702415E-01
     4753     6.411193490E+00    -4.130785646E-01     3.010805653E-01
     4754     6.323082178E+00    -4.355776356E-01     3.750000046E-01
     4755     6.323448577E+00    -4.359250638E-01     3.005896640E-01
     4756     6.320472158E+00    -3.335978593E-01     3.022518679E-01
     4757    -9.375000000E-02     4.484999822E-01     3.348216082E-01
     4758    -8.644733456E-02     4.122243767E-01     2.946432099E-01
     4759    -1.295203669E-01     4.503433618E-01     3.750000046E-01
     4760    -1.295383347E-01     4.503284576E-01     2.947315511E-01
     4761    -6.684598405E-02     5.142318562E-01     3.348216040E-01
     4762    -8.676033600E-02     4.840205095E-01     2.946432099E-01
     4763    -8.571562054E-02     5.398633680E-01     3.750000046E-01
     4764    -8.570136375E-02     5.398796187E-01     2.947536021E-01
     4765    -1.106647676E-08     5.422500000E-01     3.348216040E-01
     4766    -3.623202745E-02     5.349656156E-01     2.946432081E-01
     4767    -4.760386660E-03     5.761049692E-01     3.750000046E-01
     4768    -4.762340402E-03     5.761046533E-01     2.947762934E-01
     4769     6.570257926E-02     5.153747604E-01     3.348216040E-01
     4770     3.548824395E-02     5.352735388E-01     2.946432081E-01
     4771     9.122774576E-02     5.589002653E-01     3.750000046E-01
     4772     9.121804637E-02     5.589088575E-01     2.948593534E-01
     4773     9.375000000E-02     4.485000074E-01     3.348216040E-01
     4774     8.645213808E-02     4.847641741E-01     2.946432081E-01
     4775     1.551080174E-01     4.561141431E-01     3.750000046E-01
     4776     1.551258192E-01     4.560965137E-01     2.948180372E-01
     4777     6.684840478E-02     3.827706057E-01     3.348216040E-01
     4778     8.676229423E-02     4.129842739E-01     2.946432081E-01
     4779     1.138301729E-01     3.573853816E-01     3.750000046E-01
     4780     1.138455787E-01     3.573561123E-01     2.947260308E-01
     4781     3.623679380E-02     3.620363818E-01     2.946432081E-01
     4782    -8.644928270E-02    -4.847709804E-01     2.946432099E-01
     4783    -8.324973394E-02    -5.474067501E-01     3.750000046E-01
     4784    -6.569848356E-02    -5.153787841E-01     3.348216040E-01
     4785    -8.323190535E-02    -5.474254401E-01     2.947684516E-01
     4786    -3.622889803E-02    -3.620330731E-01     2.946432081E-01
     4787     9.375000000E-02    -4.485000000E-01     3.348216040E-01
     4788     8.645024837E-02    -4.122313213E-01     2.946432081E-01
     4789     1.361696221E-01    -4.464709133E-01     3.750000046E-01
     4790     1.361810110E-01    -4.464631860E-01     2.947816595E-01
     4791     6.685065764E-02    -5.142271030E-01     3.348216040E-01
     4792     8.676362246E-02    -4.840124811E-01     2.946432081E-01
     4793     9.430708807E-02    -5.388239895E-01     3.750000046E-01
     4794     9.430154775E-02    -5.388302988E-01     2.948029592E-01
     4795     3.689659124E-09    -5.422500000E-01     3.348216040E-01
     4796     3.624003476E-02    -5.349622599E-01     2.946432081E-01
     4797     7.846974982E-03    -5.848088041E-01     3.750000046E-01
     4798     7.845792952E-03    -5.848088034E-01     2.948285757E-01
     4799    -3.548140973E-02    -5.352763335E-01     2.946432081E-01
     4800    -2.792377835E-01    -5.790545416E-01     2.534333803E-01
     4801    -3.428830853E-01    -5.774213955E-01     2.117914711E-01
     4802    -4.064821451E-01    -5.758324650E-01     2.534884978E-01
     4803    -4.349098183E-01    -5.276352909E-01     2.117663517E-01
     4804    -4.632739672E-01    -4.795035430E-01     2.533838321E-01
     4805    -3.986041974E-01    -4.524499003E-01     2.116570514E-01
     4806    -3.338579593E-01    -4.254769549E-01     2.532702343E-01
     4807    -3.065774644E-01    -5.022360050E-01     2.116821708E-01
     4808    -1.720590436E-01    -4.879395135E-01     2.531686535E-01
     4809    -2.256631197E-01    -5.334832814E-01     2.116325175E-01
     4810    -2.614567130E-01    -3.887722408E-01     2.115172514E-01
     4811    -1.889913059E-01    -3.521343050E-01     2.531031865E-01
     4812    -1.805423683E-01    -4.200195172E-01     2.114675981E-01
     4813     6.217003638E+00     3.889906691E-01     2.592407815E-01
     4814     6.278459410E+00     3.715558076E-01     2.196539787E-01
     4815     6.339915257E+00     3.541077814E-01     2.614391357E-01
     4816     6.312416316E+00     3.243793767E-01     2.214096105E-01
     4817     6.248371726E+00     2.797706384E-01     2.208954158E-01
     4818     6.209329988E+00     2.669983145E-01     2.605288031E-01
     4819     6.213166849E+00     3.280109830E-01     2.191397839E-01
     4820    -1.279067540E-01    -3.674141527E-01     2.113721677E-01
     4821    -6.681333072E-02    -3.827349535E-01     2.529765614E-01
     4822    -8.675067391E-02    -4.129558996E-01     2.113099159E-01
     4823    -9.375000000E-02    -4.484999823E-01     2.529765645E-01
     4824    -1.329095279E-01    -4.682149682E-01     2.114053464E-01
     4825    -3.696278662E-01    -3.588884884E-01     2.115479663E-01
     4826    -4.052803290E-01    -2.924244712E-01     2.531649796E-01
     4827    -3.410687210E-01    -2.648795448E-01     2.114472244E-01
     4828    -2.766720850E-01    -2.375268215E-01     2.530664746E-01
     4829    -2.328975677E-01    -2.947632971E-01     2.114165096E-01
     4830    -5.004402953E-01    -4.175530193E-01     2.116568928E-01
     4831    -5.375173582E-01    -3.557010691E-01     2.532685857E-01
     4832    -4.714639641E-01    -3.239916074E-01     2.115478077E-01
     4833     5.730520105E+00     1.424237006E-01     2.559789377E-01
     4834     5.690221218E+00     4.898817964E-02     2.143208100E-01
     4835     5.649921446E+00    -4.455422129E-02     2.553006705E-01
     4836     5.555430862E+00    -1.452015973E-02     2.132260791E-01
     4837     5.460939725E+00     1.544982194E-02     2.540584598E-01
     4838     5.492370184E+00     1.502206234E-01     2.125586271E-01
     4839     5.523800365E+00     2.849522292E-01     2.541218966E-01
     4840     5.627160540E+00     2.137289628E-01     2.136533580E-01
     4841     5.853460350E+00     2.945046936E-01     2.561432390E-01
     4842     5.791990585E+00     2.185167258E-01     2.148042171E-01
     4843     5.625381024E+00     3.625712992E-01     2.128457750E-01
     4844     5.726961409E+00     4.401478582E-01     2.545484149E-01
     4845     5.790211070E+00     3.673590622E-01     2.139966341E-01
     4846     5.970878563E+00     1.817365327E-01     2.577603791E-01
     4847     5.929053830E+00     1.132819631E-01     2.165712354E-01
     4848     5.887227933E+00     4.465911632E-02     2.574797920E-01
     4849     5.808874626E+00     9.362014743E-02     2.155592028E-01
     4850     5.912169789E+00     2.381785414E-01     2.158162497E-01
     4851     5.854198313E+00    -3.437778131E-02     2.159832093E-01
     4852     5.821166735E+00    -1.135884775E-01     2.567291647E-01
     4853     5.735544904E+00    -7.900974910E-02     2.147448166E-01
     4854     6.026265570E+00    -2.835523134E-02     2.590454623E-01
     4855     6.005042602E+00    -1.001010209E-01     2.177828135E-01
     4856     5.983816222E+00    -1.721037239E-01     2.583386602E-01
     4857     5.902493293E+00    -1.427511884E-01     2.164685589E-01
     4858     5.956747622E+00     8.272386186E-03     2.172974640E-01
     4859     6.076412593E+00     9.468052638E-02     2.593241640E-01
     4860     6.051339792E+00     3.329001082E-02     2.183435189E-01
     4861     6.023646000E+00     1.382995877E-01     2.176172903E-01
     4862     6.136377838E+00     1.963255948E-01     2.596649298E-01
     4863     6.172854051E+00     2.316993941E-01     2.193795193E-01
     4864     6.224560308E+00     2.321921736E-01     2.203552435E-01
     4865     6.239790486E+00     1.973975356E-01     2.613896477E-01
     4866     6.223649562E+00     1.645948532E-01     2.206145492E-01
     4867     6.207508442E+00     1.317763405E-01     2.609877483E-01
     4868     6.171943305E+00     1.641020736E-01     2.196388249E-01
     4869     6.073401509E+00     2.950047884E-01     2.582078894E-01
     4870     6.022140334E+00     2.384277602E-01     2.169864931E-01
     4871     5.921894663E+00     3.527296699E-01     2.150866871E-01
     4872     5.990328635E+00     4.108835666E-01     2.564681106E-01
     4873     6.031865207E+00     3.529788887E-01     2.162569305E-01
     4874     6.829322780E-01    -1.674494622E-01     2.537346142E-01
     4875     8.075210467E-01    -2.843990613E-01     2.123000370E-01
     4876     9.320535549E-01    -4.014473423E-01     2.541996794E-01
     4877     8.334118436E-01    -4.476093100E-01     2.125100450E-01
     4878     7.347235540E-01    -4.938347754E-01     2.541543762E-01
     4879     6.351067235E-01    -4.125315056E-01     2.122527074E-01
     4880     5.353990818E-01    -3.313350710E-01     2.536848998E-01
     4881     6.092159266E-01    -2.493212568E-01     2.120426994E-01
     4882     6.008422477E-01     6.076766138E-02     2.535895220E-01
     4883     7.519062225E-01     1.204624784E-01     2.121465852E-01
     4884     9.029356542E-01     1.801429449E-01     2.540388491E-01
     4885     9.596683157E-01     4.522845247E-02     2.124180114E-01
     4886     1.016374114E+00    -8.970451334E-02     2.541324977E-01
     4887     8.496794600E-01    -1.285343913E-01     2.122661869E-01
     4888     6.419173668E-01    -5.330036540E-02     2.119947607E-01
     4889     5.942191380E+00    -3.388695077E-01     2.568055711E-01
     4890     5.852385035E+00    -3.106743325E-01     2.149549086E-01
     4891     5.762574837E+00    -2.826033862E-01     2.555971480E-01
     4892     5.791871818E+00    -1.980308582E-01     2.149120023E-01
     4893     5.963006510E+00    -2.553946627E-01     2.165114651E-01
     4894    -1.107717163E-08    -3.547500000E-01     2.529765614E-01
     4895    -4.658691836E-02    -2.933692216E-01     2.113099183E-01
     4896    -9.314656025E-02    -2.319993929E-01     2.529765668E-01
     4897    -4.744937427E-02    -2.454558145E-01     2.113099219E-01
     4898     2.949299301E-08    -2.500000000E-01     2.529765668E-01
     4899     1.540571642E-02    -2.834868448E-01     2.113193629E-01
     4900     3.080764543E-02    -3.169772968E-01     2.529954834E-01
     4901     1.540569613E-02    -3.358618448E-01     2.113193592E-01
     4902     6.510009619E-02    -3.257680464E-01     2.113498342E-01
     4903     9.937666706E-02    -3.345740387E-01     2.530375786E-01
     4904     8.252669053E-02    -3.580751786E-01     2.113403896E-01
     4905     6.567618383E-02    -3.815993171E-01     2.529765614E-01
     4906     3.546869439E-02    -3.617184684E-01     2.113099146E-01
     4907     3.689606497E-09     3.547500000E-01     2.529765614E-01
     4908     4.693365855E-02     2.932293540E-01     2.113099183E-01
     4909     9.385945478E-02     2.317118960E-01     2.529765668E-01
     4910     4.781642513E-02     2.453845747E-01     2.113099219E-01
     4911    -9.848076061E-09     2.500000000E-01     2.529765668E-01
     4912    -1.506831469E-02     2.843966248E-01     2.113159107E-01
     4913    -3.013255599E-02     3.187984553E-01     2.529885891E-01
     4914    -1.506830792E-02     3.367716248E-01     2.113159070E-01
     4915    -6.327627932E-02     3.284791493E-01     2.113351283E-01
     4916    -9.640293833E-02     3.381817036E-01     2.530150903E-01
     4917    -8.102811799E-02     3.598645804E-01     2.113291360E-01
     4918    -6.565866924E-02     3.815821275E-01     2.529765614E-01
     4919    -3.545294307E-02     3.617120324E-01     2.113099146E-01
     4920     5.442376017E+00    -7.880731213E-02     2.124827009E-01
     4921     5.423812051E+00    -1.730994340E-01     2.540003995E-01
     4922     5.357695846E+00    -1.564395113E-01     2.123051233E-01
     4923     5.291579442E+00    -1.398069928E-01     2.537553269E-01
     4924     5.274319005E+00    -6.221615071E-02     2.121116090E-01
     4925     5.257058440E+00     1.535462025E-02     2.536621624E-01
     4926     5.358999176E+00     1.541604843E-02     2.122891866E-01
     4927     5.588334327E+00    -2.237506826E-01     2.546703774E-01
     4928     5.506073414E+00    -1.984008398E-01     2.128297866E-01
     4929     5.619128258E+00    -1.341136874E-01     2.135731648E-01
     4930     5.675455172E+00    -2.531347965E-01     2.137403505E-01
     4931     1.289336562E+00    -3.767182020E-02     2.543037830E-01
     4932     1.152864612E+00    -6.367893379E-02     2.125506423E-01
     4933     1.057398281E+00     1.777666800E-01     2.124898383E-01
     4934     1.211842039E+00     1.753847117E-01     2.542760465E-01
     4935     1.250594578E+00     6.885929372E-02     2.126224691E-01
     4936     1.535133176E+00     5.504604058E-02     2.543340765E-01
     4937     1.412238215E+00     8.689299890E-03     2.126516422E-01
     4938     1.300232828E+00     1.891083206E-01     2.126327435E-01
     4939     1.388614963E+00     2.028282324E-01     2.543242115E-01
     4940     1.461876466E+00     1.289383268E-01     2.126619166E-01
     4941    -6.147045954E-01    -2.130146049E-01     2.531896873E-01
     4942    -6.554086459E-01    -1.329228566E-01     2.115178754E-01
     4943    -6.960703011E-01    -5.290184001E-02     2.531828230E-01
     4944    -6.225869415E-01    -2.508097745E-03     2.115033768E-01
     4945    -5.490640236E-01     4.784171947E-02     2.531602746E-01
     4946    -5.122256144E-01    -5.111976307E-02     2.114703728E-01
     4947    -4.753323004E-01    -1.501605830E-01     2.531168799E-01
     4948    -5.450473188E-01    -1.815345219E-01     2.114848713E-01
     4949    -5.761495834E-01    -2.843055720E-01     2.115605804E-01
     4950    -4.403616995E-01    -2.212205573E-01     2.114720987E-01
     4951     6.106395531E+00     1.455856331E-01     2.186966258E-01
     4952     6.104889865E+00     2.457138055E-01     2.180658286E-01
     4953     5.174536777E+00    -2.644985738E-01     2.535690713E-01
     4954     5.097556066E+00    -1.873970459E-01     2.118818675E-01
     4955     5.020575295E+00    -1.103049877E-01     2.534623620E-01
     4956     5.138816908E+00    -4.746880775E-02     2.119398004E-01
     4957     5.233058163E+00    -2.021443889E-01     2.120536761E-01
     4958     5.339586726E+00    -3.387404433E-01     2.536761037E-01
     4959     5.257061808E+00    -3.016119421E-01     2.120077225E-01
     4960     5.381699490E+00    -2.559070645E-01     2.122591697E-01
     4961     5.514584860E+00    -3.972635900E-01     2.539680897E-01
     4962     5.427085915E+00    -3.679892425E-01     2.122403491E-01
     4963     5.551459839E+00    -3.104830178E-01     2.128109660E-01
     4964     5.696279324E+00    -4.559033829E-01     2.543873130E-01
     4965     5.605432400E+00    -4.265620251E-01     2.126500498E-01
     4966     5.729427734E+00    -3.692138038E-01     2.135794343E-01
     4967     5.879441018E+00    -5.163464662E-01     2.549459028E-01
     4968     5.787861189E+00    -4.860941055E-01     2.132104394E-01
     4969     5.910818490E+00    -4.275546341E-01     2.145859137E-01
     4970     5.433398508E-01     1.441059241E-01     2.118903371E-01
     4971     4.857817570E-01     2.274822981E-01     2.535261254E-01
     4972     5.733624487E-01     2.869728127E-01     2.120478145E-01
     4973     6.608858096E-01     3.465386543E-01     2.539049122E-01
     4974     7.819288204E-01     2.633293670E-01     2.123040626E-01
     4975     1.163574616E+00    -3.348057234E-01     2.543270575E-01
     4976     1.047826028E+00    -3.681086079E-01     2.125962874E-01
     4977     1.089984442E+00    -2.122439379E-01     2.125624373E-01
     4978     1.387323788E+00    -2.790378787E-01     2.543747705E-01
     4979     1.275453692E+00    -3.069173245E-01     2.126837970E-01
     4980     1.338333862E+00    -1.583523204E-01     2.126720019E-01
     4981     1.607244621E+00    -2.231344841E-01     2.543606313E-01
     4982     1.497285867E+00    -2.510850800E-01     2.127006895E-01
     4983     1.571190220E+00    -8.404345975E-02     2.126803297E-01
     4984     1.829961468E+00    -1.779649730E-01     2.543077443E-01
     4985     1.718603633E+00    -2.005493842E-01     2.126673288E-01
     4986     1.656279432E+00     5.176457125E-02     2.126496380E-01
     4987     1.777423320E+00     4.848173301E-02     2.542991685E-01
     4988     1.803692846E+00    -6.474135315E-02     2.126366370E-01
     4989     2.066388352E+00    -9.226224928E-02     2.542309069E-01
     4990     1.948175124E+00    -1.351134832E-01     2.126025797E-01
     4991     1.859207855E+00     5.744849301E-02     2.126097055E-01
     4992     1.940991504E+00     6.641473024E-02     2.542538092E-01
     4993     2.003690133E+00    -1.292363707E-02     2.125756482E-01
     4994     6.530591763E+00     8.208788635E-01     2.544586750E-01
     4995     6.603622620E+00     8.249843996E-01     2.129028033E-01
     4996     6.676676281E+00     8.290913204E-01     2.542766625E-01
     4997     6.661687125E+00     7.755562815E-01     2.133802877E-01
     4998     6.646718787E+00     7.220208369E-01     2.553072442E-01
     4999     6.593748766E+00     7.103560618E-01     2.142610779E-01
     5000     6.540793791E+00     6.986921998E-01     2.558350464E-01
     5001     6.535684261E+00     7.597841799E-01     2.137835935E-01
     5002     6.476341953E+00     6.773854695E-01     2.149282942E-01
     5003     6.411901470E+00     6.560811620E-01     2.564840782E-01
     5004     6.395144044E+00     7.175115721E-01     2.143087126E-01
     5005     6.378399184E+00     7.789459971E-01     2.547343872E-01
     5006     6.454486352E+00     7.999102826E-01     2.131640120E-01
     5007     6.224477642E+00     7.103600669E-01     2.548478583E-01
     5008     6.301434190E+00     7.446522881E-01     2.133862250E-01
     5009     6.345385409E+00     6.241011635E-01     2.155228512E-01
     5010     6.278874679E+00     5.921206338E-01     2.568832662E-01
     5011     6.251675555E+00     6.512418794E-01     2.146003636E-01
     5012     6.065857438E+00     6.298932191E-01     2.548956001E-01
     5013     6.145167204E+00     6.701300957E-01     2.134756770E-01
     5014     6.208719543E+00     5.491000982E-01     2.157928710E-01
     5015     6.138565112E+00     5.060666820E-01     2.569624049E-01
     5016     6.102211191E+00     5.679883145E-01     2.146681844E-01
     5017     5.900460690E+00     5.432885732E-01     2.547198643E-01
     5018     5.983159053E+00     5.866008293E-01     2.133973048E-01
     5019     6.064446866E+00     4.584941863E-01     2.155546328E-01
     5020     5.945394727E+00     4.771067011E-01     2.142837532E-01
     5021     5.813711134E+00     4.917360933E-01     2.131937002E-01
     5022     5.268506965E+00     2.598286928E-01     2.534498512E-01
     5023     5.396153760E+00     2.724039530E-01     2.122122520E-01
     5024     5.262782752E+00     1.375993780E-01     2.119428116E-01
     5025     5.044996431E+00     2.085976050E-01     2.533099973E-01
     5026     5.156751724E+00     2.342171589E-01     2.117410379E-01
     5027     5.032785879E+00     4.914897322E-02     2.117380268E-01
     5028     4.824305292E+00     1.723684445E-01     2.533287442E-01
     5029     4.934650868E+00     1.904843148E-01     2.116616425E-01
     5030     4.893149122E+00    -1.174183413E-01     2.117976656E-01
     5031     4.765722922E+00    -1.245363742E-01     2.534338480E-01
     5032     4.795014110E+00     2.391700024E-02     2.117212813E-01
     5033     4.610497802E+00     1.497736984E-01     2.533866463E-01
     5034     4.717401548E+00     1.610716256E-01     2.116947892E-01
     5035     4.655525282E+00    -1.252943619E-01     2.117948208E-01
     5036     4.545327635E+00    -1.260541951E-01     2.534765166E-01
     5037     4.577912720E+00     1.186026346E-02     2.117683287E-01
     5038     4.402606182E+00     1.352134420E-01     2.534477771E-01
     5039     4.506551992E+00     1.424938750E-01     2.117525317E-01
     5040     4.441499566E+00    -1.246690494E-01     2.118378751E-01
     5041     4.337671495E+00    -1.232848289E-01     2.535265370E-01
     5042     4.370138839E+00     5.964562136E-03     2.118220781E-01
     5043     4.199018764E+00     1.255013148E-01     2.535096709E-01
     5044     4.300812473E+00     1.303575328E-01     2.118129933E-01
     5045     4.236279351E+00    -1.213286768E-01     2.118886202E-01
     5046     4.134887207E+00    -1.193729317E-01     2.535816293E-01
     5047     4.166952985E+00     3.064293793E-03     2.118795353E-01
     5048     3.997493140E+00     1.189089564E-01     2.535737863E-01
     5049     4.098255951E+00     1.222052007E-01     2.118754070E-01
     5050     4.034229814E+00    -1.175209706E-01     2.119454756E-01
     5051     3.933572421E+00    -1.156691559E-01     2.536419527E-01
     5052     3.965532780E+00     1.619936275E-03     2.119413473E-01
     5053     3.796307138E+00     1.145315211E-01     2.536394731E-01
     5054     3.896900137E+00     1.167202640E-01     2.119400579E-01
     5055     3.832889976E+00    -1.142290451E-01     2.120068313E-01
     5056     3.732207531E+00    -1.127889858E-01     2.537049132E-01
     5057     3.764257334E+00     8.712826580E-04     2.120055419E-01
     5058     3.594594877E+00     1.119049427E-01     2.537060477E-01
     5059     3.695451006E+00     1.132182440E-01     2.120060995E-01
     5060     3.631193989E+00    -1.119005486E-01     2.120702646E-01
     5061     3.530180447E+00    -1.110121359E-01     2.537689754E-01
     5062     3.562387661E+00     4.464127019E-04     2.120708222E-01
     5063     3.392279052E+00     1.108429659E-01     2.537730491E-01
     5064     3.493436963E+00     1.113739592E-01     2.120728569E-01
     5065     3.428836596E+00    -1.107225511E-01     2.121345370E-01
     5066     3.327492746E+00    -1.104329781E-01     2.538334996E-01
     5067     3.359885898E+00     2.049954555E-04     2.121365717E-01
     5068     3.189475474E+00     1.113542526E-01     2.538403262E-01
     5069     3.290877261E+00     1.110986096E-01     2.121399844E-01
     5070     3.225918796E+00    -1.107134508E-01     2.121991840E-01
     5071     3.124344848E+00    -1.109939262E-01     2.538982824E-01
     5072     3.156910160E+00     1.801634228E-04     2.122025967E-01
     5073     2.986389002E+00     1.136432116E-01     2.539077275E-01
     5074     3.087932236E+00     1.124987319E-01     2.122073187E-01
     5075     3.022572407E+00    -1.117113291E-01     2.122640509E-01
     5076     2.920799966E+00    -1.124287309E-01     2.539632363E-01
     5077     2.953594483E+00     6.072394035E-04     2.122687729E-01
     5078     2.783339593E+00     1.181984848E-01     2.539751516E-01
     5079     2.884864295E+00     1.159208475E-01     2.122747291E-01
     5080     2.818698312E+00    -1.133275131E-01     2.123291069E-01
     5081     2.716596659E+00    -1.142262941E-01     2.540283923E-01
     5082     2.749968125E+00     1.986094976E-03     2.123350631E-01
     5083     2.580680482E+00     1.262776270E-01     2.540423282E-01
     5084     2.682010037E+00     1.222380565E-01     2.123420291E-01
     5085     2.613913856E+00    -1.145173875E-01     2.123943597E-01
     5086     2.511231046E+00    -1.148084841E-01     2.540937348E-01
     5087     2.545955768E+00     5.734574045E-03     2.124013256E-01
     5088     2.378326786E+00     1.407859322E-01     2.541088776E-01
     5089     2.479503641E+00     1.335317865E-01     2.124088929E-01
     5090     2.405603352E+00    -1.127355820E-01     2.124602635E-01
     5091     2.299975625E+00    -1.106627001E-01     2.541601866E-01
     5092     2.339151225E+00     1.506163045E-02     2.124678308E-01
     5093     2.176822543E+00     1.681137835E-01     2.541735476E-01
     5094     2.277574697E+00     1.544498796E-01     2.124745012E-01
     5095     2.183182060E+00    -1.014624314E-01     2.125288505E-01
     5096     2.121605531E+00     3.792581778E-02     2.125355209E-01
     5097     1.996158915E+00     2.243620781E-01     2.542281758E-01
     5098     2.086490834E+00     1.962379932E-01     2.125341415E-01
     5099     1.968575436E+00     1.453885383E-01     2.125742688E-01
     5100     1.812563085E+00     2.511457971E-01     2.542844256E-01
     5101     1.904361240E+00     2.377540797E-01     2.125895368E-01
     5102     1.794993659E+00     1.498140344E-01     2.126249736E-01
     5103     1.613282554E+00     2.847357820E-01     2.543331725E-01
     5104     1.712923382E+00     2.679411157E-01     2.126419411E-01
     5105     1.574209155E+00     1.698916526E-01     2.126666055E-01
     5106     1.429533560E+00     3.481307744E-01     2.543595537E-01
     5107     1.521409283E+00     3.164338774E-01     2.126793732E-01
     5108     1.409076594E+00     2.754805517E-01     2.126746842E-01
     5109     1.235706778E+00     3.770184176E-01     2.543690262E-01
     5110     1.332622504E+00     3.625755340E-01     2.126971972E-01
     5111     1.223778738E+00     2.762033029E-01     2.126552564E-01
     5112     1.010229564E+00     4.212517985E-01     2.543131331E-01
     5113     1.122972698E+00     3.991362448E-01     2.126739051E-01
     5114     9.565922418E-01     3.006996219E-01     2.125084869E-01
     5115     7.973515887E-01     5.086138079E-01     2.542623601E-01
     5116     9.037991597E-01     4.649273679E-01     2.126204746E-01
     5117     7.291357383E-01     4.275571130E-01     2.124160504E-01
     5118     6.142650426E-01     6.031140372E-01     2.542682088E-01
     5119     7.058220040E-01     5.558492225E-01     2.125978952E-01
     5120     5.777767850E-01     4.078138982E-01     2.122201103E-01
     5121     4.946110935E-01     4.691514537E-01     2.538713265E-01
     5122     5.544630507E-01     5.361060077E-01     2.124019551E-01
     5123     4.517336609E-01     6.942474144E-01     2.542790374E-01
     5124     5.330115027E-01     6.486676772E-01     2.126062697E-01
     5125     4.215265363E-01     5.212733551E-01     2.121791939E-01
     5126     3.483931294E-01     5.734476335E-01     2.538228963E-01
     5127     4.000749883E-01     6.338350247E-01     2.123835085E-01
     5128     3.106220435E-01     7.785127121E-01     2.543016606E-01
     5129     3.811827948E-01     7.363744066E-01     2.126230991E-01
     5130     2.915088180E-01     6.229763491E-01     2.121705912E-01
     5131     2.346068640E-01     6.725251213E-01     2.538535378E-01
     5132     2.726166244E-01     7.255157310E-01     2.124101818E-01
     5133     1.880032981E-01     8.337852925E-01     2.542465596E-01
     5134     2.493122815E-01     8.061474364E-01     2.126068091E-01
     5135     1.994267485E-01     7.083605352E-01     2.122326289E-01
     5136     1.642456252E-01     7.442011075E-01     2.539470836E-01
     5137     1.761224056E-01     7.889922406E-01     2.124292563E-01
     5138     6.184075530E-02     8.408124671E-01     2.540867916E-01
     5139     1.249176536E-01     8.372985973E-01     2.124993828E-01
     5140     1.190450924E-01     7.335577892E-01     2.121746099E-01
     5141     7.385028203E-02     7.229159039E-01     2.537374870E-01
     5142     6.784034049E-02     7.818641460E-01     2.122447364E-01
     5143     1.756733214E-01     6.374788449E-01     2.119635601E-01
     5144     1.167393121E-01     6.024357962E-01     2.534083300E-01
     5145     9.529166535E-02     6.626760989E-01     2.119055411E-01
     5146     5.360420455E-02     6.061973782E-01     2.116582230E-01
     5147    -9.526763280E-03     6.099588668E-01     2.532423317E-01
     5148    -2.436012498E-02     6.575603309E-01     2.117380588E-01
     5149    -3.918619300E-02     7.051637676E-01     2.535683308E-01
     5150     1.732733582E-02     7.140390517E-01     2.119853769E-01
     5151    -7.098954560E-02     8.269001713E-01     2.539670918E-01
     5152    -4.581853531E-03     8.338549645E-01     2.123596455E-01
     5153    -5.509485820E-02     7.660298703E-01     2.121002860E-01
     5154    -2.029529245E-01     7.867781093E-01     2.538675888E-01
     5155    -1.369824245E-01     8.068339175E-01     2.122499485E-01
     5156    -9.488505139E-02     6.823516908E-01     2.118704156E-01
     5157    -1.505705810E-01     6.595455371E-01     2.535077790E-01
     5158    -1.767726177E-01     7.231557381E-01     2.120200781E-01
     5159    -3.286699196E-01     7.179332508E-01     2.537330507E-01
     5160    -2.658284423E-01     7.523441267E-01     2.121329552E-01
     5161    -1.995800643E-01     6.179769645E-01     2.118107073E-01
     5162    -2.485575541E-01     5.764325981E-01     2.534491163E-01
     5163    -2.886358889E-01     6.471653530E-01     2.119235845E-01
     5164    -4.462425673E-01     6.247393274E-01     2.536023298E-01
     5165    -3.874824670E-01     6.713145782E-01     2.120004954E-01
     5166    -2.931692912E-01     5.263687741E-01     2.117432924E-01
     5167    -3.377143164E-01     4.763634221E-01     2.533725347E-01
     5168    -3.920158694E-01     5.505179993E-01     2.118202033E-01
     5169    -5.539751514E-01     5.089063217E-01     2.534710603E-01
     5170    -5.001460268E-01     5.667843008E-01     2.118696402E-01
     5171    -3.789562436E-01     4.192195623E-01     2.116565330E-01
     5172    -4.200860389E-01     3.621948324E-01     2.532751179E-01
     5173    -4.870864010E-01     4.354858637E-01     2.117059699E-01
     5174    -6.478342620E-01     3.730894589E-01     2.533528935E-01
     5175    -6.009402533E-01     4.409499802E-01     2.117449083E-01
     5176    -4.563275948E-01     2.944932123E-01     2.115714043E-01
     5177    -4.924534021E-01     2.269521265E-01     2.532023677E-01
     5178    -5.701814470E-01     2.999573288E-01     2.116103427E-01
     5179    -7.261529318E-01     2.235328488E-01     2.532591772E-01
     5180    -6.870151285E-01     2.982876360E-01     2.116388424E-01
     5181    -5.207928416E-01     1.373660396E-01     2.115136548E-01
     5182    -6.376265230E-01     1.356963468E-01     2.115421545E-01
     5183    -8.069874120E-01     8.823864290E-02     2.531836373E-01
     5184    -7.665825354E-01     1.558900544E-01     2.115539906E-01
     5185    -7.515429539E-01     1.768560981E-02     2.115152129E-01
     5186    -8.739298676E-01    -1.299784971E-02     2.531092401E-01
     5187    -8.404672296E-01     3.762910321E-02     2.114789497E-01
     5188    -7.583170382E-01    -9.487100921E-02     2.115136141E-01
     5189    -8.205355450E-01    -1.368840967E-01     2.531805026E-01
     5190    -8.472413138E-01    -7.492751582E-02     2.114773510E-01
     5191    -7.526435878E-01    -2.917143344E-01     2.532645522E-01
     5192    -7.866027436E-01    -2.142749379E-01     2.115549386E-01
     5193    -6.836943513E-01    -2.523267853E-01     2.115591999E-01
     5194    -6.702134079E-01    -4.395786304E-01     2.533849215E-01
     5195    -7.114526419E-01    -3.656119548E-01     2.116570423E-01
     5196    -6.039078740E-01    -3.975907414E-01     2.116584228E-01
     5197    -5.753993086E-01    -5.690556444E-01     2.535227285E-01
     5198    -6.228361587E-01    -5.042833011E-01     2.117857075E-01
     5199    -5.193685799E-01    -5.242455789E-01     2.117841775E-01
     5200    -4.698297114E-01    -6.723961027E-01     2.536514997E-01
     5201    -5.226400198E-01    -6.207009216E-01     2.119186584E-01
     5202    -4.381812582E-01    -6.240906336E-01     2.119008326E-01
     5203    -3.401103463E-01    -7.359857562E-01     2.537395515E-01
     5204    -4.049905017E-01    -7.041742015E-01     2.120272646E-01
     5205    -3.096923287E-01    -6.575049634E-01     2.119179031E-01
     5206    -2.074178820E-01    -7.994768067E-01     2.538588794E-01
     5207    -2.737781734E-01    -7.677225003E-01     2.121313666E-01
     5208    -2.190871388E-01    -6.261217750E-01     2.118195377E-01
     5209    -1.589096986E-01    -6.732112869E-01     2.535430484E-01
     5210    -1.831729834E-01    -7.363393119E-01     2.120330012E-01
     5211    -7.697134782E-02    -8.393596043E-01     2.539766428E-01
     5212    -1.422039594E-01    -8.194148371E-01     2.122501432E-01
     5213    -1.031942500E-01    -6.993484615E-01     2.119315253E-01
     5214    -4.746643180E-02    -7.254914644E-01     2.536563135E-01
     5215    -6.222522601E-02    -7.824239867E-01     2.121486673E-01
     5216     4.474401389E-02    -8.538790557E-01     2.541192519E-01
     5217    -1.612029789E-02    -8.466183620E-01     2.123800542E-01
     5218    -5.965136835E-03    -7.446839834E-01     2.120828238E-01
     5219     3.554512668E-02    -7.638787695E-01     2.538458866E-01
     5220     4.013979128E-02    -8.088783587E-01     2.123142106E-01
     5221    -3.359609159E-01    -1.208007882E-01     2.530392651E-01
     5222    -3.063904027E-01    -1.790677920E-01     2.113851900E-01
     5223    -4.056833812E-01    -1.354088046E-01     2.114100643E-01
     5224    -3.645224856E-01     1.229053755E-02     2.530484924E-01
     5225    -3.502680010E-01    -5.420952445E-02     2.113765605E-01
     5226    -4.568102342E-01     3.007951707E-02     2.114368691E-01
     5227    -3.431098211E-01     1.419395423E-01     2.530709407E-01
     5228    -3.538562718E-01     7.704483304E-02     2.113926392E-01
     5229    -4.178388792E-01     1.843313556E-01     2.114694250E-01
     5230    -2.905212109E-01     2.533843019E-01     2.531103195E-01
     5231    -3.168995912E-01     1.975317422E-01     2.114236679E-01
     5232    -3.553883068E-01     3.076935990E-01     2.115256472E-01
     5233    -2.267490162E-01     3.518503418E-01     2.531709355E-01
     5234    -2.587093477E-01     3.025422905E-01     2.114736524E-01
     5235    -2.822772846E-01     4.140682538E-01     2.116045382E-01
     5236    -1.653453724E-01     4.521413773E-01     2.531528496E-01
     5237    -1.960807405E-01     4.019687815E-01     2.114948584E-01
     5238    -2.069727472E-01     5.142693019E-01     2.116336126E-01
     5239    -1.045673039E-01     5.655184260E-01     2.531968756E-01
     5240    -1.349647701E-01     5.088239529E-01     2.115077819E-01
     5241    -1.275720873E-01     6.125316155E-01     2.116848766E-01
     5242    -5.704716085E-02     5.877402556E-01     2.115525199E-01
     5243     2.165198017E-01     4.636737542E-01     2.533256913E-01
     5244     1.666376154E-01     5.330454088E-01     2.116998388E-01
     5245     2.824731120E-01     5.185429130E-01     2.119068699E-01
     5246     3.637620171E-01     3.542405403E-01     2.534953173E-01
     5247     2.901824084E-01     4.089132791E-01     2.117430493E-01
     5248     4.292358327E-01     4.116437213E-01     2.120153733E-01
     5249     4.248214964E-01     2.908026358E-01     2.118430776E-01
     5250     4.139241510E-01    -4.518791913E-01     2.537481176E-01
     5251     4.747067439E-01    -3.915591900E-01     2.120495831E-01
     5252     6.521993981E-01    -5.422748622E-01     2.125098624E-01
     5253     5.696302590E-01    -5.907640798E-01     2.541991589E-01
     5254     4.917994185E-01    -5.213025465E-01     2.123067381E-01
     5255     3.053698090E-01    -5.552594457E-01     2.537394348E-01
     5256     3.596674734E-01    -5.035522352E-01     2.120767061E-01
     5257     4.968783291E-01    -6.366989844E-01     2.125453953E-01
     5258     4.241036397E-01    -6.826541021E-01     2.542255193E-01
     5259     3.647463840E-01    -6.189486730E-01     2.123153633E-01
     5260     2.057661205E-01    -6.482384302E-01     2.537484781E-01
     5261     2.555753920E-01    -6.017425453E-01     2.120766442E-01
     5262     3.572903066E-01    -7.237188670E-01     2.125632660E-01
     5263     2.904683900E-01    -7.647916589E-01     2.542352861E-01
     5264     2.481193146E-01    -7.065127393E-01     2.123245469E-01
     5265     1.072642986E-01    -7.131174573E-01     2.537630394E-01
     5266     1.565157173E-01    -6.806763792E-01     2.120881677E-01
     5267     2.270130739E-01    -7.934850153E-01     2.125387417E-01
     5268     1.635593611E-01    -8.221804347E-01     2.541772114E-01
     5269     1.354094765E-01    -7.676486553E-01     2.123023625E-01
     5270    -1.364207779E-01    -5.336986584E-01     2.115298666E-01
     5271    -1.007760562E-01    -5.794627120E-01     2.532263265E-01
     5272    -1.298447969E-01    -6.263371520E-01     2.117168868E-01
     5273     7.140196101E-02    -7.384974399E-01     2.121363423E-01
     5274     1.041473068E-01    -8.380295741E-01     2.124802308E-01
     5275    -1.589124872E-02    -6.764286192E-01     2.118337779E-01
     5276     1.569024543E-02    -6.273674318E-01     2.533466322E-01
     5277     6.147584913E-02    -6.702420757E-01     2.118872964E-01
     5278     6.872228113E-02    -5.953988646E-01     2.116540174E-01
     5279     1.217564914E-01    -5.634294908E-01     2.532957120E-01
     5280     1.637621493E-01    -6.058331682E-01     2.118548887E-01
     5281     2.594420774E-01     2.522918905E-01     2.532025748E-01
     5282     2.102269355E-01     2.920393056E-01     2.115051037E-01
     5283     1.608740086E-01     3.319264058E-01     2.531418049E-01
     5284     1.887178300E-01     3.977789927E-01     2.115666364E-01
     5285     3.116915139E-01     3.031735921E-01     2.116815166E-01
     5286     3.372676593E-01     1.478339367E-01     2.532063189E-01
     5287     2.984324795E-01     1.999648997E-01     2.115373734E-01
     5288     4.115624621E-01     1.875939435E-01     2.116989343E-01
     5289     3.827934540E-01     2.086406246E-02     2.532139527E-01
     5290     3.600580957E-01     8.431463400E-02     2.115431462E-01
     5291     4.918354844E-01     4.082661461E-02     2.117345491E-01
     5292     3.802186725E-01    -1.153400086E-01     2.532304459E-01
     5293     3.815505236E-01    -4.714741449E-02     2.115553037E-01
     5294     5.316324060E-01    -1.412743945E-01     2.118155153E-01
     5295     3.267795672E-01    -2.379098297E-01     2.532716108E-01
     5296     3.535846548E-01    -1.764872533E-01     2.115842274E-01
     5297     4.311681754E-01    -2.845341156E-01     2.118114115E-01
     5298     2.527116441E-01    -3.413356619E-01     2.533432605E-01
     5299     2.898113259E-01    -2.895578858E-01     2.116406529E-01
     5300     3.333498944E-01    -3.965829602E-01     2.118788246E-01
     5301     1.786235265E-01    -4.444175786E-01     2.532532691E-01
     5302     2.156910060E-01    -3.928597310E-01     2.116314445E-01
     5303     2.420085850E-01    -4.998290060E-01     2.118293260E-01
     5304     1.501953423E-01    -5.039196288E-01     2.116075704E-01
     5305    -4.254179566E-02    -6.034173097E-01     2.116191394E-01
     5306     6.145146502E+00    -3.825258333E-01     2.588470652E-01
     5307     6.103702050E+00    -4.817276854E-01     2.161811245E-01
     5308     6.062227856E+00    -5.809577186E-01     2.557141047E-01
     5309     5.970840107E+00    -5.486303062E-01     2.139677108E-01
     5310     6.043680433E+00    -3.606520133E-01     2.167993274E-01
     5311     6.144034276E+00    -2.059898728E-01     2.602275701E-01
     5312     6.144602260E+00    -2.941719557E-01     2.187394580E-01
     5313     6.063928336E+00    -1.889146050E-01     2.184515958E-01
     5314     6.159143315E+00    -7.552795522E-02     2.606782510E-01
     5315     6.151591101E+00    -1.405791588E-01     2.197780269E-01
     5316     6.092705368E+00    -5.176557470E-02     2.191092446E-01
     5317     6.180516537E+00     3.630886895E-02     2.608240995E-01
     5318     6.169830506E+00    -1.943226121E-02     2.201172392E-01
     5319     6.128464930E+00     6.562332431E-02     2.193515135E-01
     5320     6.194012705E+00     8.413976484E-02     2.202937127E-01
     5321     6.145202663E+00     3.420253945E-01     2.178260933E-01
     5322     6.177784322E+00     4.475406921E-01     2.171237956E-01
     5323     6.338848006E+00     4.882900496E-01     2.588200318E-01
     5324     6.277925674E+00     4.386477581E-01     2.181736265E-01
     5325     6.308860895E+00     5.402071642E-01     2.168427019E-01
     5326     6.450906204E+00     5.489577818E-01     2.580542222E-01
     5327     6.394875860E+00     5.186244587E-01     2.175021086E-01
     5328     6.431400374E+00     6.025184579E-01     2.161822580E-01
     5329     6.572808131E+00     5.927380133E-01     2.570160398E-01
     5330     6.511854373E+00     5.708473923E-01     2.164800822E-01
     5331     6.556795952E+00     6.457144038E-01     2.152261183E-01
     5332     6.727768914E+00     6.355770066E-01     2.558187811E-01
     5333     6.650283744E+00     6.141578380E-01     2.152140127E-01
     5334     6.687236558E+00     6.787994960E-01     2.142489722E-01
     5335     6.822102755E+00     7.877385397E-01     2.543781546E-01
     5336     6.774925777E+00     7.116598701E-01     2.137231074E-01
     5337     6.749376344E+00     8.084166555E-01     2.128544229E-01
     5338     6.889046255E+00     5.992655414E-01     2.548558039E-01
     5339     6.808401275E+00     6.174231327E-01     2.139898093E-01
     5340     6.902313906E+00     7.616982885E-01     2.126618980E-01
     5341     6.982553461E+00     7.356486268E-01     2.539419259E-01
     5342     6.935789404E+00     6.674615511E-01     2.129285998E-01
     5343     7.021938413E+00     5.363568871E-01     2.538685628E-01
     5344     6.955489517E+00     5.678120738E-01     2.128838559E-01
     5345     7.056257428E+00     6.962594726E-01     2.121176558E-01
     5346     7.129973805E+00     6.568659996E-01     2.534210335E-01
     5347     7.075957541E+00     5.966099953E-01     2.120729118E-01
     5348     7.137285497E+00     4.480620330E-01     2.529852216E-01
     5349     7.079618352E+00     4.921989056E-01     2.118234319E-01
     5350     7.195160346E+00     6.042851060E-01     2.115589555E-01
     5351     7.260334288E+00     5.517229754E-01     2.529586750E-01
     5352     7.198821157E+00     4.998740163E-01     2.113094756E-01
     5353     7.244024878E+00     3.246272088E-01     2.529622227E-01
     5354     7.190728242E+00     3.862180435E-01     2.113093666E-01
     5355     7.316935187E+00     4.862325538E-01     2.112862894E-01
     5356     7.373462391E+00     4.208714145E-01     2.529424208E-01
     5357     7.308842271E+00     3.725765811E-01     2.112861804E-01
     5358     7.347760160E+00     1.481120932E-01     2.529661335E-01
     5359     7.295989096E+00     2.361419678E-01     2.112978464E-01
     5360     7.421276574E+00     3.473759293E-01     2.112806139E-01
     5361     7.468992132E+00     2.740873055E-01     2.529512839E-01
     5362     7.408423398E+00     2.109413160E-01     2.112922799E-01
     5363     7.513598766E+00     4.507973004E-02     2.529666121E-01
     5364     7.430714180E+00     9.643185430E-02     2.112998517E-01
     5365     7.511025604E+00     2.188234100E-01     2.112883771E-01
     5366     7.553009442E+00     1.637166933E-01     2.529584073E-01
     5367     7.533316386E+00     1.043139483E-01     2.112959489E-01
     5368     7.332986202E+00    -4.167901613E-02     2.529747746E-01
     5369     7.340402079E+00     5.296894356E-02     2.113039208E-01
     5370     7.499527368E+00    -3.370351745E-02     2.113043688E-01
     5371     7.485448935E+00    -1.122385066E-01     2.529753225E-01
     5372     7.409215267E+00    -7.716642818E-02     2.113084380E-01
     5373     7.293677883E+00    -1.988241343E-01     2.529767282E-01
     5374     7.313291160E+00    -1.205292791E-01     2.113091497E-01
     5375     7.460940023E+00    -1.935739918E-01     2.113094325E-01
     5376     7.436477704E+00    -2.746158579E-01     2.529767663E-01
     5377     7.365015916E+00    -2.369368427E-01     2.113101443E-01
     5378     7.225086776E+00    -3.413675084E-01     2.529826056E-01
     5379     7.259262835E+00    -2.703639247E-01     2.113134601E-01
     5380     7.398186526E+00    -3.512839411E-01     2.113129929E-01
     5381     7.360020881E+00    -4.276681007E-01     2.529817543E-01
     5382     7.292433444E+00    -3.847110231E-01     2.113163088E-01
     5383     7.124591959E+00    -4.717550047E-01     2.530999578E-01
     5384     7.174731540E+00    -4.067016991E-01     2.113834926E-01
     5385     7.308561995E+00    -4.970493883E-01     2.113531918E-01
     5386     7.257221324E+00    -5.662777983E-01     2.530474995E-01
     5387     7.190860091E+00    -5.190400642E-01     2.114203756E-01
     5388     6.971640433E+00    -6.080476434E-01     2.539431695E-01
     5389     7.047910724E+00    -5.399462721E-01     2.119294262E-01
     5390     7.196677704E+00    -6.283194079E-01     2.114849724E-01
     5391     7.136276572E+00    -6.903175244E-01     2.532135355E-01
     5392     7.053728337E+00    -6.492256157E-01     2.119940230E-01
     5393     6.916401066E+00    -7.887533076E-01     2.536899869E-01
     5394     6.943686868E+00    -6.984506472E-01     2.122650064E-01
     5395     7.093373338E+00    -7.439416473E-01     2.116173320E-01
     5396     7.050718672E+00    -7.975193967E-01     2.532802279E-01
     5397     6.983331869E+00    -7.931666788E-01     2.118883154E-01
     5398     6.768125276E+00    -6.350093791E-01     2.551955301E-01
     5399     6.869214538E+00    -6.216181805E-01     2.131214179E-01
     5400     6.830063378E+00    -7.932053671E-01     2.123990765E-01
     5401     6.744567666E+00    -7.975663001E-01     2.541782486E-01
     5402     6.755591048E+00    -7.163729005E-01     2.132554880E-01
     5403     6.594760046E+00    -6.246266104E-01     2.565507168E-01
     5404     6.680355030E+00    -6.297852081E-01     2.146028625E-01
     5405     6.655616095E+00    -7.901935569E-01     2.130939260E-01
     5406     6.567828136E+00    -7.828630518E-01     2.549136703E-01
     5407     6.580380078E+00    -7.036058645E-01     2.144413005E-01
     5408     6.435680192E+00    -5.790017734E-01     2.577449626E-01
     5409     6.514456675E+00    -6.016498995E-01     2.160433442E-01
     5410     6.481069230E+00    -7.599783788E-01     2.138529886E-01
     5411     6.395134676E+00    -7.372659800E-01     2.555216311E-01
     5412     6.415145827E+00    -6.580224138E-01     2.154550323E-01
     5413     6.289321229E+00    -5.009901331E-01     2.585035939E-01
     5414     6.362381736E+00    -5.399743165E-01     2.171417400E-01
     5415     6.312312873E+00    -7.009303881E-01     2.143161631E-01
     5416     6.229656979E+00    -6.646375783E-01     2.557386142E-01
     5417     6.259548782E+00    -5.828822907E-01     2.160028708E-01
     5418     4.568534160E-01     8.667338688E-01     2.131104161E-01
     5419     5.419801131E-01     8.256210769E-01     2.547444317E-01
     5420     4.968609140E-01     7.599298939E-01     2.128447287E-01
     5421     3.419081876E-01     8.446338198E-01     2.128887864E-01
     5422     2.115558186E-01     9.612471447E-01     2.546487614E-01
     5423     2.934598250E-01     9.394856404E-01     2.130625823E-01
     5424     1.997760225E-01     8.975164526E-01     2.127806050E-01
     5425     5.256347636E-02     9.828474034E-01     2.544960430E-01
     5426     1.324940863E-01     9.752934198E-01     2.129056405E-01
     5427     5.719482332E-02     9.118301280E-01     2.126244183E-01
     5428    -1.064609112E-01     9.784773947E-01     2.543446271E-01
     5429    -2.704640856E-02     9.838802922E-01     2.127535811E-01
     5430    -8.873461798E-02     9.026869066E-01     2.124888084E-01
     5431    -2.619971793E-01     9.487409633E-01     2.541939071E-01
     5432    -1.848388683E-01     9.667401565E-01     2.126025218E-01
     5433    -2.324876267E-01     8.677540393E-01     2.123636619E-01
     5434    -4.146166009E-01     8.926617566E-01     2.540391486E-01
     5435    -3.394789577E-01     9.238538709E-01     2.124497912E-01
     5436    -3.716597046E-01     8.052869616E-01     2.122190845E-01
     5437    -5.604474269E-01     8.091048258E-01     2.538791779E-01
     5438    -4.893346236E-01     8.539927187E-01     2.122924322E-01
     5439    -5.033703317E-01     7.169015463E-01     2.120738431E-01
     5440    -6.997438080E-01     6.921781134E-01     2.537060783E-01
     5441    -6.328189011E-01     7.538515609E-01     2.121259049E-01
     5442    -6.268881061E-01     6.005101832E-01     2.119217020E-01
     5443    -8.207143083E-01     5.433046675E-01     2.535234993E-01
     5444    -7.638766478E-01     6.206805978E-01     2.119480804E-01
     5445    -7.342933931E-01     4.581664841E-01     2.117712867E-01
     5446    -9.090631988E-01     3.773009914E-01     2.533445143E-01
     5447    -8.688695522E-01     4.624041942E-01     2.117673144E-01
     5448    -8.176177722E-01     3.004106786E-01     2.116348700E-01
     5449    -9.653755404E-01     1.918384828E-01     2.531600342E-01
     5450    -9.417982440E-01     2.859510536E-01     2.115856006E-01
     5451    -8.861870582E-01     1.400410687E-01     2.115047211E-01
     5452    -9.842519685E-01    -7.177232578E-10     2.529765614E-01
     5453    -9.795216821E-01     9.638055704E-02     2.114016430E-01
     5454    -9.290942928E-01    -6.494611192E-03     2.113758716E-01
     5455    -9.650188337E-01    -1.936248644E-01     2.531617349E-01
     5456    -9.794322938E-01    -9.728473314E-02     2.114024911E-01
     5457    -8.927832320E-01    -1.652412543E-01     2.115039705E-01
     5458    -9.078718074E-01    -3.801588074E-01     2.533473974E-01
     5459    -9.410818050E-01    -2.883001454E-01     2.115878895E-01
     5460    -8.302685066E-01    -3.359145689E-01     2.116388576E-01
     5461    -8.189920328E-01    -5.458974150E-01     2.535263741E-01
     5462    -8.674075685E-01    -4.651408901E-01     2.117701916E-01
     5463    -7.446241785E-01    -4.927107198E-01     2.117883763E-01
     5464    -7.024662209E-01    -6.894150753E-01     2.537023057E-01
     5465    -7.641189603E-01    -6.203822628E-01     2.119476304E-01
     5466    -6.389539923E-01    -6.292131259E-01     2.119449615E-01
     5467    -5.575070131E-01    -8.111336930E-01     2.538824418E-01
     5468    -6.329370156E-01    -7.537523942E-01     2.121256496E-01
     5469    -5.136902262E-01    -7.417475553E-01     2.120993465E-01
     5470    -4.065642674E-01    -8.963578716E-01     2.540474043E-01
     5471    -4.839330460E-01    -8.570651927E-01     2.122981898E-01
     5472    -3.733532903E-01    -8.161622267E-01     2.122261079E-01
     5473    -2.537825525E-01    -9.509712685E-01     2.542018120E-01
     5474    -3.313146395E-01    -9.268131134E-01     2.124578691E-01
     5475    -2.306121729E-01    -8.752197608E-01     2.123631278E-01
     5476    -9.726274509E-02    -9.794344776E-01     2.543532099E-01
     5477    -1.761103406E-01    -9.683682592E-01     2.126107643E-01
     5478    -8.712605706E-02    -9.093957308E-01     2.124977797E-01
     5479     5.881510605E-02    -9.824931149E-01     2.545017729E-01
     5480    -1.929359039E-02    -9.840628511E-01     2.127607372E-01
     5481     5.177293426E-02    -9.181861599E-01     2.126430117E-01
     5482     2.162514573E-01    -9.602016688E-01     2.546530945E-01
     5483     1.379772148E-01    -9.745328243E-01     2.129106711E-01
     5484     1.899007167E-01    -8.911917403E-01     2.127478903E-01
     5485     2.957540141E-01    -9.387659456E-01     2.130646228E-01
     5486     3.318312438E-01    -8.377735764E-01     2.128554742E-01
     5487     5.415965824E-01    -8.257988494E-01     2.547515792E-01
     5488     4.566646269E-01    -8.668289433E-01     2.131138648E-01
     5489     4.828536095E-01    -7.542234945E-01     2.128216566E-01
     5490     7.202839496E-01    -7.492830899E-01     2.546916968E-01
     5491     6.303954611E-01    -7.862669991E-01     2.130548722E-01
     5492     6.449649868E-01    -6.700164664E-01     2.127786109E-01
     5493     9.058307826E-01    -6.810848236E-01     2.546307966E-01
     5494     8.126477970E-01    -7.140684552E-01     2.129944851E-01
     5495     8.202917727E-01    -5.874423450E-01     2.127257365E-01
     5496     1.096847702E+00    -6.204134924E-01     2.545690531E-01
     5497     1.001024483E+00    -6.497572951E-01     2.129331675E-01
     5498     1.014459307E+00    -5.109161041E-01     2.127174760E-01
     5499     1.288961334E+00    -5.674797946E-01     2.545076637E-01
     5500     1.192666215E+00    -5.930811280E-01     2.128716052E-01
     5501     1.226271235E+00    -4.511391293E-01     2.127504167E-01
     5502     1.480283661E+00    -5.216615087E-01     2.544470571E-01
     5503     1.384440905E+00    -5.438119117E-01     2.128106113E-01
     5504     1.433804953E+00    -4.003488383E-01     2.127439916E-01
     5505     1.672908579E+00    -4.816421085E-01     2.543864484E-01
     5506     1.576452160E+00    -5.009585141E-01     2.127500077E-01
     5507     1.640077033E+00    -3.523880438E-01     2.127067056E-01
     5508     1.866559192E+00    -4.469582059E-01     2.543258413E-01
     5509     1.769618990E+00    -4.636583479E-01     2.126894039E-01
     5510     1.848260486E+00    -3.124614968E-01     2.126500271E-01
     5511     2.061039722E+00    -4.172407546E-01     2.542652324E-01
     5512     1.963707628E+00    -4.314982559E-01     2.126288001E-01
     5513     2.063714094E+00    -2.547514622E-01     2.125813527E-01
     5514     2.256171557E+00    -3.922017562E-01     2.542046256E-01
     5515     2.158532639E+00    -4.041521273E-01     2.125681964E-01
     5516     2.278073604E+00    -2.514322165E-01     2.125156942E-01
     5517     2.451828688E+00    -3.716116789E-01     2.541440171E-01
     5518     2.353942890E+00    -3.813626627E-01     2.125075929E-01
     5519     2.481529870E+00    -2.432100781E-01     2.124521622E-01
     5520     2.651532536E+00    -3.550306231E-01     2.540822830E-01
     5521     2.551635440E+00    -3.627768857E-01     2.124464257E-01
     5522     2.684064598E+00    -2.346284560E-01     2.123886233E-01
     5523     2.855831349E+00    -3.425240012E-01     2.540192270E-01
     5524     2.753648164E+00    -3.482253238E-01     2.123840350E-01
     5525     2.888315658E+00    -2.274763703E-01     2.123245186E-01
     5526     3.059315941E+00    -3.344175880E-01     2.539564900E-01
     5527     2.957552314E+00    -3.379351336E-01     2.123211428E-01
     5528     3.091830395E+00    -2.227057616E-01     2.122606751E-01
     5529     3.262765012E+00    -3.305711271E-01     2.538938026E-01
     5530     3.161030485E+00    -3.319656497E-01     2.122584349E-01
     5531     3.295128879E+00    -2.205020538E-01     2.121969438E-01
     5532     3.466035862E+00    -3.309425430E-01     2.538311812E-01
     5533     3.364401398E+00    -3.302309951E-01     2.121957848E-01
     5534     3.498108155E+00    -2.209773316E-01     2.121333780E-01
     5535     3.668529614E+00    -3.355046538E-01     2.537687836E-01
     5536     3.567294553E+00    -3.326990277E-01     2.121332795E-01
     5537     3.700368573E+00    -2.241468060E-01     2.120701661E-01
     5538     3.869618470E+00    -3.442200127E-01     2.537067764E-01
     5539     3.769096776E+00    -3.393376450E-01     2.120710813E-01
     5540     3.901595446E+00    -2.299445765E-01     2.120077465E-01
     5541     4.069238573E+00    -3.570816895E-01     2.536451521E-01
     5542     3.969462604E+00    -3.501217084E-01     2.120092697E-01
     5543     4.102062891E+00    -2.382272524E-01     2.119469989E-01
     5544     4.267108313E+00    -3.740980667E-01     2.535839695E-01
     5545     4.168219605E+00    -3.650529201E-01     2.119478706E-01
     5546     4.302389905E+00    -2.486912986E-01     2.118894919E-01
     5547     4.463022816E+00    -3.953063914E-01     2.535232620E-01
     5548     4.365124957E+00    -3.841533850E-01     2.118869297E-01
     5549     4.504175228E+00    -2.606799714E-01     2.118353129E-01
     5550     4.658080917E+00    -4.209609490E-01     2.534626535E-01
     5551     4.560627205E+00    -4.075606283E-01     2.118262757E-01
     5552     4.711901923E+00    -2.727480518E-01     2.117857836E-01
     5553     4.852455328E+00    -4.513273863E-01     2.534020468E-01
     5554     4.755362773E+00    -4.355380547E-01     2.117656722E-01
     5555     4.936515324E+00    -2.808144491E-01     2.117775542E-01
     5556     5.045986190E+00    -4.867066989E-01     2.533414380E-01
     5557     4.949339177E+00    -4.683689630E-01     2.117050685E-01
     5558     5.110261506E+00    -3.755996174E-01     2.118093819E-01
     5559     5.238447654E+00    -5.274755253E-01     2.532808308E-01
     5560     5.142365367E+00    -5.063899539E-01     2.116444647E-01
     5561     5.289017230E+00    -4.331034100E-01     2.118428053E-01
     5562     5.430589928E+00    -5.743826277E-01     2.532198995E-01
     5563     5.334708437E+00    -5.501517606E-01     2.115836997E-01
     5564     5.472587485E+00    -4.858148782E-01     2.119812435E-01
     5565     5.626138367E+00    -6.293979927E-01     2.531573186E-01
     5566     5.528621393E+00    -6.009752422E-01     2.115219477E-01
     5567     5.661209078E+00    -5.426374081E-01     2.121907541E-01
     5568     5.815070972E+00    -6.907398596E-01     2.530961235E-01
     5569     5.720927361E+00    -6.590741505E-01     2.114600640E-01
     5570     5.847256805E+00    -6.035255550E-01     2.124797493E-01
     5571     5.995501585E+00    -7.584262941E-01     2.530367558E-01
     5572     5.905692160E+00    -7.234999928E-01     2.113997867E-01
     5573     6.028869602E+00    -6.696877776E-01     2.128877482E-01
     5574     6.085595041E+00    -7.962372648E-01     2.113400111E-01
     5575     6.145958686E+00    -6.228103539E-01     2.144213952E-01
     5576     6.202109008E+00    -7.506774246E-01     2.128736580E-01
     5577     6.349395303E+00    -9.223596175E-01     2.529765614E-01
     5578     6.259839177E+00    -8.838544377E-01     2.113099159E-01
     5579     6.372166792E+00    -8.297730714E-01     2.127524210E-01
     5580     6.538544062E+00    -9.720710104E-01     2.529765614E-01
     5581     6.442721576E+00    -9.519222635E-01     2.113099146E-01
     5582     6.552861777E+00    -8.774181647E-01     2.124104822E-01
     5583     6.726485546E+00    -9.836792402E-01     2.529765614E-01
     5584     6.632221844E+00    -9.823789871E-01     2.113099146E-01
     5585     6.735254458E+00    -8.906497661E-01     2.119933584E-01
     5586     6.912715752E+00    -9.593950476E-01     2.529765614E-01
     5587     6.820163476E+00    -9.759914713E-01     2.113099146E-01
     5588     6.914391960E+00    -8.740952037E-01     2.117156327E-01
     5589     7.094905254E+00    -8.984177621E-01     2.529765613E-01
     5590     7.005281831E+00    -9.333691080E-01     2.113099146E-01
     5591     7.072730531E+00    -8.479847911E-01     2.114825973E-01
     5592     7.264002876E+00    -8.016287995E-01     2.529765614E-01
     5593     7.181849246E+00    -8.542210852E-01     2.113099146E-01
     5594     7.200090381E+00    -7.459819739E-01     2.114446493E-01
     5595     7.408446763E+00    -6.758431202E-01     2.529765614E-01
     5596     7.339297093E+00    -7.422533531E-01     2.113099146E-01
     5597     7.332817479E+00    -6.210689703E-01     2.113502377E-01
     5598     7.522815933E+00    -5.291632064E-01     2.529765614E-01
     5599     7.469106663E+00    -6.052073485E-01     2.113099146E-01
     5600     7.441378576E+00    -4.784801362E-01     2.113128687E-01
     5601     7.607654939E+00    -3.633178060E-01     2.529765614E-01
     5602     7.569169620E+00    -4.482487584E-01     2.113099146E-01
     5603     7.522045340E+00    -3.190410322E-01     2.113100388E-01
     5604     7.660903763E+00    -1.781756626E-01     2.529765614E-01
     5605     7.638820418E+00    -2.720511422E-01     2.113099146E-01
     5606     7.573174544E+00    -1.452781978E-01     2.113093083E-01
     5607     7.677165354E+00    -3.614993933E-08     2.529765614E-01
     5608     7.673091536E+00    -8.945798307E-02     2.113099146E-01
     5609     7.595387266E+00     2.248697647E-02     2.113049752E-01
     5610     7.660833194E+00     1.785586263E-01     2.529569462E-01
     5611     7.673073645E+00     8.965380381E-02     2.113001069E-01
     5612     7.606928104E+00     1.711080725E-01     2.112910806E-01
     5613     7.608497998E+00     3.611879787E-01     2.529361632E-01
     5614     7.639081289E+00     2.711424666E-01     2.112799076E-01
     5615     7.538762249E+00     3.175921606E-01     2.112772040E-01
     5616     7.520134709E+00     5.333449349E-01     2.529149939E-01
     5617     7.568557249E+00     4.494438358E-01     2.112589318E-01
     5618     7.446830683E+00     4.770508712E-01     2.112623416E-01
     5619     7.403891238E+00     6.806338452E-01     2.528944675E-01
     5620     7.465533230E+00     6.097626703E-01     2.112380844E-01
     5621     7.332119985E+00     6.161680933E-01     2.112620322E-01
     5622     7.262355619E+00     8.027997759E-01     2.528740140E-01
     5623     7.336034771E+00     7.450817549E-01     2.112175946E-01
     5624     7.196167815E+00     7.298305252E-01     2.115145179E-01
     5625     7.097589282E+00     8.972119907E-01     2.528532398E-01
     5626     7.182245139E+00     8.539943634E-01     2.111969790E-01
     5627     7.040051800E+00     8.164390429E-01     2.118001169E-01
     5628     6.913137203E+00     9.592983936E-01     2.528319491E-01
     5629     7.006877817E+00     9.328334650E-01     2.111759450E-01
     5630     6.867601775E+00     8.735226500E-01     2.120377261E-01
     5631     6.721621793E+00     9.838331997E-01     2.528108269E-01
     5632     6.817962200E+00     9.762759505E-01     2.111547390E-01
     5633     6.699133827E+00     9.064626858E-01     2.119714358E-01
     5634     6.533901365E+00     9.713223537E-01     2.527902455E-01
     5635     6.627445310E+00     9.820722318E-01     2.111338876E-01
     5636     6.532233781E+00     8.960985459E-01     2.120652551E-01
     5637     6.351345046E+00     9.230834235E-01     2.527695891E-01
     5638     6.441450094E+00     9.515871744E-01     2.111132690E-01
     5639     6.364862145E+00     8.510112094E-01     2.122120259E-01
     5640     6.260771128E+00     8.843104695E-01     2.110921790E-01
     5641     6.199507643E+00     7.735223038E-01     2.122663782E-01
     5642     5.997218145E+00     7.591196284E-01     2.528151259E-01
     5643     6.086443376E+00     7.966076983E-01     2.111149461E-01
     5644     6.031537763E+00     6.945093104E-01     2.123242449E-01
     5645     5.815576899E+00     6.909163287E-01     2.528823576E-01
     5646     5.906809737E+00     7.239189882E-01     2.111820888E-01
     5647     5.858018806E+00     6.171095197E-01     2.122551486E-01
     5648     5.624338043E+00     6.288544667E-01     2.529520262E-01
     5649     5.720287753E+00     6.588667224E-01     2.112505348E-01
     5650     5.675649779E+00     5.345120364E-01     2.121890863E-01
     5651     5.431470873E+00     5.746132130E-01     2.530214493E-01
     5652     5.528154518E+00     6.008440172E-01     2.113200764E-01
     5653     5.477635695E+00     4.297931329E-01     2.119767651E-01
     5654     5.240577370E+00     5.279600817E-01     2.530895428E-01
     5655     5.336211682E+00     5.505187132E-01     2.113888306E-01
     5656     5.254542178E+00     3.938974996E-01     2.116243175E-01
     5657     5.048345131E+00     4.871715256E-01     2.531576366E-01
     5658     5.144609756E+00     5.068655179E-01     2.114569201E-01
     5659     5.046670788E+00     3.478854879E-01     2.115736405E-01
     5660     4.855048809E+00     4.517665939E-01     2.532257303E-01
     5661     4.951815452E+00     4.688218673E-01     2.115250097E-01
     5662     4.839677048E+00     3.120678835E-01     2.116130116E-01
     5663     4.659854007E+00     4.212157776E-01     2.532941907E-01
     5664     4.757547106E+00     4.358794673E-01     2.115932826E-01
     5665     4.635175904E+00     2.854949351E-01     2.116750601E-01
     5666     4.458969468E+00     3.948222198E-01     2.533643974E-01
     5667     4.559491531E+00     4.074114017E-01     2.116626120E-01
     5668     4.430787823E+00     2.650179421E-01     2.117400836E-01
     5669     4.259035023E+00     3.733185553E-01     2.534340764E-01
     5670     4.359063608E+00     3.834996035E-01     2.117325507E-01
     5671     4.229026892E+00     2.494099784E-01     2.118054603E-01
     5672     4.059892171E+00     3.563841880E-01     2.535033308E-01
     5673     4.159509753E+00     3.643083585E-01     2.118020131E-01
     5674     4.028692654E+00     2.376465815E-01     2.118719598E-01
     5675     3.860081105E+00     3.437113479E-01     2.535727068E-01
     5676     3.960020204E+00     3.495182996E-01     2.118713241E-01
     5677     3.828194119E+00     2.291214348E-01     2.119394222E-01
     5678     3.658829057E+00     3.351901818E-01     2.536425053E-01
     5679     3.759477302E+00     3.389256866E-01     2.119409072E-01
     5680     3.626711964E+00     2.235475741E-01     2.120075845E-01
     5681     3.456777125E+00     3.308341561E-01     2.537125348E-01
     5682     3.557814339E+00     3.324901173E-01     2.120108169E-01
     5683     3.424528086E+00     2.208385566E-01     2.120760893E-01
     5684     3.254148641E+00     3.306483292E-01     2.537827478E-01
     5685     3.355463358E+00     3.302187352E-01     2.120809339E-01
     5686     3.221812054E+00     2.210012843E-01     2.121448290E-01
     5687     3.051065848E+00     3.346630006E-01     2.538531320E-01
     5688     3.152596826E+00     3.321286769E-01     2.121512283E-01
     5689     3.018727422E+00     2.241531100E-01     2.122137180E-01
     5690     2.848188472E+00     3.429124164E-01     2.539234895E-01
     5691     2.949605497E+00     3.382548770E-01     2.122215949E-01
     5692     2.815764029E+00     2.305554455E-01     2.122826060E-01
     5693     2.646730831E+00     3.553781721E-01     2.539934305E-01
     5694     2.747426420E+00     3.486081141E-01     2.122917398E-01
     5695     2.613705656E+00     2.408279099E-01     2.123511629E-01
     5696     2.448457520E+00     3.719294765E-01     2.540623733E-01
     5697     2.547549370E+00     3.631169350E-01     2.123611775E-01
     5698     2.413392157E+00     2.563577152E-01     2.124189075E-01
     5699     2.252317704E+00     3.926519072E-01     2.541307161E-01
     5700     2.350329816E+00     3.817434916E-01     2.124298162E-01
     5701     2.214570146E+00     2.803828582E-01     2.124854099E-01
     5702     2.057415429E+00     4.177500788E-01     2.541988096E-01
     5703     2.154793397E+00     4.046325955E-01     2.124980302E-01
     5704     2.026787248E+00     3.210561232E-01     2.125467618E-01
     5705     1.863171659E+00     4.475200327E-01     2.542669033E-01
     5706     1.960201548E+00     4.320345643E-01     2.125661196E-01
     5707     1.837867529E+00     3.493330040E-01     2.126088947E-01
     5708     1.669753288E+00     4.822518164E-01     2.543349971E-01
     5709     1.766347396E+00     4.642447824E-01     2.126342092E-01
     5710     1.641518320E+00     3.834940280E-01     2.126672557E-01
     5711     1.477367908E+00     5.223125804E-01     2.544030906E-01
     5712     1.573416448E+00     5.015895871E-01     2.127022987E-01
     5713     1.453451560E+00     4.352220586E-01     2.127144162E-01
     5714     1.286280946E+00     5.681683230E-01     2.544711838E-01
     5715     1.381642606E+00     5.444823305E-01     2.127703880E-01
     5716     1.260995370E+00     4.725939384E-01     2.127531690E-01
     5717     1.093446307E+00     6.214196746E-01     2.545405040E-01
     5718     1.189622474E+00     5.939201007E-01     2.128390907E-01
     5719     1.051840949E+00     5.213362965E-01     2.127598267E-01
     5720     9.037018055E-01     6.818119058E-01     2.546095028E-01
     5721     9.982621034E-01     6.506348239E-01     2.129082460E-01
     5722     8.505322628E-01     5.952068598E-01     2.127688939E-01
     5723     7.206327224E-01     7.491450202E-01     2.546770932E-01
     5724     8.117679329E-01     7.143916196E-01     2.129765363E-01
     5725     6.674570017E-01     6.761208297E-01     2.128055376E-01
     5726     6.307622531E-01     7.861101688E-01     2.130439967E-01
     5727     2.500000000E-01     6.123233996E-17     2.529765699E-01
     5728     2.450805899E-01     4.935083042E-02     2.113099234E-01
     5729     2.304710650E-01     9.686634181E-02     2.529765670E-01
     5730     2.839123738E-01     1.222570652E-01     2.114246090E-01
     5731     3.164037042E-01     1.043729132E-02     2.114284606E-01
     5732     2.316793118E-01    -9.393985560E-02     2.529765677E-01
     5733     2.454018495E-01    -4.772768874E-02     2.113099237E-01
     5734     3.060350865E-01    -1.044345574E-01     2.114367667E-01
     5735     1.776259952E-01    -1.759232952E-01     2.529765663E-01
     5736     2.088379837E-01    -1.374288781E-01     2.113099221E-01
     5737     2.523136759E-01    -2.068007004E-01     2.114573828E-01
     5738     9.572905162E-02    -2.309457700E-01     2.529765668E-01
     5739     1.395089938E-01    -2.074541893E-01     2.113099217E-01
     5740     1.742558346E-01    -2.861208365E-01     2.114931919E-01
     5741     9.757673862E-02    -2.827466997E-01     2.113403933E-01
     5742     1.390119100E-01    -3.894855941E-01     2.114786459E-01
     5743     4.882240280E-02    -2.451864046E-01     2.113099219E-01
     5744    -1.749172101E-01    -1.786168235E-01     2.529765665E-01
     5745    -1.367639598E-01    -2.092740292E-01     2.113099218E-01
     5746    -1.410947533E-01    -2.920487617E-01     2.113721714E-01
     5747    -2.259233532E-01    -2.079436440E-01     2.113542600E-01
     5748    -2.303359390E-01    -9.718721720E-02     2.529765670E-01
     5749    -2.067667641E-01    -1.405258171E-01     2.113099219E-01
     5750    -2.831901141E-01    -1.089017277E-01     2.113408519E-01
     5751    -2.500000000E-01    -1.996469244E-08     2.529765668E-01
     5752    -2.450456262E-01    -4.952414658E-02     2.113099220E-01
     5753    -3.072673255E-01     6.149500552E-03     2.113456307E-01
     5754    -2.312648531E-01     9.495560922E-02     2.529765676E-01
     5755    -2.452946526E-01     4.827559853E-02     2.113099223E-01
     5756    -2.872668066E-01     1.182623160E-01     2.113569309E-01
     5757    -1.776556946E-01     1.758933034E-01     2.529765663E-01
     5758    -2.085453058E-01     1.378726057E-01     2.113099221E-01
     5759    -2.342052887E-01     2.145155498E-01     2.113766591E-01
     5760    -9.586259985E-02     2.308903678E-01     2.529765668E-01
     5761    -1.395941094E-01     2.073969253E-01     2.113099217E-01
     5762    -1.613510917E-01     2.913422955E-01     2.114069150E-01
     5763    -9.616035843E-02     2.845189492E-01     2.113291396E-01
     5764    -1.308900073E-01     3.951454353E-01     2.114170831E-01
     5765    -4.889676924E-02     2.451715847E-01     2.113099219E-01
     5766     1.766453818E-01     1.769079113E-01     2.529765664E-01
     5767     1.380982908E-01     2.083959263E-01     2.113099217E-01
     5768     1.273825042E-01     2.818061026E-01     2.113923392E-01
     5769     2.181809052E-01     2.144614357E-01     2.114226863E-01
     5770     2.075506033E-01     1.393655161E-01     2.113099219E-01
     5771     6.217292146E+00    -4.417996223E-01     2.177626001E-01
     5772     6.287413554E+00    -1.936680498E-01     2.623401589E-01
     5773     6.287413554E+00    -2.429830848E-01     2.219158643E-01
     5774     6.216289940E+00    -3.375145810E-01     2.199360541E-01
     5775     6.215725705E+00    -1.996404595E-01     2.207192682E-01
     5776     6.287413554E+00    -9.586063485E-02     2.623410577E-01
     5777     6.287413554E+00    -1.445072710E-01     2.219170842E-01
     5778     6.223278782E+00    -8.544597029E-02     2.209758429E-01
     5779     6.287413554E+00     1.456669339E-03     2.623419515E-01
     5780     6.287413554E+00    -4.696860982E-02     2.219182930E-01
     5781     6.233965110E+00     1.904509926E-02     2.210596893E-01
     5782     6.287413554E+00     9.860762254E-02     2.623428435E-01
     5783     6.287413554E+00     5.012404731E-02     2.219194961E-01
     5784     6.247460981E+00     1.152187129E-01     2.211535195E-01
     5785     6.287413554E+00     1.958564502E-01     2.623437365E-01
     5786     6.287413554E+00     1.471700760E-01     2.219206988E-01
     5787     6.263601967E+00     1.965462163E-01     2.213817284E-01
     5788     6.287413554E+00     2.441246811E-01     2.219219007E-01
     5789     6.405123823E+00     4.088730457E-01     2.604863341E-01
     5790     6.371351533E+00     3.828811496E-01     2.203570315E-01
     5791     6.371985744E+00     4.485824349E-01     2.188766793E-01
     5792     6.485651746E+00     4.550193541E-01     2.594478498E-01
     5793     6.444314722E+00     4.338187462E-01     2.192291215E-01
     5794     6.468277872E+00     5.019882651E-01     2.178545509E-01
     5795     6.587363947E+00     4.887323561E-01     2.582489046E-01
     5796     6.535602119E+00     4.746084337E-01     2.179617901E-01
     5797     6.580084346E+00     5.407349839E-01     2.165873214E-01
     5798     6.706763382E+00     4.998081408E-01     2.569072074E-01
     5799     6.646730432E+00     4.978625661E-01     2.165227120E-01
     5800     6.717263064E+00     5.676930940E-01     2.151494032E-01
     5801     6.829366140E+00     4.810204215E-01     2.555193904E-01
     5802     6.768649594E+00     4.942307424E-01     2.149766526E-01
     5803     6.859202963E+00     5.401442801E-01     2.138170586E-01
     5804     6.938305003E+00     4.356408545E-01     2.541989458E-01
     5805     6.885179107E+00     4.615559472E-01     2.134426312E-01
     5806     6.980122102E+00     4.859983729E-01     2.125094284E-01
     5807     7.027059727E+00     3.719492201E-01     2.529766250E-01
     5808     6.984427055E+00     4.062262682E-01     2.120023505E-01
     5809     7.082178601E+00     4.099955455E-01     2.113163541E-01
     5810     7.117800259E+00     2.635737945E-01     2.529766227E-01
     5811     7.076416704E+00     3.208195835E-01     2.113099990E-01
     5812     7.181092631E+00     2.938015307E-01     2.113030115E-01
     5813     7.173949964E+00     1.363957846E-01     2.529766251E-01
     5814     7.150494130E+00     2.015437000E-01     2.113099990E-01
     5815     7.260945712E+00     1.419263666E-01     2.113048339E-01
     5816     7.192912090E+00    -1.138358150E-03     2.529766252E-01
     5817     7.188286442E+00     6.786409474E-02     2.113100001E-01
     5818     7.262947957E+00    -2.175020362E-02     2.113090871E-01
     5819     7.173296860E+00    -1.386784672E-01     2.529766249E-01
     5820     7.187846796E+00    -7.099943141E-02     2.113100000E-01
     5821     7.233390183E+00    -1.690899614E-01     2.113100627E-01
     5822     7.116548511E+00    -2.655810245E-01     2.529766273E-01
     5823     7.149182100E+00    -2.044966029E-01     2.113100011E-01
     5824     7.170623445E+00    -3.037844845E-01     2.113133986E-01
     5825     7.027059721E+00    -3.719492257E-01     2.529766250E-01
     5826     7.075379196E+00    -3.220557474E-01     2.113100012E-01
     5827     7.075797239E+00    -4.218657501E-01     2.113800952E-01
     5828     6.909549455E+00    -4.506315719E-01     2.545607315E-01
     5829     6.970991538E+00    -4.155388566E-01     2.122086020E-01
     5830     6.940299969E+00    -5.294277198E-01     2.127579331E-01
     5831     6.769260492E+00    -4.941367415E-01     2.562073528E-01
     5832     6.840154579E+00    -4.778284534E-01     2.140466942E-01
     5833     6.767444670E+00    -5.647471428E-01     2.144101790E-01
     5834     6.613315182E+00    -4.936234658E-01     2.579542516E-01
     5835     6.689635290E+00    -4.999892540E-01     2.159766498E-01
     5836     6.602585860E+00    -5.588944197E-01     2.161693333E-01
     5837     6.469505947E+00    -4.473132194E-01     2.596442520E-01
     5838     6.538595053E+00    -4.755900044E-01     2.179174859E-01
     5839     6.452208274E+00    -5.129756050E-01     2.177914968E-01
     5840     6.357983620E+00    -3.712439251E-01     2.611546807E-01
     5841     6.411137963E+00    -4.130406892E-01     2.197183674E-01
     5842     6.323856381E+00    -4.363088743E-01     2.190686106E-01
     5843     6.320751960E+00    -3.339099781E-01     2.212420646E-01
     5844    -9.375000000E-02     4.484999823E-01     2.529765645E-01
     5845    -8.643737483E-02     4.122006511E-01     2.113099159E-01
     5846    -1.295570377E-01     4.503129019E-01     2.113978630E-01
     5847    -6.682071718E-02     5.142575414E-01     2.529765614E-01
     5848    -8.675338439E-02     4.840374844E-01     2.113099159E-01
     5849    -8.568666056E-02     5.398963519E-01     2.114198348E-01
     5850    -1.107311850E-08     5.422500000E-01     2.529765614E-01
     5851    -3.621511037E-02     5.349727025E-01     2.113099146E-01
     5852    -4.764433952E-03     5.761042135E-01     2.114425997E-01
     5853     6.568661330E-02     5.153904428E-01     2.529765614E-01
     5854     3.547770156E-02     5.352778497E-01     2.113099146E-01
     5855     9.120787630E-02     5.589173787E-01     2.115255380E-01
     5856     9.375000000E-02     4.485000071E-01     2.529765614E-01
     5857     8.644772898E-02     4.847746834E-01     2.113099146E-01
     5858     1.551439825E-01     4.560772476E-01     2.114842155E-01
     5859     6.683298637E-02     3.827549284E-01     2.529765614E-01
     5860     8.675805167E-02     4.129739114E-01     2.113099146E-01
     5861     1.138614199E-01     3.573252183E-01     2.113923355E-01
     5862     3.622647207E-02     3.620320567E-01     2.113099146E-01
     5863    -8.644124688E-02    -4.847901273E-01     2.113099159E-01
     5864    -6.566937592E-02    -5.154073656E-01     2.529765614E-01
     5865    -8.321352224E-02    -5.474446328E-01     2.114344362E-01
     5866    -3.620852420E-02    -3.620245395E-01     2.113099146E-01
     5867     9.375000000E-02    -4.485000000E-01     2.529765614E-01
     5868     8.644396734E-02    -4.122163534E-01     2.113099146E-01
     5869     1.361925155E-01    -4.464543926E-01     2.114481709E-01
     5870     6.684068326E-02    -5.142372464E-01     2.529765614E-01
     5871     8.676087952E-02    -4.840191819E-01     2.113099146E-01
     5872     9.429562928E-02    -5.388364407E-01     2.114693142E-01
     5873     3.689606647E-09    -5.422500000E-01     2.529765614E-01
     5874     3.623335396E-02    -5.349650598E-01     2.113099146E-01
     5875     7.844456171E-03    -5.848086284E-01     2.114946178E-01
     5876    -3.546218295E-02    -5.352841926E-01     2.113099146E-01
     5877    -2.792774755E-01    -5.790178758E-01     1.683772119E-01
     5878    -3.429314807E-01    -5.773751571E-01     1.249887357E-01
     5879    -4.065370905E-01    -5.757786767E-01     1.684029949E-01
     5880    -4.349761251E-01    -5.275669484E-01     1.249872450E-01
     5881    -4.633488529E-01    -4.794235626E-01     1.683506018E-01
     5882    -3.986837431E-01    -4.523657937E-01     1.249864674E-01
     5883    -3.339390876E-01    -4.253921315E-01     1.682929170E-01
     5884    -3.066390987E-01    -5.021740023E-01     1.249879581E-01
     5885    -1.720794781E-01    -4.879199997E-01     1.682478953E-01
     5886    -2.256938339E-01    -5.334545941E-01     1.249925897E-01
     5887    -2.615233359E-01    -3.887027558E-01     1.249885270E-01
     5888    -1.890409613E-01    -3.520828651E-01     1.682128615E-01
     5889    -1.805780711E-01    -4.199833476E-01     1.249931587E-01
     5890     6.217003690E+00     3.890194270E-01     1.717083560E-01
     5891     6.278459539E+00     3.715714711E-01     1.250027374E-01
     5892     6.339915293E+00     3.541078174E-01     1.729483601E-01
     5893     6.248371963E+00     2.797944133E-01     1.250037287E-01
     5894     6.209330219E+00     2.670419799E-01     1.724378948E-01
     5895     6.213167060E+00     3.280504239E-01     1.250064668E-01
     5896    -1.279159854E-01    -3.673716391E-01     1.249955859E-01
     5897    -6.678178477E-02    -3.827029201E-01     1.681548921E-01
     5898    -8.674199800E-02    -4.129347321E-01     1.249998704E-01
     5899    -9.375000000E-02    -4.484999823E-01     1.681548942E-01
     5900    -1.329199502E-01    -4.682050137E-01     1.249974432E-01
     5901    -3.697496045E-01    -3.587591102E-01     1.249877621E-01
     5902    -4.054383831E-01    -2.922554671E-01     1.682428115E-01
     5903    -3.412601656E-01    -2.646800002E-01     1.249923235E-01
     5904    -2.768905035E-01    -2.373040779E-01     1.681967364E-01
     5905    -2.330338971E-01    -2.946236459E-01     1.249930883E-01
     5906    -5.005330080E-01    -4.174503798E-01     1.249891370E-01
     5907    -5.376244504E-01    -3.555798365E-01     1.682954280E-01
     5908    -4.715988694E-01    -3.238436963E-01     1.249904318E-01
     5909     5.730521153E+00     1.425580096E-01     1.698631956E-01
     5910     5.690222355E+00     4.911592151E-02     1.250189406E-01
     5911     5.649922420E+00    -4.445390841E-02     1.694765550E-01
     5912     5.555431593E+00    -1.444366664E-02     1.250142734E-01
     5913     5.460940035E+00     1.549008204E-02     1.687637976E-01
     5914     5.492370565E+00     1.502674059E-01     1.250083034E-01
     5915     5.523800713E+00     2.849979473E-01     1.688031329E-01
     5916     5.627161326E+00     2.138269940E-01     1.250129705E-01
     5917     5.853460955E+00     2.946010490E-01     1.699587807E-01
     5918     5.791991522E+00     2.186423328E-01     1.250177592E-01
     5919     5.625381400E+00     3.626220802E-01     1.250080541E-01
     5920     5.726961711E+00     4.401954321E-01     1.690506962E-01
     5921     5.790211596E+00     3.674374189E-01     1.250128428E-01
     5922     5.970879509E+00     1.818946099E-01     1.708750445E-01
     5923     5.929055309E+00     1.134833576E-01     1.250188435E-01
     5924     5.887229630E+00     4.487071077E-02     1.707150343E-01
     5925     5.808876157E+00     9.380857290E-02     1.250190272E-01
     5926     5.912170674E+00     2.383171175E-01     1.250175755E-01
     5927     5.854200735E+00    -3.416979841E-02     1.250200040E-01
     5928     5.821169417E+00    -1.134182905E-01     1.702881790E-01
     5929     5.735546933E+00    -7.886244980E-02     1.250199173E-01
     5930     6.026267769E+00    -2.803746608E-02     1.715996024E-01
     5931     6.005046751E+00    -9.979325945E-02     1.250147903E-01
     5932     5.983821584E+00    -1.718568143E-01     1.711980014E-01
     5933     5.902497709E+00    -1.425239164E-01     1.250176215E-01
     5934     5.956749777E+00     8.560858507E-03     1.250171727E-01
     5935     6.076413580E+00     9.492261246E-02     1.717581398E-01
     5936     6.051341556E+00     3.359513556E-02     1.250142233E-01
     5937     6.023647088E+00     1.385176346E-01     1.250158940E-01
     5938     6.136378314E+00     1.964463994E-01     1.719522788E-01
     5939     6.172854482E+00     2.317889853E-01     1.250106544E-01
     5940     6.224560559E+00     2.321782786E-01     1.250062916E-01
     5941     6.239790648E+00     1.973284722E-01     1.729236403E-01
     5942     6.223649843E+00     1.646137271E-01     1.250060849E-01
     5943     6.207508758E+00     1.318801081E-01     1.726969938E-01
     5944     6.171943766E+00     1.642244338E-01     1.250104478E-01
     5945     6.073401970E+00     2.950975485E-01     1.711269762E-01
     5946     6.022141145E+00     2.385643983E-01     1.250155276E-01
     5947     5.921895164E+00     3.528146227E-01     1.250147069E-01
     5948     5.990328872E+00     4.109432436E-01     1.701426133E-01
     5949     6.031865635E+00     3.530619035E-01     1.250126590E-01
     5950     6.830113013E-01    -1.673067299E-01     1.685330945E-01
     5951     8.075790999E-01    -2.842967766E-01     1.249989910E-01
     5952     9.320888453E-01    -4.013891080E-01     1.687659336E-01
     5953     8.334599614E-01    -4.475434771E-01     1.249993045E-01
     5954     7.347829597E-01    -4.937636791E-01     1.687434160E-01
     5955     6.352005893E-01    -4.124207089E-01     1.249993826E-01
     5956     5.355243530E-01    -3.311885354E-01     1.685086741E-01
     5957     6.093197278E-01    -2.491740084E-01     1.249990691E-01
     5958     6.008855680E-01     6.079002883E-02     1.684601718E-01
     5959     7.519419030E-01     1.204773400E-01     1.249978731E-01
     5960     9.029625575E-01     1.801497896E-01     1.686842865E-01
     5961     9.596960695E-01     4.524758114E-02     1.249977727E-01
     5962     1.016401828E+00    -8.967375599E-02     1.687314976E-01
     5963     8.497336690E-01    -1.284460945E-01     1.249984052E-01
     5964     6.419795025E-01    -5.321633563E-02     1.249985057E-01
     5965     5.942197982E+00    -3.387122315E-01     1.703278361E-01
     5966     5.852389702E+00    -3.105256401E-01     1.250145307E-01
     5967     5.762576755E+00    -2.824877411E-01     1.696416032E-01
     5968     5.791874354E+00    -1.978751734E-01     1.250177798E-01
     5969     5.963013057E+00    -2.551743831E-01     1.250143724E-01
     5970    -1.108687221E-08    -3.547500000E-01     1.681548921E-01
     5971    -4.661515615E-02    -2.933578769E-01     1.249998752E-01
     5972    -9.320206429E-02    -2.319771006E-01     1.681549014E-01
     5973    -4.747925232E-02    -2.454500369E-01     1.249998808E-01
     5974     2.948679469E-08    -2.500000000E-01     1.681549014E-01
     5975     1.540960706E-02    -2.834831072E-01     1.249998327E-01
     5976     3.081529399E-02    -3.169699520E-01     1.681642942E-01
     5977     1.540958677E-02    -3.358581072E-01     1.249998271E-01
     5978     6.511653699E-02    -3.257522521E-01     1.249997392E-01
     5979     9.940133919E-02    -3.345503464E-01     1.681852791E-01
     5980     8.252724295E-02    -3.580513448E-01     1.249997817E-01
     5981     6.565259902E-02    -3.815761721E-01     1.681548921E-01
     5982     3.545313281E-02    -3.617121099E-01     1.249998696E-01
     5983     3.689552222E-09     3.547500000E-01     1.681548921E-01
     5984     4.694180022E-02     2.932260577E-01     1.249998752E-01
     5985     9.387545593E-02     2.317054138E-01     1.681549014E-01
     5986     4.782504697E-02     2.453828944E-01     1.249998808E-01
     5987    -9.854274282E-09     2.500000000E-01     1.681549014E-01
     5988    -1.507252238E-02     2.843912303E-01     1.249997911E-01
     5989    -3.014082722E-02     3.187878551E-01     1.681608004E-01
     5990    -1.507251561E-02     3.367662303E-01     1.249997855E-01
     5991    -6.329394903E-02     3.284564955E-01     1.249996194E-01
     5992    -9.642940113E-02     3.381477897E-01     1.681739473E-01
     5993    -8.102254794E-02     3.598286650E-01     1.249997035E-01
     5994    -6.562126893E-02     3.815454515E-01     1.681548921E-01
     5995    -3.542827124E-02     3.617019580E-01     1.249998696E-01
     5996     5.442376381E+00    -7.876560363E-02     1.250089293E-01
     5997     5.423812363E+00    -1.730629978E-01     1.687278326E-01
     5998     5.357696134E+00    -1.564068642E-01     1.250068404E-01
     5999     5.291579617E+00    -1.397833777E-01     1.685841311E-01
     6000     5.274319202E+00    -6.219225298E-02     1.250043782E-01
     6001     5.257058590E+00     1.537497397E-02     1.685318561E-01
     6002     5.358999449E+00     1.544900758E-02     1.250064671E-01
     6003     5.588335057E+00    -2.236808878E-01     1.691135092E-01
     6004     5.506074006E+00    -1.983430458E-01     1.250115553E-01
     6005     5.619129218E+00    -1.340211088E-01     1.250168994E-01
     6006     5.675456640E+00    -2.530338324E-01     1.250147619E-01
     6007     1.289346565E+00    -3.766499531E-02     1.688172924E-01
     6008     1.152883780E+00    -6.365981750E-02     1.249981478E-01
     6009     1.057417788E+00     1.777725735E-01     1.249978964E-01
     6010     1.211853512E+00     1.753894639E-01     1.688034481E-01
     6011     1.250605499E+00     6.886517491E-02     1.249982715E-01
     6012     1.535136797E+00     5.504811251E-02     1.688329703E-01
     6013     1.412245146E+00     8.693817317E-03     1.249986206E-01
     6014     1.300241786E+00     1.891121312E-01     1.249984068E-01
     6015     1.388621102E+00     2.028309879E-01     1.688277022E-01
     6016     1.461881434E+00     1.289407736E-01     1.249987559E-01
     6017    -6.147547535E-01    -2.129226745E-01     1.682573438E-01
     6018    -6.554525939E-01    -1.328494263E-01     1.249929353E-01
     6019    -6.961064863E-01    -5.284960836E-02     1.682534668E-01
     6020    -6.226279202E-01    -2.462559179E-03     1.249937725E-01
     6021    -5.491083754E-01     4.787895143E-02     1.682436825E-01
     6022    -5.122824455E-01    -5.103750530E-02     1.249936230E-01
     6023    -4.753996846E-01    -1.500362198E-01     1.682203133E-01
     6024    -5.451071192E-01    -1.814243724E-01     1.249927857E-01
     6025    -5.762296205E-01    -2.841969390E-01     1.249921914E-01
     6026    -4.404763681E-01    -2.210711296E-01     1.249910261E-01
     6027     6.106396362E+00     1.457833788E-01     1.250137929E-01
     6028     6.104890419E+00     2.458301424E-01     1.250134265E-01
     6029     5.174536874E+00    -2.644854180E-01     1.684733502E-01
     6030     5.097556155E+00    -1.873857776E-01     1.250018694E-01
     6031     5.020575347E+00    -1.102974055E-01     1.684103867E-01
     6032     5.138817029E+00    -4.745362375E-02     1.250024424E-01
     6033     5.233058328E+00    -2.021244068E-01     1.250038052E-01
     6034     5.339586899E+00    -3.387204452E-01     1.685381029E-01
     6035     5.257061966E+00    -3.015939211E-01     1.250037306E-01
     6036     5.381699771E+00    -2.558763785E-01     1.250067658E-01
     6037     5.514585247E+00    -3.972275673E-01     1.687082627E-01
     6038     5.427086231E+00    -3.679587700E-01     1.250060165E-01
     6039     5.551460465E+00    -3.104254373E-01     1.250108060E-01
     6040     5.696280312E+00    -4.558452016E-01     1.689492107E-01
     6041     5.605433159E+00    -4.265107438E-01     1.250074236E-01
     6042     5.729429333E+00    -3.691191389E-01     1.250113796E-01
     6043     5.879444520E+00    -5.162692612E-01     1.692684173E-01
     6044     5.787863643E+00    -4.860203573E-01     1.250071886E-01
     6045     5.910824012E+00    -4.274268585E-01     1.250103396E-01
     6046     5.433973949E-01     1.440664110E-01     1.249980808E-01
     6047     4.858516777E-01     2.273823062E-01     1.684282460E-01
     6048     5.734217044E-01     2.868947144E-01     1.249976052E-01
     6049     6.609324755E-01     3.464852208E-01     1.686171736E-01
     6050     7.819662125E-01     2.633056434E-01     1.249973975E-01
     6051     1.163587872E+00    -3.347909632E-01     1.688294504E-01
     6052     1.047850689E+00    -3.680714633E-01     1.249990965E-01
     6053     1.090005258E+00    -2.122207813E-01     1.249985107E-01
     6054     1.387328792E+00    -2.790344259E-01     1.688533700E-01
     6055     1.275462972E+00    -3.069080646E-01     1.249990234E-01
     6056     1.338341494E+00    -1.583471009E-01     1.249986605E-01
     6057     1.607246385E+00    -2.231334672E-01     1.688465753E-01
     6058     1.497289310E+00    -2.510828131E-01     1.249992558E-01
     6059     1.571192962E+00    -8.404189490E-02     1.249992159E-01
     6060     1.829962105E+00    -1.779645992E-01     1.688203378E-01
     6061     1.718604856E+00    -2.005486822E-01     1.249995844E-01
     6062     1.656281894E+00     5.176597676E-02     1.249992848E-01
     6063     1.777424529E+00     4.848243549E-02     1.688159525E-01
     6064     1.803693788E+00    -6.474081057E-02     1.249996533E-01
     6065     2.066388589E+00    -9.226210984E-02     1.687820609E-01
     6066     1.948175570E+00    -1.351132258E-01     1.249998191E-01
     6067     1.859208784E+00     5.744902827E-02     1.249997149E-01
     6068     1.940992110E+00     6.641508579E-02     1.687934679E-01
     6069     2.003690566E+00    -1.292338697E-02     1.249998806E-01
     6070     6.530570631E+00     8.208753841E-01     1.690038817E-01
     6071     6.603599081E+00     8.249829135E-01     1.250007670E-01
     6072     6.676651069E+00     8.290919290E-01     1.688996886E-01
     6073     6.661665637E+00     7.755566682E-01     1.250009440E-01
     6074     6.646701692E+00     7.220210206E-01     1.694815431E-01
     6075     6.593733264E+00     7.103550920E-01     1.250013986E-01
     6076     6.540780338E+00     6.986901332E-01     1.697809335E-01
     6077     6.535666708E+00     7.597813374E-01     1.250012217E-01
     6078     6.476330284E+00     6.773829751E-01     1.250016426E-01
     6079     6.411891899E+00     6.560783114E-01     1.701490032E-01
     6080     6.395131126E+00     7.175074372E-01     1.250013062E-01
     6081     6.378383271E+00     7.789406980E-01     1.691610156E-01
     6082     6.454467550E+00     7.999057995E-01     1.250008853E-01
     6083     6.224476431E+00     7.103625410E-01     1.692264851E-01
     6084     6.301425512E+00     7.446509509E-01     1.250012756E-01
     6085     6.345379978E+00     6.241020725E-01     1.250023182E-01
     6086     6.278873488E+00     5.921249246E-01     1.703761662E-01
     6087     6.251674365E+00     6.512455862E-01     1.250022876E-01
     6088     6.065857324E+00     6.299059357E-01     1.692519089E-01
     6089     6.145166551E+00     6.701383810E-01     1.250027169E-01
     6090     6.208718900E+00     5.491155127E-01     1.250051207E-01
     6091     6.138564954E+00     5.060906863E-01     1.704218255E-01
     6092     6.102211086E+00     5.680083075E-01     1.250055500E-01
     6093     5.900460816E+00     5.433194586E-01     1.691505513E-01
     6094     5.983159087E+00     5.866245650E-01     1.250051554E-01
     6095     6.064446960E+00     4.585397437E-01     1.250098060E-01
     6096     5.945394961E+00     4.771560011E-01     1.250094115E-01
     6097     5.813711393E+00     4.917787974E-01     1.250075473E-01
     6098     5.268507067E+00     2.598421660E-01     1.684140754E-01
     6099     5.396154020E+00     2.724361603E-01     1.250049563E-01
     6100     5.262782904E+00     1.376177620E-01     1.250031200E-01
     6101     5.044996457E+00     2.086017045E-01     1.683284145E-01
     6102     5.156751800E+00     2.342267115E-01     1.250014520E-01
     6103     5.032785925E+00     4.915532578E-02     1.250007744E-01
     6104     4.824305297E+00     1.723699970E-01     1.683333694E-01
     6105     4.934650886E+00     1.904873867E-01     1.250001414E-01
     6106     4.893149162E+00    -1.174127739E-01     1.250003172E-01
     6107     4.765722937E+00    -1.245337098E-01     1.683875960E-01
     6108     4.795014124E+00     2.391928699E-02     1.249996841E-01
     6109     4.610497803E+00     1.497745627E-01     1.683609764E-01
     6110     4.717401553E+00     1.610729341E-01     1.249995566E-01
     6111     4.655525295E+00    -1.252921662E-01     1.249992365E-01
     6112     4.545327640E+00    -1.260528183E-01     1.684064612E-01
     6113     4.577912724E+00     1.186148090E-02     1.249991090E-01
     6114     4.402606181E+00     1.352139105E-01     1.683908572E-01
     6115     4.506551992E+00     1.424945982E-01     1.249993019E-01
     6116     4.441499570E+00    -1.246679449E-01     1.249987979E-01
     6117     4.337671496E+00    -1.232841760E-01     1.684302117E-01
     6118     4.370138838E+00     5.965172397E-03     1.249989908E-01
     6119     4.199018761E+00     1.255015229E-01     1.684214711E-01
     6120     4.300812469E+00     1.303579007E-01     1.249993350E-01
     6121     4.236279351E+00    -1.213281872E-01     1.249988931E-01
     6122     4.134887206E+00    -1.193726880E-01     1.684573016E-01
     6123     4.166952982E+00     3.064541121E-03     1.249992373E-01
     6124     3.997493135E+00     1.189090392E-01     1.684534395E-01
     6125     4.098255945E+00     1.222053614E-01     1.249995035E-01
     6126     4.034229812E+00    -1.175207890E-01     1.249992542E-01
     6127     3.933572420E+00    -1.156690716E-01     1.684874283E-01
     6128     3.965532775E+00     1.620031327E-03     1.249995204E-01
     6129     3.796307132E+00     1.145315543E-01     1.684862812E-01
     6130     3.896900130E+00     1.167203295E-01     1.249996628E-01
     6131     3.832889972E+00    -1.142289833E-01     1.249995565E-01
     6132     3.732207529E+00    -1.127889568E-01     1.685189595E-01
     6133     3.764257327E+00     8.713148531E-04     1.249996988E-01
     6134     3.594594871E+00     1.119049574E-01     1.685195815E-01
     6135     3.695450998E+00     1.132182678E-01     1.249997632E-01
     6136     3.631193984E+00    -1.119005298E-01     1.249997193E-01
     6137     3.530180444E+00    -1.110121216E-01     1.685510244E-01
     6138     3.562387654E+00     4.464230811E-04     1.249997836E-01
     6139     3.392279046E+00     1.108429709E-01     1.685530941E-01
     6140     3.493436954E+00     1.113739691E-01     1.249998187E-01
     6141     3.428836590E+00    -1.107225424E-01     1.249997976E-01
     6142     3.327492742E+00    -1.104329718E-01     1.685833103E-01
     6143     3.359885891E+00     2.050036544E-04     1.249998327E-01
     6144     3.189475467E+00     1.113542566E-01     1.685867407E-01
     6145     3.290877252E+00     1.110986179E-01     1.249998504E-01
     6146     3.225918791E+00    -1.107134435E-01     1.249998422E-01
     6147     3.124344845E+00    -1.109939224E-01     1.686157159E-01
     6148     3.156910152E+00     1.801707339E-04     1.249998599E-01
     6149     2.986388995E+00     1.136432112E-01     1.686204466E-01
     6150     3.087932227E+00     1.124987358E-01     1.249998686E-01
     6151     3.022572401E+00    -1.117113237E-01     1.249998688E-01
     6152     2.920799963E+00    -1.124287304E-01     1.686482038E-01
     6153     2.953594476E+00     6.072414272E-04     1.249998775E-01
     6154     2.783339587E+00     1.181984861E-01     1.686541625E-01
     6155     2.884864287E+00     1.159208497E-01     1.249998800E-01
     6156     2.818698309E+00    -1.133275106E-01     1.249998875E-01
     6157     2.716596659E+00    -1.142262934E-01     1.686807905E-01
     6158     2.749968121E+00     1.986097702E-03     1.249998899E-01
     6159     2.580680482E+00     1.262776265E-01     1.686877557E-01
     6160     2.682010033E+00     1.222380560E-01     1.249998892E-01
     6161     2.613913859E+00    -1.145173852E-01     1.249999048E-01
     6162     2.511231056E+00    -1.148084793E-01     1.687134740E-01
     6163     2.545955771E+00     5.734573123E-03     1.249999041E-01
     6164     2.378326809E+00     1.407859497E-01     1.687210350E-01
     6165     2.479503650E+00     1.335317897E-01     1.249998979E-01
     6166     2.405603384E+00    -1.127355652E-01     1.249999238E-01
     6167     2.299975680E+00    -1.106626678E-01     1.687467133E-01
     6168     2.339151264E+00     1.506165144E-02     1.249999176E-01
     6169     2.176822649E+00     1.681138505E-01     1.687533645E-01
     6170     2.277574761E+00     1.544499206E-01     1.249998983E-01
     6171     2.183182209E+00    -1.014623463E-01     1.249999238E-01
     6172     2.121605707E+00     3.792592285E-02     1.249999045E-01
     6173     1.996159239E+00     2.243622705E-01     1.687806529E-01
     6174     2.086491054E+00     1.962381277E-01     1.249998759E-01
     6175     1.968575913E+00     1.453888179E-01     1.249998520E-01
     6176     1.812563742E+00     2.511461863E-01     1.688086665E-01
     6177     1.904361741E+00     2.377543770E-01     1.249997825E-01
     6178     1.794994612E+00     1.498145874E-01     1.249996454E-01
     6179     1.613284190E+00     2.847367207E-01     1.688328631E-01
     6180     1.712924551E+00     2.679417913E-01     1.249995884E-01
     6181     1.574211833E+00     1.698931806E-01     1.249992279E-01
     6182     1.429536917E+00     3.481322664E-01     1.688458143E-01
     6183     1.521411824E+00     3.164351096E-01     1.249993042E-01
     6184     1.409081426E+00     2.754827026E-01     1.249988323E-01
     6185     1.235712921E+00     3.770207351E-01     1.688504635E-01
     6186     1.332627334E+00     3.625774676E-01     1.249990806E-01
     6187     1.223787695E+00     2.762068961E-01     1.249986552E-01
     6188     1.010241840E+00     4.212541216E-01     1.688223413E-01
     6189     1.122982063E+00     3.991386120E-01     1.249988997E-01
     6190     9.566121561E-01     3.007042894E-01     1.249981409E-01
     6191     7.973742263E-01     5.085893519E-01     1.687968035E-01
     6192     9.038169070E-01     4.649161056E-01     1.249986701E-01
     6193     7.291709634E-01     4.275174597E-01     1.249979268E-01
     6194     6.142980820E-01     6.030785946E-01     1.687994631E-01
     6195     7.058503043E-01     5.558187239E-01     1.249983714E-01
     6196     5.778353638E-01     4.077492544E-01     1.249968941E-01
     6197     4.946796733E-01     4.690779318E-01     1.685998307E-01
     6198     5.545147047E-01     5.360505187E-01     1.249973387E-01
     6199     4.517500470E-01     6.942296860E-01     1.688052035E-01
     6200     5.330366264E-01     6.486406033E-01     1.249983969E-01
     6201     4.215770336E-01     5.212190034E-01     1.249969840E-01
     6202     3.484238966E-01     5.734144268E-01     1.685763472E-01
     6203     4.000989553E-01     6.338090880E-01     1.249980422E-01
     6204     3.106257483E-01     7.785073892E-01     1.688164186E-01
     6205     3.811930006E-01     7.363626685E-01     1.249985231E-01
     6206     2.915270300E-01     6.229555274E-01     1.249974476E-01
     6207     2.346119514E-01     6.725174497E-01     1.685916917E-01
     6208     2.726210753E-01     7.255091079E-01     1.249979285E-01
     6209     1.879979146E-01     8.337842292E-01     1.687886085E-01
     6210     2.493113814E-01     8.061441820E-01     1.249982180E-01
     6211     1.994276983E-01     7.083551687E-01     1.249970082E-01
     6212     1.642424954E-01     7.441982542E-01     1.686379455E-01
     6213     1.761180044E-01     7.889902429E-01     1.249972977E-01
     6214     6.182813768E-02     8.408123841E-01     1.687088691E-01
     6215     1.249083986E-01     8.372980160E-01     1.249980948E-01
     6216     1.190390173E-01     7.335562911E-01     1.249968328E-01
     6217     7.384161430E-02     7.229158262E-01     1.685334972E-01
     6218     6.782941149E-02     7.818640643E-01     1.249976299E-01
     6219     1.756737461E-01     6.374754744E-01     1.249979193E-01
     6220     1.167351161E-01     6.024368696E-01     1.683697878E-01
     6221     9.528506510E-02     6.626765968E-01     1.249977438E-01
     6222     5.359985410E-02     6.061974557E-01     1.249984632E-01
     6223    -9.531057502E-03     6.099579642E-01     1.682868984E-01
     6224    -2.436780140E-02     6.575582639E-01     1.249977127E-01
     6225    -3.919686888E-02     7.051606306E-01     1.684488731E-01
     6226     1.731740960E-02     7.140374050E-01     1.249969934E-01
     6227    -7.100755976E-02     8.268947214E-01     1.686486338E-01
     6228    -4.597568549E-03     8.338521410E-01     1.249978573E-01
     6229    -5.510957044E-02     7.660254817E-01     1.249972208E-01
     6230    -2.029807785E-01     7.867622117E-01     1.685986206E-01
     6231    -1.370059138E-01     8.068230155E-01     1.249973059E-01
     6232    -9.489905509E-02     6.823454904E-01     1.249962548E-01
     6233    -1.505872376E-01     6.595365507E-01     1.684177973E-01
     6234    -1.767953984E-01     7.231430242E-01     1.249963398E-01
     6235    -3.287116835E-01     7.179019466E-01     1.685316326E-01
     6236    -2.658640197E-01     7.523200315E-01     1.249972979E-01
     6237    -1.996134146E-01     6.179517572E-01     1.249956978E-01
     6238    -2.486062413E-01     5.763921710E-01     1.683886078E-01
     6239    -2.886820360E-01     6.471287645E-01     1.249966559E-01
     6240    -4.463078773E-01     6.246820135E-01     1.684667653E-01
     6241    -3.875370938E-01     6.712693818E-01     1.249979024E-01
     6242    -2.932385639E-01     5.263080122E-01     1.249964397E-01
     6243    -3.378016138E-01     4.762846153E-01     1.683511243E-01
     6244    -3.920936218E-01     5.504486294E-01     1.249976863E-01
     6245    -5.540613677E-01     5.088065237E-01     1.684012980E-01
     6246    -5.002232183E-01     5.667042364E-01     1.249984231E-01
     6247    -3.790724011E-01     4.190959010E-01     1.249973668E-01
     6248    -4.202270310E-01     3.620308479E-01     1.683027755E-01
     6249    -4.872019976E-01     4.353515079E-01     1.249981036E-01
     6250    -6.478927991E-01     3.729939366E-01     1.683419412E-01
     6251    -6.010139135E-01     4.408504800E-01     1.249983309E-01
     6252    -4.564473004E-01     2.943266650E-01     1.249971672E-01
     6253    -4.925478642E-01     2.267890294E-01     1.682657960E-01
     6254    -5.702592163E-01     2.998256372E-01     1.249973946E-01
     6255    -7.261820352E-01     2.235324504E-01     1.682946925E-01
     6256    -6.870597059E-01     2.982387509E-01     1.249977914E-01
     6257    -5.208633981E-01     1.373019412E-01     1.249958237E-01
     6258    -6.376638876E-01     1.357150550E-01     1.249962205E-01
     6259    -8.070086576E-01     8.825652281E-02     1.682561497E-01
     6260    -7.666081573E-01     1.558989188E-01     1.249968516E-01
     6261    -7.515721899E-01     1.772130464E-02     1.249944036E-01
     6262    -8.739436183E-01    -1.298027009E-02     1.682193285E-01
     6263    -8.404850463E-01     3.764714951E-02     1.249965284E-01
     6264    -7.583463225E-01    -9.482541371E-02     1.249942785E-01
     6265    -8.205568744E-01    -1.368468146E-01     1.682544258E-01
     6266    -8.472591789E-01    -7.489956885E-02     1.249964033E-01
     6267    -7.526759709E-01    -2.916526092E-01     1.682966708E-01
     6268    -7.866301017E-01    -2.142244859E-01     1.249961580E-01
     6269    -6.837363730E-01    -2.522484984E-01     1.249948147E-01
     6270    -6.702794533E-01    -4.394994722E-01     1.683561183E-01
     6271    -7.115027822E-01    -3.655401266E-01     1.249957467E-01
     6272    -6.039960297E-01    -3.974885673E-01     1.249931234E-01
     6273    -5.754549049E-01    -5.689965913E-01     1.684236654E-01
     6274    -6.228981995E-01    -5.042127624E-01     1.249940762E-01
     6275    -5.194351779E-01    -5.241745750E-01     1.249900898E-01
     6276    -4.698785197E-01    -6.723530537E-01     1.684877933E-01
     6277    -5.226934047E-01    -6.206487234E-01     1.249928003E-01
     6278    -4.382343519E-01    -6.240410968E-01     1.249899555E-01
     6279    -3.401454670E-01    -7.359602912E-01     1.685331418E-01
     6280    -4.050334850E-01    -7.041391434E-01     1.249936705E-01
     6281    -3.097306138E-01    -6.574732036E-01     1.249924506E-01
     6282    -2.074404541E-01    -7.994662892E-01     1.685936776E-01
     6283    -2.738077478E-01    -7.677040801E-01     1.249954528E-01
     6284    -2.191152362E-01    -6.260984688E-01     1.249920767E-01
     6285    -1.589248995E-01    -6.732023680E-01     1.684344025E-01
     6286    -1.831923702E-01    -7.363293452E-01     1.249950789E-01
     6287    -7.698717925E-02    -8.393562843E-01     1.686530168E-01
     6288    -1.422236739E-01    -8.194077364E-01     1.249965512E-01
     6289    -1.032073292E-01    -6.993423188E-01     1.249944588E-01
     6290    -4.747667969E-02    -7.254884124E-01     1.684915816E-01
     6291    -6.223863293E-02    -7.824207099E-01     1.249959311E-01
     6292     4.473253474E-02    -8.538783835E-01     1.687228881E-01
     6293    -1.613434662E-02    -8.466163058E-01     1.249958507E-01
     6294    -5.974670377E-03    -7.446815838E-01     1.249943970E-01
     6295     3.553687248E-02    -7.638771548E-01     1.685856392E-01
     6296     4.012961593E-02    -8.088771796E-01     1.249943167E-01
     6297    -3.360431582E-01    -1.206323377E-01     1.681841425E-01
     6298    -3.065432590E-01    -1.788686235E-01     1.249956889E-01
     6299    -4.057594615E-01    -1.352597529E-01     1.249943915E-01
     6300    -3.645472299E-01     1.230780805E-02     1.681895947E-01
     6301    -3.503223872E-01    -5.411500519E-02     1.249971767E-01
     6302    -4.568453712E-01     3.010724241E-02     1.249964082E-01
     6303    -3.432481049E-01     1.416362907E-01     1.682012057E-01
     6304    -3.539390631E-01     7.689926568E-02     1.249981612E-01
     6305    -4.179570900E-01     1.840939645E-01     1.249975767E-01
     6306    -2.907247907E-01     2.531572185E-01     1.682210987E-01
     6307    -3.170733044E-01     1.972617670E-01     1.249986365E-01
     6308    -3.555635149E-01     3.074944675E-01     1.249982270E-01
     6309    -2.268475253E-01     3.517716879E-01     1.682511495E-01
     6310    -2.588629682E-01     3.023866160E-01     1.249985958E-01
     6311    -2.823718545E-01     4.139880495E-01     1.249977357E-01
     6312    -1.653834660E-01     4.521096732E-01     1.682420773E-01
     6313    -1.961502508E-01     4.019125796E-01     1.249983684E-01
     6314    -2.070169601E-01     5.142325423E-01     1.249970724E-01
     6315    -1.045635875E-01     5.655258513E-01     1.682639206E-01
     6316    -1.349822833E-01     5.088115715E-01     1.249982160E-01
     6317    -1.275787378E-01     6.125307864E-01     1.249968413E-01
     6318    -5.704748413E-02     5.877435599E-01     1.249982992E-01
     6319     2.165567392E-01     4.636344969E-01     1.683285797E-01
     6320     1.666542400E-01     5.330259577E-01     1.249985286E-01
     6321     2.825075239E-01     5.185060106E-01     1.249980569E-01
     6322     3.638938773E-01     3.541010266E-01     1.684125095E-01
     6323     2.902682081E-01     4.088222443E-01     1.249980399E-01
     6324     4.293377179E-01     4.115352371E-01     1.249969669E-01
     6325     4.249240585E-01     2.906806970E-01     1.249976780E-01
     6326     4.139824530E-01    -4.518304096E-01     1.685402444E-01
     6327     4.748000621E-01    -3.914597550E-01     1.249993353E-01
     6328     6.522459009E-01    -5.422239068E-01     1.249994588E-01
     6329     5.696623393E-01    -5.907350898E-01     1.687659052E-01
     6330     4.918453738E-01    -5.212629529E-01     1.249994115E-01
     6331     3.053948851E-01    -5.552386243E-01     1.685353006E-01
     6332     3.597098647E-01    -5.035167987E-01     1.249988388E-01
     6333     4.969018566E-01    -6.366780053E-01     1.249992796E-01
     6334     4.241178464E-01    -6.826418999E-01     1.687787697E-01
     6335     3.647663476E-01    -6.189318511E-01     1.249987070E-01
     6336     2.057712285E-01    -6.482331991E-01     1.685393485E-01
     6337     2.555907216E-01    -6.017292780E-01     1.249980049E-01
     6338     3.572991437E-01    -7.237105254E-01     1.249986367E-01
     6339     2.904716039E-01    -7.647874925E-01     1.687831329E-01
     6340     2.481235177E-01    -7.065079523E-01     1.249979346E-01
     6341     1.072611598E-01    -7.131163104E-01     1.685458135E-01
     6342     1.565166710E-01    -6.806731302E-01     1.249969944E-01
     6343     2.270112823E-01    -7.934828850E-01     1.249973829E-01
     6344     1.635527523E-01    -8.221804078E-01     1.687529916E-01
     6345     1.354044356E-01    -7.676480629E-01     1.249964427E-01
     6346    -1.364275631E-01    -5.336934975E-01     1.249961024E-01
     6347    -1.007688629E-01    -5.794721562E-01     1.682780737E-01
     6348    -1.298489655E-01    -6.263373722E-01     1.249955894E-01
     6349     7.139607122E-02    -7.384960254E-01     1.249951104E-01
     6350     1.041379803E-01    -8.380292172E-01     1.249956489E-01
     6351    -1.589794653E-02    -6.764268605E-01     1.249962910E-01
     6352     1.568748444E-02    -6.273670674E-01     1.683384873E-01
     6353     6.147279507E-02    -6.702413020E-01     1.249970044E-01
     6354     6.871997643E-02    -5.953996894E-01     1.249982381E-01
     6355     1.217547731E-01    -5.634314867E-01     1.683137682E-01
     6356     1.637638523E-01    -6.058315176E-01     1.249982281E-01
     6357     2.596741311E-01     2.520539461E-01     1.682671293E-01
     6358     2.103693839E-01     2.918943725E-01     1.249988721E-01
     6359     1.609221883E-01     3.318797320E-01     1.682368465E-01
     6360     1.887610976E-01     3.977352362E-01     1.249987898E-01
     6361     3.118764944E-01     3.029813806E-01     1.249981222E-01
     6362     3.373512829E-01     1.476725574E-01     1.682691793E-01
     6363     2.985929344E-01     1.997616038E-01     1.249989353E-01
     6364     4.116404985E-01     1.874609201E-01     1.249984911E-01
     6365     3.828218112E-01     2.088548719E-02     1.682731102E-01
     6366     3.601149983E-01     8.424341058E-02     1.249991433E-01
     6367     4.918718947E-01     4.084890140E-02     1.249987330E-01
     6368     3.803709169E-01    -1.149925697E-01     1.682815524E-01
     6369     3.816422045E-01    -4.695966799E-02     1.249993589E-01
     6370     5.317498123E-01    -1.410249050E-01     1.249991316E-01
     6371     3.269750352E-01    -2.376964692E-01     1.683022474E-01
     6372     3.537612973E-01    -1.762017856E-01     1.249995725E-01
     6373     4.313312128E-01    -2.843508890E-01     1.249995100E-01
     6374     2.527835499E-01    -3.412847701E-01     1.683380074E-01
     6375     2.899472592E-01    -2.894233535E-01     1.249996019E-01
     6376     3.334161085E-01    -3.965322195E-01     1.249994272E-01
     6377     1.786469333E-01    -4.443996665E-01     1.682928946E-01
     6378     2.157394772E-01    -3.928247057E-01     1.249994575E-01
     6379     2.420332334E-01    -4.998092849E-01     1.249988692E-01
     6380     1.502063641E-01    -5.039115244E-01     1.249990924E-01
     6381    -4.253958277E-02    -6.034219139E-01     1.249974216E-01
     6382     6.145190511E+00    -3.824820141E-01     1.714811179E-01
     6383     6.103737847E+00    -4.816933228E-01     1.250044023E-01
     6384     6.062249386E+00    -5.809389942E-01     1.697044089E-01
     6385     5.970853799E+00    -5.485779491E-01     1.250051153E-01
     6386     6.043708060E+00    -3.605422322E-01     1.250096266E-01
     6387     6.144042538E+00    -2.056555413E-01     1.722645021E-01
     6388     6.144630790E+00    -2.939655998E-01     1.250061620E-01
     6389     6.063935786E+00    -1.885977506E-01     1.250109078E-01
     6390     6.159145227E+00    -7.507184020E-02     1.725206157E-01
     6391     6.151596664E+00    -1.401482227E-01     1.250070909E-01
     6392     6.092707628E+00    -5.134373158E-02     1.250109734E-01
     6393     6.180517204E+00     3.663225606E-02     1.726037584E-01
     6394     6.169831926E+00    -1.900732293E-02     1.250071349E-01
     6395     6.128465854E+00     6.593154421E-02     1.250103847E-01
     6396     6.194013257E+00     8.437259929E-02     1.250070396E-01
     6397     6.145202997E+00     3.420915810E-01     1.250092389E-01
     6398     6.177784322E+00     4.475694212E-01     1.250063859E-01
     6399     6.338847472E+00     4.882937937E-01     1.714688337E-01
     6400     6.277925488E+00     4.386654626E-01     1.250035632E-01
     6401     6.308860066E+00     5.402115541E-01     1.250022980E-01
     6402     6.450901773E+00     5.489565543E-01     1.710345109E-01
     6403     6.394873385E+00     5.186258894E-01     1.250012359E-01
     6404     6.431393298E+00     6.025164078E-01     1.250012561E-01
     6405     6.572801278E+00     5.927372101E-01     1.704463648E-01
     6406     6.511848678E+00     5.708463722E-01     1.250007935E-01
     6407     6.556785664E+00     6.457129395E-01     1.250011799E-01
     6408     6.727756391E+00     6.355791332E-01     1.697681971E-01
     6409     6.650273925E+00     6.141585053E-01     1.250005492E-01
     6410     6.687221525E+00     6.788006578E-01     1.250007679E-01
     6411     6.822074393E+00     7.877448941E-01     1.689552111E-01
     6412     6.774905007E+00     7.116641572E-01     1.250003007E-01
     6413     6.749349119E+00     8.084201676E-01     1.250004768E-01
     6414     6.889033156E+00     5.992709805E-01     1.692217894E-01
     6415     6.808388272E+00     6.174269810E-01     1.250001771E-01
     6416     6.902284549E+00     7.617079891E-01     1.250001334E-01
     6417     6.982524061E+00     7.356613835E-01     1.687068203E-01
     6418     6.935767813E+00     6.674708129E-01     1.250000098E-01
     6419     7.021940080E+00     5.363549622E-01     1.686620627E-01
     6420     6.955483719E+00     5.678138689E-01     1.249999962E-01
     6421     7.056244595E+00     6.962639252E-01     1.249999633E-01
     6422     7.129977962E+00     6.568620143E-01     1.684107988E-01
     6423     7.075960501E+00     5.966069812E-01     1.249999497E-01
     6424     7.137309816E+00     4.480209350E-01     1.681613332E-01
     6425     7.079631544E+00     4.921769916E-01     1.249999640E-01
     6426     7.195173258E+00     6.042655455E-01     1.249999208E-01
     6427     7.260355642E+00     5.516886372E-01     1.681480776E-01
     6428     7.198844301E+00     4.998355559E-01     1.249999351E-01
     6429     7.244297685E+00     3.241527663E-01     1.681479852E-01
     6430     7.190879260E+00     3.859556578E-01     1.249999518E-01
     6431     7.317011360E+00     4.860985374E-01     1.249999031E-01
     6432     7.373590905E+00     4.206424540E-01     1.681381149E-01
     6433     7.309046319E+00     3.722186393E-01     1.249999197E-01
     6434     7.347879982E+00     1.476593290E-01     1.681497962E-01
     6435     7.296188572E+00     2.356701275E-01     1.249999350E-01
     6436     7.421378543E+00     3.471616326E-01     1.249998826E-01
     6437     7.469064212E+00     2.738951079E-01     1.681423816E-01
     6438     7.408520796E+00     2.106131208E-01     1.249998979E-01
     6439     7.513619820E+00     4.486444663E-02     1.681499543E-01
     6440     7.430785622E+00     9.609192130E-02     1.249998988E-01
     6441     7.511076728E+00     2.186605486E-01     1.249998712E-01
     6442     7.553038120E+00     1.635888508E-01     1.681458666E-01
     6443     7.533341554E+00     1.041393491E-01     1.249998720E-01
     6444     7.332983232E+00    -4.223438491E-02     1.681540621E-01
     6445     7.340461135E+00     5.245600050E-02     1.249999375E-01
     6446     7.499534393E+00    -3.396067987E-02     1.249998885E-01
     6447     7.485441941E+00    -1.125286439E-01     1.681543030E-01
     6448     7.409209906E+00    -7.759660067E-02     1.249999272E-01
     6449     7.293513131E+00    -1.993991736E-01     1.681550438E-01
     6450     7.313205203E+00    -1.211042794E-01     1.249999562E-01
     6451     7.460891112E+00    -1.938779411E-01     1.249999110E-01
     6452     7.436389195E+00    -2.749232889E-01     1.681550404E-01
     6453     7.364886409E+00    -2.373856198E-01     1.249999399E-01
     6454     7.224763503E+00    -3.418834357E-01     1.681583787E-01
     6455     7.259013800E+00    -2.709186846E-01     1.249999624E-01
     6456     7.398055454E+00    -3.515775820E-01     1.249999181E-01
     6457     7.359852785E+00    -4.279382342E-01     1.681578706E-01
     6458     7.292182844E+00    -3.851106468E-01     1.249999406E-01
     6459     7.124472983E+00    -4.718105036E-01     1.682250740E-01
     6460     7.174504945E+00    -4.069922402E-01     1.249999601E-01
     6461     7.308437567E+00    -4.972074844E-01     1.249999161E-01
     6462     7.257146778E+00    -5.663186385E-01     1.681952372E-01
     6463     7.190759669E+00    -5.190890779E-01     1.249999357E-01
     6464     6.970900863E+00    -6.081751197E-01     1.687043029E-01
     6465     7.047463122E+00    -5.400393512E-01     1.249999507E-01
     6466     7.196523081E+00    -6.283643018E-01     1.249999067E-01
     6467     7.136054008E+00    -6.903650712E-01     1.682896418E-01
     6468     7.053226534E+00    -6.493145752E-01     1.249999217E-01
     6469     6.915743472E+00    -7.888293745E-01     1.685606264E-01
     6470     6.942957468E+00    -6.985538470E-01     1.249999229E-01
     6471     7.093102646E+00    -7.439891762E-01     1.249998945E-01
     6472     7.050421977E+00    -7.975657524E-01     1.683275847E-01
     6473     6.982833580E+00    -7.932284481E-01     1.249998957E-01
     6474     6.766065794E+00    -6.352457927E-01     1.694170672E-01
     6475     6.867752119E+00    -6.218027318E-01     1.249999522E-01
     6476     6.829141201E+00    -7.932977385E-01     1.249999105E-01
     6477     6.743461106E+00    -7.976737311E-01     1.688383606E-01
     6478     6.753935852E+00    -7.165466233E-01     1.249999398E-01
     6479     6.592232810E+00    -6.242298135E-01     1.701857615E-01
     6480     6.677943574E+00    -6.296903981E-01     1.249999661E-01
     6481     6.654326512E+00    -7.901350083E-01     1.249999251E-01
     6482     6.566481502E+00    -7.826548341E-01     1.692554905E-01
     6483     6.578334234E+00    -7.032787831E-01     1.249999514E-01
     6484     6.434963135E+00    -5.786863335E-01     1.708575997E-01
     6485     6.512739271E+00    -6.012662475E-01     1.250000169E-01
     6486     6.480143335E+00    -7.597773321E-01     1.249999860E-01
     6487     6.394731063E+00    -7.371008768E-01     1.695974841E-01
     6488     6.414548372E+00    -6.577647965E-01     1.250000515E-01
     6489     6.289533569E+00    -5.012144687E-01     1.712847539E-01
     6490     6.362114968E+00    -5.399264858E-01     1.250006136E-01
     6491     6.312126327E+00    -7.008818892E-01     1.250005554E-01
     6492     6.229708137E+00    -6.647114005E-01     1.697192344E-01
     6493     6.259692924E+00    -5.830435785E-01     1.250011175E-01
     6494     4.568534138E-01     8.667338699E-01     1.249998704E-01
     6495     5.419801090E-01     8.256210788E-01     1.690387667E-01
     6496     4.968692417E-01     7.599208700E-01     1.249992416E-01
     6497     3.419100639E-01     8.446311074E-01     1.249991519E-01
     6498     2.115466369E-01     9.612491654E-01     1.689909330E-01
     6499     2.934552166E-01     9.394870799E-01     1.249998704E-01
     6500     1.997685298E-01     8.975169452E-01     1.249989365E-01
     6501     5.254613127E-02     9.828483309E-01     1.689145771E-01
     6502     1.324804687E-01     9.752952696E-01     1.249998696E-01
     6503     5.717944503E-02     9.118305757E-01     1.249990279E-01
     6504    -1.064814355E-01     9.784751614E-01     1.688388736E-01
     6505    -2.706589831E-02     9.838797562E-01     1.249998696E-01
     6506    -8.875437730E-02     9.026829767E-01     1.249986990E-01
     6507    -2.620208706E-01     9.487344206E-01     1.687635178E-01
     6508    -1.848616327E-01     9.667358038E-01     1.249998696E-01
     6509    -2.325140191E-01     8.677425813E-01     1.249984764E-01
     6510    -4.146420833E-01     8.926499203E-01     1.686861430E-01
     6511    -3.395042724E-01     9.238445684E-01     1.249998696E-01
     6512    -3.716940670E-01     8.052649155E-01     1.249986911E-01
     6513    -5.604856556E-01     8.090783444E-01     1.686061588E-01
     6514    -4.893677373E-01     8.539737439E-01     1.249998696E-01
     6515    -5.034231920E-01     7.168587980E-01     1.249990809E-01
     6516    -6.997743507E-01     6.921472355E-01     1.685196157E-01
     6517    -6.328541089E-01     7.538220045E-01     1.249998696E-01
     6518    -6.269476054E-01     6.004435692E-01     1.249992117E-01
     6519    -8.207336217E-01     5.432754915E-01     1.684283343E-01
     6520    -7.639018998E-01     6.206495187E-01     1.249998696E-01
     6521    -7.343330240E-01     4.581029415E-01     1.249989888E-01
     6522    -9.090736277E-01     3.772758632E-01     1.683388497E-01
     6523    -8.688844572E-01     4.623761863E-01     1.249998696E-01
     6524    -8.176378931E-01     3.003976359E-01     1.249986722E-01
     6525    -9.653770673E-01     1.918307989E-01     1.682466205E-01
     6526    -9.418034332E-01     2.859339622E-01     1.249998696E-01
     6527    -8.861986590E-01     1.400462515E-01     1.249980490E-01
     6528    -9.842519685E-01    -7.177232578E-10     1.681548921E-01
     6529    -9.795220727E-01     9.637658723E-02     1.249998696E-01
     6530    -9.291012940E-01    -6.485659618E-03     1.249983490E-01
     6531    -9.650221710E-01    -1.936082305E-01     1.682474686E-01
     6532    -9.794331478E-01    -9.727613568E-02     1.249998696E-01
     6533    -8.927958044E-01    -1.652137889E-01     1.249979239E-01
     6534    -9.078835343E-01    -3.801308007E-01     1.683402904E-01
     6535    -9.410888700E-01    -2.882770823E-01     1.249998696E-01
     6536    -8.302909890E-01    -3.358688370E-01     1.249981037E-01
     6537    -8.190135496E-01    -5.458651326E-01     1.684297708E-01
     6538    -8.674242408E-01    -4.651097978E-01     1.249998696E-01
     6539    -7.446688149E-01    -4.926538786E-01     1.249975127E-01
     6540    -7.024974456E-01    -6.893832581E-01     1.685177292E-01
     6541    -7.641457943E-01    -6.203492102E-01     1.249998696E-01
     6542    -6.389983482E-01    -6.291667137E-01     1.249964331E-01
     6543    -5.575477432E-01    -8.111056969E-01     1.686077900E-01
     6544    -6.329738118E-01    -7.537214944E-01     1.249998696E-01
     6545    -5.137360406E-01    -7.417112010E-01     1.249962368E-01
     6546    -4.065946709E-01    -8.963440807E-01     1.686902694E-01
     6547    -4.839699335E-01    -8.570443635E-01     1.249998696E-01
     6548    -3.733868466E-01    -8.161421428E-01     1.249973033E-01
     6549    -2.538090351E-01    -9.509642008E-01     1.687674693E-01
     6550    -3.313439537E-01    -9.268026337E-01     1.249998696E-01
     6551    -2.306373186E-01    -8.752107378E-01     1.249980191E-01
     6552    -9.728392704E-02    -9.794323739E-01     1.688431646E-01
     6553    -1.761348925E-01    -9.683637938E-01     1.249998696E-01
     6554    -8.714505009E-02    -9.093929359E-01     1.249984016E-01
     6555     5.879931379E-02    -9.824940601E-01     1.689174422E-01
     6556    -1.931261889E-02    -9.840624778E-01     1.249998696E-01
     6557     5.175891464E-02    -9.181862899E-01     1.249973187E-01
     6558     2.162387360E-01    -9.602045337E-01     1.689930985E-01
     6559     1.379625461E-01    -9.745349011E-01     1.249998696E-01
     6560     1.898907719E-01    -8.911932024E-01     1.249981998E-01
     6561     2.957476266E-01    -9.387679579E-01     1.249998704E-01
     6562     3.318328633E-01    -8.377714541E-01     1.249990534E-01
     6563     5.415965793E-01    -8.257988509E-01     1.690423405E-01
     6564     4.566646255E-01    -8.668289440E-01     1.249998704E-01
     6565     4.828608208E-01    -7.542172661E-01     1.249994536E-01
     6566     7.202839444E-01    -7.492830919E-01     1.690124013E-01
     6567     6.303954561E-01    -7.862670012E-01     1.249998696E-01
     6568     6.449812954E-01    -6.700017116E-01     1.249996956E-01
     6569     9.058307799E-01    -6.810848245E-01     1.689819534E-01
     6570     8.126477923E-01    -7.140684569E-01     1.249998696E-01
     6571     8.203219653E-01    -5.874061542E-01     1.249996328E-01
     6572     1.096847701E+00    -6.204134926E-01     1.689510837E-01
     6573     1.001024481E+00    -6.497572960E-01     1.249998696E-01
     6574     1.014477235E+00    -5.108864818E-01     1.249995413E-01
     6575     1.288961336E+00    -5.674797942E-01     1.689203911E-01
     6576     1.192666215E+00    -5.930811281E-01     1.249998696E-01
     6577     1.226277972E+00    -4.511316250E-01     1.249994248E-01
     6578     1.480283662E+00    -5.216615085E-01     1.688900898E-01
     6579     1.384440905E+00    -5.438119117E-01     1.249998696E-01
     6580     1.433807499E+00    -4.003470910E-01     1.249994682E-01
     6581     1.672908579E+00    -4.816421085E-01     1.688597875E-01
     6582     1.576452160E+00    -5.009585142E-01     1.249998696E-01
     6583     1.640077931E+00    -3.523875307E-01     1.249996572E-01
     6584     1.866559191E+00    -4.469582061E-01     1.688294860E-01
     6585     1.769618988E+00    -4.636583483E-01     1.249998696E-01
     6586     1.848260810E+00    -3.124613090E-01     1.249997967E-01
     6587     2.061039720E+00    -4.172407549E-01     1.687991837E-01
     6588     1.963707625E+00    -4.314982564E-01     1.249998696E-01
     6589     2.063714214E+00    -2.547513975E-01     1.249998919E-01
     6590     2.256171555E+00    -3.922017565E-01     1.687688823E-01
     6591     2.158532636E+00    -4.041521278E-01     1.249998696E-01
     6592     2.278073630E+00    -2.514322047E-01     1.249999014E-01
     6593     2.451828686E+00    -3.716116790E-01     1.687385801E-01
     6594     2.353942886E+00    -3.813626631E-01     1.249998696E-01
     6595     2.481529873E+00    -2.432100784E-01     1.249998919E-01
     6596     2.651532535E+00    -3.550306232E-01     1.687077152E-01
     6597     2.551635436E+00    -3.627768860E-01     1.249998696E-01
     6598     2.684064595E+00    -2.346284580E-01     1.249998825E-01
     6599     2.855831348E+00    -3.425240013E-01     1.686761894E-01
     6600     2.753648161E+00    -3.482253239E-01     1.249998696E-01
     6601     2.888315653E+00    -2.274763649E-01     1.249998746E-01
     6602     3.059315940E+00    -3.344175880E-01     1.686448230E-01
     6603     2.957552311E+00    -3.379351338E-01     1.249998696E-01
     6604     3.091830391E+00    -2.227057535E-01     1.249998638E-01
     6605     3.262765011E+00    -3.305711271E-01     1.686134815E-01
     6606     3.161030482E+00    -3.319656498E-01     1.249998696E-01
     6607     3.295128875E+00    -2.205020476E-01     1.249998480E-01
     6608     3.466035862E+00    -3.309425430E-01     1.685821729E-01
     6609     3.364401396E+00    -3.302309951E-01     1.249998696E-01
     6610     3.498108151E+00    -2.209773298E-01     1.249998193E-01
     6611     3.668529614E+00    -3.355046538E-01     1.685509762E-01
     6612     3.567294551E+00    -3.326990277E-01     1.249998696E-01
     6613     3.700368570E+00    -2.241467984E-01     1.249997696E-01
     6614     3.869618471E+00    -3.442200127E-01     1.685199747E-01
     6615     3.769096775E+00    -3.393376450E-01     1.249998696E-01
     6616     3.901595445E+00    -2.299445182E-01     1.249996565E-01
     6617     4.069238575E+00    -3.570816896E-01     1.684891647E-01
     6618     3.969462603E+00    -3.501217084E-01     1.249998696E-01
     6619     4.102062890E+00    -2.382271219E-01     1.249994673E-01
     6620     4.267108315E+00    -3.740980669E-01     1.684585755E-01
     6621     4.168219605E+00    -3.650529201E-01     1.249998696E-01
     6622     4.302389906E+00    -2.486909435E-01     1.249992954E-01
     6623     4.463022817E+00    -3.953063916E-01     1.684282238E-01
     6624     4.365124957E+00    -3.841533850E-01     1.249998696E-01
     6625     4.504175231E+00    -2.606792307E-01     1.249993721E-01
     6626     4.658080919E+00    -4.209609492E-01     1.683979216E-01
     6627     4.560627205E+00    -4.075606283E-01     1.249998696E-01
     6628     4.711901932E+00    -2.727466059E-01     1.249997340E-01
     6629     4.852455329E+00    -4.513273864E-01     1.683676202E-01
     6630     4.755362772E+00    -4.355380546E-01     1.249998696E-01
     6631     4.936515353E+00    -2.808103358E-01     1.250004528E-01
     6632     5.045986191E+00    -4.867066991E-01     1.683373179E-01
     6633     4.949339177E+00    -4.683689629E-01     1.249998696E-01
     6634     5.110261561E+00    -3.755924845E-01     1.250012862E-01
     6635     5.238447655E+00    -5.274755255E-01     1.683070164E-01
     6636     5.142365367E+00    -5.063899539E-01     1.249998696E-01
     6637     5.289017327E+00    -4.330925488E-01     1.250023140E-01
     6638     5.430589930E+00    -5.743826283E-01     1.682765528E-01
     6639     5.334708437E+00    -5.501517608E-01     1.249998696E-01
     6640     5.472587697E+00    -4.857952982E-01     1.250035721E-01
     6641     5.626138370E+00    -6.293979936E-01     1.682452645E-01
     6642     5.528621395E+00    -6.009752427E-01     1.249998696E-01
     6643     5.661209612E+00    -5.426057569E-01     1.250037211E-01
     6644     5.815070975E+00    -6.907398607E-01     1.682146691E-01
     6645     5.720927363E+00    -6.590741512E-01     1.249998696E-01
     6646     5.847258704E+00    -6.034835279E-01     1.250033370E-01
     6647     5.995501590E+00    -7.584262961E-01     1.681849873E-01
     6648     5.905692164E+00    -7.234999944E-01     1.249998696E-01
     6649     6.028881379E+00    -6.696775003E-01     1.250016479E-01
     6650     6.085595043E+00    -7.962372660E-01     1.249998704E-01
     6651     6.145998836E+00    -6.228400408E-01     1.250022481E-01
     6652     6.202137379E+00    -7.507174022E-01     1.250004706E-01
     6653     6.349379659E+00    -9.223537912E-01     1.681548921E-01
     6654     6.259831549E+00    -8.838506999E-01     1.249998704E-01
     6655     6.371943924E+00    -8.296816136E-01     1.249999552E-01
     6656     6.538517615E+00    -9.720668102E-01     1.681548921E-01
     6657     6.442700188E+00    -9.519166419E-01     1.249998696E-01
     6658     6.552137341E+00    -8.773034684E-01     1.249999004E-01
     6659     6.726452278E+00    -9.836803750E-01     1.681548921E-01
     6660     6.632191340E+00    -9.823771021E-01     1.249998696E-01
     6661     6.734658927E+00    -8.907043524E-01     1.249998943E-01
     6662     6.912677320E+00    -9.594038518E-01     1.681548921E-01
     6663     6.820126792E+00    -9.759962535E-01     1.249998696E-01
     6664     6.914028833E+00    -8.741380274E-01     1.249998858E-01
     6665     7.094862628E+00    -8.984368337E-01     1.681548921E-01
     6666     7.005240272E+00    -9.333830155E-01     1.249998696E-01
     6667     7.072554100E+00    -8.480178539E-01     1.249998795E-01
     6668     7.264019140E+00    -8.016172120E-01     1.681548921E-01
     6669     7.181837456E+00    -8.542278334E-01     1.249998696E-01
     6670     7.199982724E+00    -7.460002486E-01     1.249998846E-01
     6671     7.408452503E+00    -6.758370436E-01     1.681548921E-01
     6672     7.339307959E+00    -7.422438904E-01     1.249998696E-01
     6673     7.332781776E+00    -6.210866876E-01     1.249998917E-01
     6674     7.522821055E+00    -5.291551741E-01     1.681548921E-01
     6675     7.469112251E+00    -6.052001817E-01     1.249998696E-01
     6676     7.441295333E+00    -4.786133166E-01     1.249998940E-01
     6677     7.607657173E+00    -3.633121810E-01     1.681548921E-01
     6678     7.569173229E+00    -4.482417026E-01     1.249998696E-01
     6679     7.522001106E+00    -3.191944689E-01     1.249998937E-01
     6680     7.660903853E+00    -1.781751773E-01     1.681548921E-01
     6681     7.638821344E+00    -2.720479217E-01     1.249998696E-01
     6682     7.573171110E+00    -1.454255977E-01     1.249998869E-01
     6683     7.677165354E+00    -3.614993933E-08     1.681548921E-01
     6684     7.673091558E+00    -8.945774713E-02     1.249998696E-01
     6685     7.595397909E+00     2.237743401E-02     1.249998712E-01
     6686     7.660831844E+00     1.785659448E-01     1.681450843E-01
     6687     7.673073300E+00     8.965756976E-02     1.249998696E-01
     6688     7.606941901E+00     1.710467308E-01     1.249998704E-01
     6689     7.608495310E+00     3.611947916E-01     1.681346928E-01
     6690     7.639079221E+00     2.711496801E-01     1.249998696E-01
     6691     7.538797377E+00     3.174977800E-01     1.249998704E-01
     6692     7.520137362E+00     5.333408205E-01     1.681241085E-01
     6693     7.568556676E+00     4.494449531E-01     1.249998696E-01
     6694     7.446897493E+00     4.769323448E-01     1.249998819E-01
     6695     7.403898909E+00     6.806258321E-01     1.681138455E-01
     6696     7.465538280E+00     6.097562717E-01     1.249998696E-01
     6697     7.332134627E+00     6.161464350E-01     1.249998908E-01
     6698     7.262363912E+00     8.027938939E-01     1.681036187E-01
     6699     7.336042954E+00     7.450746920E-01     1.249998696E-01
     6700     7.196174099E+00     7.298254406E-01     1.249998996E-01
     6701     7.097539014E+00     8.972346621E-01     1.680932299E-01
     6702     7.182225295E+00     8.540057336E-01     1.249998696E-01
     6703     7.040011288E+00     8.164570299E-01     1.249999333E-01
     6704     6.913091485E+00     9.593088878E-01     1.680825847E-01
     6705     7.006828645E+00     9.328500134E-01     1.249998696E-01
     6706     6.867564111E+00     8.735311640E-01     1.250000697E-01
     6707     6.721585147E+00     9.838342684E-01     1.680720239E-01
     6708     6.817920062E+00     9.762813470E-01     1.249998696E-01
     6709     6.699102390E+00     9.064635201E-01     1.250002767E-01
     6710     6.533870545E+00     9.713173077E-01     1.680617333E-01
     6711     6.627410881E+00     9.820699361E-01     1.249998696E-01
     6712     6.532207391E+00     8.960941703E-01     1.250003599E-01
     6713     6.351320497E+00     9.230743393E-01     1.680514053E-01
     6714     6.441421889E+00     9.515797206E-01     1.249998696E-01
     6715     6.364841610E+00     8.510038619E-01     1.250003950E-01
     6716     6.260759174E+00     8.843046276E-01     1.249998704E-01
     6717     6.199507038E+00     7.735236635E-01     1.250007510E-01
     6718     5.997218148E+00     7.591196296E-01     1.680741723E-01
     6719     6.086443377E+00     7.966076990E-01     1.249998704E-01
     6720     6.031537713E+00     6.945162457E-01     1.250018363E-01
     6721     5.815576899E+00     6.909163287E-01     1.681077861E-01
     6722     5.906809738E+00     7.239189883E-01     1.249998696E-01
     6723     5.858018898E+00     6.171262987E-01     1.250031888E-01
     6724     5.624338044E+00     6.288544670E-01     1.681426183E-01
     6725     5.720287753E+00     6.588667224E-01     1.249998696E-01
     6726     5.675649967E+00     5.345378966E-01     1.250042281E-01
     6727     5.431470871E+00     5.746132124E-01     1.681773277E-01
     6728     5.528154518E+00     6.008440170E-01     1.249998696E-01
     6729     5.477635890E+00     4.298180231E-01     1.250036955E-01
     6730     5.240577365E+00     5.279600806E-01     1.682113725E-01
     6731     5.336211677E+00     5.505187119E-01     1.249998696E-01
     6732     5.254542245E+00     3.939047831E-01     1.250011304E-01
     6733     5.048345125E+00     4.871715244E-01     1.682454172E-01
     6734     5.144609750E+00     5.068655166E-01     1.249998696E-01
     6735     5.046670796E+00     3.478877302E-01     1.250001912E-01
     6736     4.855048803E+00     4.517665928E-01     1.682794620E-01
     6737     4.951815445E+00     4.688218659E-01     1.249998696E-01
     6738     4.839677050E+00     3.120687144E-01     1.249998198E-01
     6739     4.659854002E+00     4.212157768E-01     1.683136902E-01
     6740     4.757547098E+00     4.358794661E-01     1.249998696E-01
     6741     4.635175901E+00     2.854954039E-01     1.249996065E-01
     6742     4.458969461E+00     3.948222190E-01     1.683487914E-01
     6743     4.559491523E+00     4.074114007E-01     1.249998696E-01
     6744     4.430787818E+00     2.650181917E-01     1.249995650E-01
     6745     4.259035016E+00     3.733185546E-01     1.683836288E-01
     6746     4.359063599E+00     3.834996025E-01     1.249998696E-01
     6747     4.229026885E+00     2.494100953E-01     1.249996396E-01
     6748     4.059892164E+00     3.563841875E-01     1.684182539E-01
     6749     4.159509744E+00     3.643083578E-01     1.249998696E-01
     6750     4.028692645E+00     2.376466368E-01     1.249997336E-01
     6751     3.860081097E+00     3.437113475E-01     1.684529398E-01
     6752     3.960020194E+00     3.495182989E-01     1.249998696E-01
     6753     3.828194110E+00     2.291214599E-01     1.249997988E-01
     6754     3.658829048E+00     3.351901815E-01     1.684878370E-01
     6755     3.759477291E+00     3.389256861E-01     1.249998696E-01
     6756     3.626711955E+00     2.235475721E-01     1.249998340E-01
     6757     3.456777116E+00     3.308341560E-01     1.685228496E-01
     6758     3.557814327E+00     3.324901171E-01     1.249998696E-01
     6759     3.424528076E+00     2.208385657E-01     1.249998544E-01
     6760     3.254148631E+00     3.306483293E-01     1.685579540E-01
     6761     3.355463346E+00     3.302187352E-01     1.249998696E-01
     6762     3.221812044E+00     2.210012949E-01     1.249998657E-01
     6763     3.051065837E+00     3.346630009E-01     1.685931439E-01
     6764     3.152596813E+00     3.321286772E-01     1.249998696E-01
     6765     3.018727411E+00     2.241531062E-01     1.249998725E-01
     6766     2.848188461E+00     3.429124169E-01     1.686283205E-01
     6767     2.949605484E+00     3.382548775E-01     1.249998696E-01
     6768     2.815764019E+00     2.305554527E-01     1.249998771E-01
     6769     2.646730820E+00     3.553781729E-01     1.686632889E-01
     6770     2.747426406E+00     3.486081150E-01     1.249998696E-01
     6771     2.613705647E+00     2.408278987E-01     1.249998817E-01
     6772     2.448457508E+00     3.719294777E-01     1.686977582E-01
     6773     2.547549355E+00     3.631169361E-01     1.249998696E-01
     6774     2.413392160E+00     2.563577170E-01     1.249998857E-01
     6775     2.252317691E+00     3.926519087E-01     1.687319276E-01
     6776     2.350329802E+00     3.817434931E-01     1.249998696E-01
     6777     2.214570194E+00     2.803828976E-01     1.249998822E-01
     6778     2.057415417E+00     4.177500805E-01     1.687659722E-01
     6779     2.154793382E+00     4.046325974E-01     1.249998696E-01
     6780     2.026787408E+00     3.210562257E-01     1.249998633E-01
     6781     1.863171648E+00     4.475200346E-01     1.688000170E-01
     6782     1.960201534E+00     4.320345664E-01     1.249998696E-01
     6783     1.837867859E+00     3.493332099E-01     1.249997888E-01
     6784     1.669753278E+00     4.822518183E-01     1.688340618E-01
     6785     1.766347383E+00     4.642447846E-01     1.249998696E-01
     6786     1.641519148E+00     3.834945089E-01     1.249996692E-01
     6787     1.477367900E+00     5.223125823E-01     1.688681065E-01
     6788     1.573416437E+00     5.015895894E-01     1.249998696E-01
     6789     1.453453260E+00     4.352228022E-01     1.249995046E-01
     6790     1.286280939E+00     5.681683248E-01     1.689021511E-01
     6791     1.381642597E+00     5.444823326E-01     1.249998696E-01
     6792     1.260998489E+00     4.725951200E-01     1.249994456E-01
     6793     1.093446299E+00     6.214196771E-01     1.689368091E-01
     6794     1.189622466E+00     5.939201030E-01     1.249998696E-01
     6795     1.051847188E+00     5.213374941E-01     1.249993237E-01
     6796     9.037017971E-01     6.818119087E-01     1.689713064E-01
     6797     9.982620938E-01     6.506348270E-01     1.249998696E-01
     6798     8.505437623E-01     5.951944059E-01     1.249992161E-01
     6799     7.206327124E-01     7.491450242E-01     1.690050995E-01
     6800     8.117679229E-01     7.143916233E-01     1.249998696E-01
     6801     6.674737916E-01     6.761027863E-01     1.249990250E-01
     6802     6.307622455E-01     7.861101720E-01     1.249998696E-01
     6803     2.500000000E-01     6.123233996E-17     1.681549034E-01
     6804     2.451042667E-01     4.923310333E-02     1.249998816E-01
     6805     2.305624149E-01     9.664870841E-02     1.681549015E-01
     6806     2.840012974E-01     1.220641895E-01     1.249994719E-01
     6807     3.164181070E-01     1.044819587E-02     1.249995530E-01
     6808     2.318769824E-01    -9.345086953E-02     1.681549018E-01
     6809     2.454529376E-01    -4.746425436E-02     1.249998816E-01
     6810     3.062126757E-01    -1.040088265E-01     1.249996875E-01
     6811     1.778817571E-01    -1.756646819E-01     1.681549011E-01
     6812     2.090868797E-01    -1.370499060E-01     1.249998808E-01
     6813     2.525430686E-01    -2.065604035E-01     1.249997658E-01
     6814     9.580159449E-02    -2.309156870E-01     1.681549014E-01
     6815     1.396956530E-01    -2.073285425E-01     1.249998808E-01
     6816     1.743293087E-01    -2.860796181E-01     1.249997169E-01
     6817     9.762619404E-02    -2.827193313E-01     1.249997872E-01
     6818     1.390363625E-01    -3.894644188E-01     1.249995279E-01
     6819     4.886158833E-02    -2.451785985E-01     1.249998808E-01
     6820    -1.752225142E-01    -1.783173309E-01     1.681549012E-01
     6821    -1.369715095E-01    -2.091382452E-01     1.249998808E-01
     6822    -1.411482714E-01    -2.920112019E-01     1.249955915E-01
     6823    -2.261896002E-01    -2.076776993E-01     1.249973776E-01
     6824    -2.304233051E-01    -9.697989727E-02     1.681549015E-01
     6825    -2.069532294E-01    -1.402510636E-01     1.249998808E-01
     6826    -2.832763242E-01    -1.087104968E-01     1.249981920E-01
     6827    -2.500000000E-01    -2.016246579E-08     1.681549014E-01
     6828    -2.450682749E-01    -4.941194808E-02     1.249998808E-01
     6829    -3.072799044E-01     6.158287331E-03     1.249988654E-01
     6830    -2.314496187E-01     9.450435978E-02     1.681549018E-01
     6831    -2.453424373E-01     4.803216074E-02     1.249998808E-01
     6832    -2.874308010E-01     1.178782871E-01     1.249991766E-01
     6833    -1.779275543E-01     1.756182947E-01     1.681549011E-01
     6834    -2.087902934E-01     1.375013214E-01     1.249998808E-01
     6835    -2.344469989E-01     2.142599067E-01     1.249993407E-01
     6836    -9.594846033E-02     2.308547010E-01     1.681549014E-01
     6837    -1.397965009E-01     2.072605566E-01     1.249998808E-01
     6838    -1.614448919E-01     2.912840884E-01     1.249991359E-01
     6839    -9.621750096E-02     2.844835364E-01     1.249997091E-01
     6840    -1.309228599E-01     3.951120276E-01     1.249989416E-01
     6841    -4.894315762E-02     2.451623285E-01     1.249998808E-01
     6842     1.769714544E-01     1.765817214E-01     1.681549012E-01
     6843     1.383011531E-01     2.082613528E-01     1.249998808E-01
     6844     1.274151392E-01     2.817790411E-01     1.249994087E-01
     6845     2.184646037E-01     2.141741556E-01     1.249993442E-01
     6846     2.077481496E-01     1.390708681E-01     1.249998808E-01
     6847     6.217431934E+00    -4.418968605E-01     1.250032717E-01
     6848     6.287413554E+00    -1.931734227E-01     1.734582389E-01
     6849     6.216314041E+00    -3.374905048E-01     1.250026884E-01
     6850     6.215730219E+00    -1.991885045E-01     1.250034728E-01
     6851     6.287413554E+00    -9.522477505E-02     1.734588453E-01
     6852     6.223279831E+00    -8.485064496E-02     1.250036181E-01
     6853     6.287413554E+00     1.847088063E-03     1.734594476E-01
     6854     6.233965480E+00     1.943424486E-02     1.250035168E-01
     6855     6.287413554E+00     9.862134924E-02     1.734600485E-01
     6856     6.247461163E+00     1.152827444E-01     1.250035228E-01
     6857     6.287413554E+00     1.955702354E-01     1.734606502E-01
     6858     6.263602066E+00     1.963524913E-01     1.250025621E-01
     6859     6.405123866E+00     4.088730762E-01     1.724086714E-01
     6860     6.371985569E+00     4.485844717E-01     1.250008258E-01
     6861     6.485651793E+00     4.550193756E-01     1.718204501E-01
     6862     6.468275691E+00     5.019876697E-01     1.250004101E-01
     6863     6.587363992E+00     4.887323658E-01     1.711413400E-01
     6864     6.580080925E+00     5.407345888E-01     1.250003834E-01
     6865     6.706763417E+00     4.998081398E-01     1.703813720E-01
     6866     6.717256745E+00     5.676941736E-01     1.250001658E-01
     6867     6.829366161E+00     4.810204154E-01     1.695952806E-01
     6868     6.859196345E+00     5.401470815E-01     1.250000113E-01
     6869     6.938305012E+00     4.356408498E-01     1.688473505E-01
     6870     6.980122976E+00     4.859974147E-01     1.249999848E-01
     6871     7.027059727E+00     3.719492201E-01     1.681550000E-01
     6872     7.082190942E+00     4.099746095E-01     1.249999791E-01
     6873     7.118260257E+00     2.628308184E-01     1.681549990E-01
     6874     7.181465078E+00     2.931819099E-01     1.249999727E-01
     6875     7.174198896E+00     1.355147888E-01     1.681550001E-01
     6876     7.261132854E+00     1.412476630E-01     1.249999623E-01
     6877     7.192909491E+00    -1.973442956E-03     1.681550001E-01
     6878     7.262944562E+00    -2.245762344E-02     1.249999751E-01
     6879     7.173064233E+00    -1.394817697E-01     1.681549999E-01
     6880     7.233187140E+00    -1.697909700E-01     1.249999810E-01
     6881     7.116079723E+00    -2.663273385E-01     1.681550012E-01
     6882     7.170219697E+00    -3.044262369E-01     1.249999813E-01
     6883     7.027059721E+00    -3.719492257E-01     1.681550000E-01
     6884     7.075735465E+00    -4.218939792E-01     1.249999788E-01
     6885     6.909062098E+00    -4.508655392E-01     1.690536020E-01
     6886     6.939662981E+00    -5.296129180E-01     1.249999719E-01
     6887     6.766094324E+00    -4.946155581E-01     1.699930921E-01
     6888     6.764715037E+00    -5.651114330E-01     1.249999803E-01
     6889     6.609685538E+00    -4.930244673E-01     1.709835576E-01
     6890     6.599333117E+00    -5.583561403E-01     1.249999858E-01
     6891     6.468570492E+00    -4.468447897E-01     1.719339282E-01
     6892     6.451325479E+00    -5.125552680E-01     1.250000311E-01
     6893     6.358661880E+00    -3.718547174E-01     1.727844392E-01
     6894     6.324339228E+00    -4.367601340E-01     1.250005825E-01
     6895    -9.375000000E-02     4.484999823E-01     1.681548942E-01
     6896    -8.642705198E-02     4.121760797E-01     1.249998704E-01
     6897    -1.295764283E-01     4.502967535E-01     1.249991084E-01
     6898    -6.679452123E-02     5.142841503E-01     1.681548921E-01
     6899    -8.674618195E-02     4.840550618E-01     1.249998704E-01
     6900    -8.567144973E-02     5.399136512E-01     1.249989779E-01
     6901    -1.108000178E-08     5.422500000E-01     1.681548921E-01
     6902    -3.619758524E-02     5.349800400E-01     1.249998696E-01
     6903    -4.766634630E-03     5.761037508E-01     1.249991909E-01
     6904     6.567006270E-02     5.154066915E-01     1.681548921E-01
     6905     3.546677773E-02     5.352823149E-01     1.249998696E-01
     6906     9.119730349E-02     5.589261834E-01     1.249991419E-01
     6907     9.375000000E-02     4.485000068E-01     1.681548921E-01
     6908     8.644316278E-02     4.847855634E-01     1.249998696E-01
     6909     1.551627568E-01     4.560572561E-01     1.249992563E-01
     6910     6.681700339E-02     3.827386849E-01     1.681548921E-01
     6911     8.675365847E-02     4.129631847E-01     1.249998696E-01
     6912     1.138777759E-01     3.572931945E-01     1.249994031E-01
     6913     3.621577631E-02     3.620275764E-01     1.249998696E-01
     6914    -8.643291735E-02    -4.848099614E-01     1.249998704E-01
     6915    -6.563919660E-02    -5.154369731E-01     1.681548921E-01
     6916    -8.319453141E-02    -5.474644906E-01     1.249985297E-01
     6917    -3.618742624E-02    -3.620157085E-01     1.249998696E-01
     6918     9.375000000E-02    -4.485000000E-01     1.681548921E-01
     6919     8.643745837E-02    -4.122008500E-01     1.249998696E-01
     6920     1.362044178E-01    -4.464452739E-01     1.249996158E-01
     6921     6.683034549E-02    -5.142477560E-01     1.681548921E-01
     6922     8.675803778E-02    -4.840261225E-01     1.249998696E-01
     6923     9.428948894E-02    -5.388428017E-01     1.249993462E-01
     6924     3.689552297E-09    -5.422500000E-01     1.681548921E-01
     6925     3.622643648E-02    -5.349679582E-01     1.249998696E-01
     6926     7.843031959E-03    -5.848084390E-01     1.249987616E-01
     6927    -3.544227272E-02    -5.352923257E-01     1.249998696E-01
     6928    -2.820808279E-01    -5.772991211E-01     9.373521852E-02
     6929    -3.492521599E-01    -5.729445074E-01     6.247741478E-02
     6930    -4.101028126E-01    -5.730205433E-01     9.373093192E-02
     6931    -4.412095716E-01    -5.221280225E-01     6.247439793E-02
     6932    -4.660828840E-01    -4.766744276E-01     9.373071102E-02
     6933    -4.032184660E-01    -4.479741908E-01     6.247266187E-02
     6934    -3.358193250E-01    -4.236655570E-01     9.372841827E-02
     6935    -3.112610543E-01    -4.987906758E-01     6.247567872E-02
     6936    -1.732214393E-01    -4.871923852E-01     9.374254788E-02
     6937    -2.296084334E-01    -5.310369122E-01     6.248517667E-02
     6938    -2.641061361E-01    -3.862636292E-01     6.247672185E-02
     6939    -1.898101470E-01    -3.513008281E-01     9.373683060E-02
     6940    -1.824535152E-01    -4.185098657E-01     6.248621981E-02
     6941     6.216981579E+00     3.890271498E-01     9.375279671E-02
     6942     6.278430757E+00     3.715582816E-01     6.250005933E-02
     6943     6.248357007E+00     2.797926560E-01     6.250009702E-02
     6944     6.209318411E+00     2.670639616E-01     9.375382686E-02
     6945     6.213132930E+00     3.280406875E-01     6.250015673E-02
     6946    -1.283842017E-01    -3.663384658E-01     6.249114692E-02
     6947    -6.649062025E-02    -3.824087001E-01     9.374990220E-02
     6948    -8.659288995E-02    -4.125732146E-01     6.249993519E-02
     6949    -9.375000000E-02    -4.484999823E-01     9.374990336E-02
     6950    -1.340514891E-01    -4.674873537E-01     6.249500808E-02
     6951    -3.727178715E-01    -3.554725344E-01     6.247514993E-02
     6952    -4.066481509E-01    -2.905660876E-01     9.373449381E-02
     6953    -3.429281947E-01    -2.623359524E-01     6.248444454E-02
     6954    -2.775402095E-01    -2.364498650E-01     9.374227419E-02
     6955    -2.343164594E-01    -2.931270472E-01     6.248601646E-02
     6956    -5.049735406E-01    -4.121777803E-01     6.247817551E-02
     6957    -5.394236646E-01    -3.529537326E-01     9.373660152E-02
     6958    -4.744729461E-01    -3.196761239E-01     6.248066357E-02
     6959     5.730512765E+00     1.426357944E-01     9.375973649E-02
     6960     5.690205076E+00     4.912646130E-02     6.250119496E-02
     6961     5.649914666E+00    -4.439341161E-02     9.376039903E-02
     6962     5.555418469E+00    -1.443392213E-02     6.250114854E-02
     6963     5.460935396E+00     1.551582284E-02     9.375502292E-02
     6964     5.492361593E+00     1.502735482E-01     6.250075442E-02
     6965     5.523796761E+00     2.850251312E-01     9.375403489E-02
     6966     5.627148200E+00     2.138339316E-01     6.250080084E-02
     6967     5.853446415E+00     2.946544354E-01     9.375890079E-02
     6968     5.791967657E+00     2.186478970E-01     6.250087805E-02
     6969     5.625369563E+00     3.626249601E-01     6.250045927E-02
     6970     5.726954202E+00     4.402219091E-01     9.375447845E-02
     6971     5.790189021E+00     3.674389255E-01     6.250053648E-02
     6972     5.970865711E+00     1.819821909E-01     9.375938970E-02
     6973     5.929030846E+00     1.134893741E-01     6.250087265E-02
     6974     5.887220444E+00     4.499054077E-02     9.376032641E-02
     6975     5.808857052E+00     9.381776229E-02     6.250103571E-02
     6976     5.912141451E+00     2.383195088E-01     6.250071499E-02
     6977     5.854181642E+00    -3.415939801E-02     6.250112351E-02
     6978     5.821161933E+00    -1.133197372E-01     9.376080107E-02
     6979     5.735529666E+00    -7.885069900E-02     6.250128276E-02
     6980     6.026260429E+00    -2.786076399E-02     9.375772801E-02
     6981     6.005029862E+00    -9.978508914E-02     6.250080403E-02
     6982     5.983816184E+00    -1.717175846E-01     9.375786629E-02
     6983     5.902480408E+00    -1.425134054E-01     6.250104582E-02
     6984     5.956731096E+00     8.568918265E-03     6.250088172E-02
     6985     6.076403420E+00     9.505614328E-02     9.375714541E-02
     6986     6.051322293E+00     3.360024373E-02     6.250065013E-02
     6987     6.023622043E+00     1.385206995E-01     6.250064106E-02
     6988     6.136364968E+00     1.965120796E-01     9.375713063E-02
     6989     6.172828897E+00     2.317870559E-01     6.250030309E-02
     6990     6.224541197E+00     2.321761225E-01     6.250016165E-02
     6991     6.239783345E+00     1.972904395E-01     9.375262634E-02
     6992     6.223634415E+00     1.646134959E-01     6.250017303E-02
     6993     6.207500913E+00     1.319367836E-01     9.375363160E-02
     6994     6.171922116E+00     1.642244293E-01     6.250031448E-02
     6995     6.073383677E+00     2.951452779E-01     9.375671320E-02
     6996     6.022108243E+00     2.385630705E-01     6.250057529E-02
     6997     5.921857853E+00     3.528111715E-01     6.250053774E-02
     6998     5.990306602E+00     4.109713588E-01     9.375634386E-02
     6999     6.031824644E+00     3.530547332E-01     6.250039804E-02
     7000     6.830498484E-01    -1.672336173E-01     9.374916316E-02
     7001     8.075765128E-01    -2.842961682E-01     6.249963285E-02
     7002     9.321057643E-01    -4.013593274E-01     9.374946072E-02
     7003     8.334575268E-01    -4.475433848E-01     6.249973667E-02
     7004     7.348117239E-01    -4.937275344E-01     9.374958047E-02
     7005     6.351977180E-01    -4.124208402E-01     6.249975954E-02
     7006     5.355865834E-01    -3.311140147E-01     9.374956170E-02
     7007     6.093167041E-01    -2.491736236E-01     6.249965571E-02
     7008     6.009044510E-01     6.080123752E-02     9.374880139E-02
     7009     7.519347496E-01     1.204768508E-01     6.249922996E-02
     7010     9.029722015E-01     1.801529534E-01     9.374830171E-02
     7011     9.596892820E-01     4.524716809E-02     6.249919534E-02
     7012     1.016413150E+00    -8.965820414E-02     9.374866630E-02
     7013     8.497293294E-01    -1.284457269E-01     6.249942427E-02
     7014     6.419747969E-01    -5.321604419E-02     6.249945889E-02
     7015     5.942194151E+00    -3.386218696E-01     9.375733236E-02
     7016     5.852375886E+00    -3.105165865E-01     6.250084606E-02
     7017     5.762571438E+00    -2.824203570E-01     9.375804437E-02
     7018     5.791859016E+00    -1.978649208E-01     6.250106559E-02
     7019     5.962997278E+00    -2.551650711E-01     6.250082629E-02
     7020    -1.109538149E-08    -3.547500000E-01     9.374990220E-02
     7021    -4.661777715E-02    -2.933568210E-01     6.249993760E-02
     7022    -9.323292306E-02    -2.319647000E-01     9.374991059E-02
     7023    -4.748202615E-02    -2.454495003E-01     6.249994039E-02
     7024     2.948135797E-08    -2.500000000E-01     9.374991059E-02
     7025     1.539438784E-02    -2.834715940E-01     6.249988831E-02
     7026     3.080396541E-02    -3.169547012E-01     9.374981044E-02
     7027     1.539436755E-02    -3.358465940E-01     6.249988551E-02
     7028     6.505234445E-02    -3.257036463E-01     6.249977964E-02
     7029     9.936491602E-02    -3.345011972E-01     9.374970838E-02
     7030     8.237046540E-02    -3.579088633E-01     6.249982893E-02
     7031     6.553287212E-02    -3.814589292E-01     9.374990220E-02
     7032     3.531352549E-02    -3.616552108E-01     6.249993480E-02
     7033     3.689504543E-09     3.547500000E-01     9.374990220E-02
     7034     4.694254142E-02     2.932257587E-01     6.249993760E-02
     7035     9.388433748E-02     2.317018152E-01     9.374991059E-02
     7036     4.782583167E-02     2.453827415E-01     6.249994039E-02
     7037    -9.859711445E-09     2.500000000E-01     9.374991059E-02
     7038    -1.511571505E-02     2.843261431E-01     6.249976027E-02
     7039    -3.018822758E-02     3.187173734E-01     9.374964075E-02
     7040    -1.511570828E-02     3.367011431E-01     6.249975747E-02
     7041    -6.347519555E-02     3.281830608E-01     6.249941344E-02
     7042    -9.658091700E-02     3.379221829E-01     9.374939206E-02
     7043    -8.095703387E-02     3.594221145E-01     6.249959077E-02
     7044    -6.539896136E-02     3.813282920E-01     9.374990220E-02
     7045    -3.516505848E-02     3.615949877E-01     6.249993480E-02
     7046     5.442367301E+00    -7.875815215E-02     6.250091631E-02
     7047     5.423808286E+00    -1.730395786E-01     9.375482264E-02
     7048     5.357688380E+00    -1.564000014E-01     6.250086447E-02
     7049     5.291576229E+00    -1.397672869E-01     9.375288224E-02
     7050     5.274312898E+00    -6.218654111E-02     6.250074301E-02
     7051     5.257055871E+00     1.538849285E-02     9.375223902E-02
     7052     5.358991818E+00     1.545530812E-02     6.250079485E-02
     7053     5.588329553E+00    -2.236384571E-01     9.375766274E-02
     7054     5.506063833E+00    -1.983349900E-01     6.250093010E-02
     7055     5.619115001E+00    -1.340107599E-01     6.250116234E-02
     7056     5.675444352E+00    -2.530249818E-01     6.250094516E-02
     7057     1.289349321E+00    -3.766168892E-02     9.374879205E-02
     7058     1.152878690E+00    -6.366007556E-02     6.249931057E-02
     7059     1.057411373E+00     1.777720780E-01     6.249922771E-02
     7060     1.211856960E+00     1.753916982E-01     9.374882237E-02
     7061     1.250600782E+00     6.886483434E-02     6.249934295E-02
     7062     1.535137267E+00     5.504906634E-02     9.374927289E-02
     7063     1.412241441E+00     8.693560104E-03     6.249944438E-02
     7064     1.300237450E+00     1.891118066E-01     6.249938635E-02
     7065     1.388622276E+00     2.028322396E-01     9.374897081E-02
     7066     1.461878110E+00     1.289405323E-01     6.249948779E-02
     7067    -6.157641200E-01    -2.110187201E-01     9.373998843E-02
     7068    -6.572434121E-01    -1.304018264E-01     6.248593112E-02
     7069    -6.969318860E-01    -5.223253251E-02     9.373887797E-02
     7070    -6.242184603E-01    -2.391410163E-03     6.248761046E-02
     7071    -5.499144945E-01     4.737856317E-02     9.374250502E-02
     7072    -5.137263628E-01    -5.057389327E-02     6.248727490E-02
     7073    -4.760943139E-01    -1.489899617E-01     9.373839287E-02
     7074    -5.467513146E-01    -1.785843095E-01     6.248559556E-02
     7075    -5.789581641E-01    -2.797755137E-01     6.248439853E-02
     7076    -4.422660966E-01    -2.184849198E-01     6.248186061E-02
     7077     6.106372026E+00     1.457848441E-01     6.250048314E-02
     7078     6.104858226E+00     2.458272151E-01     6.250041737E-02
     7079     5.174535006E+00    -2.644764737E-01     9.375157129E-02
     7080     5.097553073E+00    -1.873829190E-01     6.250034348E-02
     7081     5.020574223E+00    -1.102922229E-01     9.375064159E-02
     7082     5.138813065E+00    -4.745010628E-02     6.250043819E-02
     7083     5.233052906E+00    -2.021193538E-01     6.250064831E-02
     7084     5.339584682E+00    -3.387075993E-01     9.375260137E-02
     7085     5.257057722E+00    -3.015901519E-01     6.250044203E-02
     7086     5.381693196E+00    -2.558707995E-01     6.250065819E-02
     7087     5.514582447E+00    -3.972056796E-01     9.375387385E-02
     7088     5.427080898E+00    -3.679545089E-01     6.250045870E-02
     7089     5.551451535E+00    -3.104186994E-01     6.250073061E-02
     7090     5.696277647E+00    -4.558112870E-01     9.375399685E-02
     7091     5.605426935E+00    -4.265062227E-01     6.250044706E-02
     7092     5.729419752E+00    -3.691125051E-01     6.250066161E-02
     7093     5.879442601E+00    -5.162248125E-01     9.375358122E-02
     7094     5.787856605E+00    -4.860157422E-01     6.250038949E-02
     7095     5.910812740E+00    -4.274198236E-01     6.250057394E-02
     7096     5.433872398E-01     1.440652402E-01     6.249925702E-02
     7097     4.858801836E-01     2.273304136E-01     9.374853641E-02
     7098     5.734054477E-01     2.868929467E-01     6.249902363E-02
     7099     6.609469685E-01     3.464572475E-01     9.374809239E-02
     7100     7.819529575E-01     2.633045574E-01     6.249899657E-02
     7101     1.163593267E+00    -3.347835026E-01     9.374930025E-02
     7102     1.047848343E+00    -3.680713667E-01     6.249966444E-02
     7103     1.090001159E+00    -2.122209254E-01     6.249945585E-02
     7104     1.387330174E+00    -2.790327508E-01     9.374934990E-02
     7105     1.275460470E+00    -3.069081887E-01     6.249962671E-02
     7106     1.338338001E+00    -1.583473388E-01     6.249948142E-02
     7107     1.607246617E+00    -2.231329989E-01     9.374959863E-02
     7108     1.497287481E+00    -2.510829366E-01     6.249969268E-02
     7109     1.571190922E+00    -8.404203765E-02     6.249965564E-02
     7110     1.829962021E+00    -1.779644402E-01     9.374977143E-02
     7111     1.718603781E+00    -2.005487569E-01     6.249978569E-02
     7112     1.656279743E+00     5.176582630E-02     6.249963706E-02
     7113     1.777424370E+00     4.848273671E-02     9.374964902E-02
     7114     1.803692603E+00    -6.474089296E-02     6.249976711E-02
     7115     2.066388457E+00    -9.226205448E-02     9.374988811E-02
     7116     1.948174907E+00    -1.351132689E-01     6.249984045E-02
     7117     1.859207444E+00     5.744893656E-02     6.249974451E-02
     7118     1.940991858E+00     6.641522812E-02     9.374981038E-02
     7119     2.003689749E+00    -1.292343939E-02     6.249981785E-02
     7120     6.528963675E+00     8.205817564E-01     9.375033618E-02
     7121     6.600475667E+00     8.246935523E-01     6.249983305E-02
     7122     6.675111073E+00     8.290947095E-01     9.375026387E-02
     7123     6.659039339E+00     7.755236998E-01     6.249981302E-02
     7124     6.645593904E+00     7.219856585E-01     9.375049312E-02
     7125     6.591600889E+00     7.101222725E-01     6.249975997E-02
     7126     6.539740249E+00     6.984917061E-01     9.375066549E-02
     7127     6.533037216E+00     7.592921251E-01     6.249978000E-02
     7128     6.474378841E+00     6.768514527E-01     6.249978321E-02
     7129     6.410968876E+00     6.557427217E-01     9.375076028E-02
     7130     6.392693031E+00     7.166175424E-01     6.249987284E-02
     7131     6.376855281E+00     7.783822579E-01     9.375041876E-02
     7132     6.451351406E+00     7.990582148E-01     6.249986963E-02
     7133     6.224354118E+00     7.103188767E-01     9.375077775E-02
     7134     6.299783886E+00     7.440501837E-01     6.249992089E-02
     7135     6.344336365E+00     6.237207826E-01     6.249986687E-02
     7136     6.278747467E+00     5.920801334E-01     9.375142476E-02
     7137     6.251427220E+00     6.511534239E-01     6.249991493E-02
     7138     6.065834810E+00     6.299053128E-01     9.375191088E-02
     7139     6.145022377E+00     6.700858085E-01     6.249997172E-02
     7140     6.208556469E+00     5.490560394E-01     6.249999681E-02
     7141     6.138527902E+00     5.060914187E-01     9.375369271E-02
     7142     6.102151626E+00     5.679884240E-01     6.250005361E-02
     7143     5.900448910E+00     5.433339803E-01     9.375334213E-02
     7144     5.983124634E+00     5.866147281E-01     6.250009758E-02
     7145     6.064387544E+00     4.585230338E-01     6.250023055E-02
     7146     5.945360551E+00     4.771493379E-01     6.250027452E-02
     7147     5.813691720E+00     4.917770920E-01     6.250027327E-02
     7148     5.268505441E+00     2.598508650E-01     9.375135438E-02
     7149     5.396148182E+00     2.724398359E-01     6.250043294E-02
     7150     5.262778408E+00     1.376215959E-01     6.250047338E-02
     7151     5.044995869E+00     2.086044785E-01     9.375030355E-02
     7152     5.156749510E+00     2.342286319E-01     6.250020588E-02
     7153     5.032784167E+00     4.915692980E-02     6.250017069E-02
     7154     4.824305026E+00     1.723710990E-01     9.374989421E-02
     7155     4.934650008E+00     1.904881907E-01     6.250005635E-02
     7156     4.893147509E+00    -1.174112403E-01     6.250016886E-02
     7157     4.765722449E+00    -1.245317914E-01     9.374984444E-02
     7158     4.795013351E+00     2.392002060E-02     6.250005452E-02
     7159     4.610497624E+00     1.497751989E-01     9.374966914E-02
     7160     4.717401098E+00     1.610733638E-01     6.250000672E-02
     7161     4.655524485E+00    -1.252914019E-01     6.250006775E-02
     7162     4.545327331E+00    -1.260517767E-01     9.374945979E-02
     7163     4.577912232E+00     1.186194129E-02     6.250001995E-02
     7164     4.402606070E+00     1.352142628E-01     9.374961676E-02
     7165     4.506551703E+00     1.424948635E-01     6.249998401E-02
     7166     4.441499082E+00    -1.246674979E-01     6.250002282E-02
     7167     4.337671321E+00    -1.232836660E-01     9.374936089E-02
     7168     4.370138553E+00     5.965424351E-03     6.249998688E-02
     7169     4.199018705E+00     1.255016796E-01     9.374968167E-02
     7170     4.300812306E+00     1.303580417E-01     6.249996343E-02
     7171     4.236279100E+00    -1.213279744E-01     6.249998183E-02
     7172     4.134887129E+00    -1.193724955E-01     9.374951402E-02
     7173     4.166952853E+00     3.064642992E-03     6.249995837E-02
     7174     3.997493110E+00     1.189090999E-01     9.374976988E-02
     7175     4.098255871E+00     1.222054181E-01     6.249994801E-02
     7176     4.034229708E+00    -1.175207153E-01     6.249995345E-02
     7177     3.933572390E+00    -1.156690088E-01     9.374969364E-02
     7178     3.965532725E+00     1.620059794E-03     6.249994308E-02
     7179     3.796307121E+00     1.145315766E-01     9.374983252E-02
     7180     3.896900101E+00     1.167203470E-01     6.249993963E-02
     7181     3.832889934E+00    -1.142289621E-01     6.249994041E-02
     7182     3.732207516E+00    -1.127889366E-01     9.374980326E-02
     7183     3.764257310E+00     8.713251397E-04     6.249993696E-02
     7184     3.594594865E+00     1.119049659E-01     9.374986670E-02
     7185     3.695450989E+00     1.132182748E-01     6.249993606E-02
     7186     3.631193970E+00    -1.119005208E-01     6.249993585E-02
     7187     3.530180437E+00    -1.110121140E-01     9.374985187E-02
     7188     3.562387648E+00     4.464287722E-04     6.249993495E-02
     7189     3.392279042E+00     1.108429739E-01     9.374988677E-02
     7190     3.493436953E+00     1.113739706E-01     6.249993477E-02
     7191     3.428836585E+00    -1.107225408E-01     6.249993444E-02
     7192     3.327492738E+00    -1.104329691E-01     9.374988023E-02
     7193     3.359885890E+00     2.050011037E-04     6.249993426E-02
     7194     3.189475464E+00     1.113542572E-01     9.374989794E-02
     7195     3.290877254E+00     1.110986132E-01     6.249993427E-02
     7196     3.225918788E+00    -1.107134472E-01     6.249993392E-02
     7197     3.124344841E+00    -1.109939216E-01     9.374989586E-02
     7198     3.156910153E+00     1.801649147E-04     6.249993393E-02
     7199     2.986388992E+00     1.136432102E-01     9.374990458E-02
     7200     3.087932229E+00     1.124987316E-01     6.249993391E-02
     7201     3.022572397E+00    -1.117113280E-01     6.249993340E-02
     7202     2.920799957E+00    -1.124287302E-01     9.374990635E-02
     7203     2.953594473E+00     6.072386532E-04     6.249993338E-02
     7204     2.783339581E+00     1.181984869E-01     9.374990856E-02
     7205     2.884864285E+00     1.159208474E-01     6.249993315E-02
     7206     2.818698296E+00    -1.133275109E-01     6.249993217E-02
     7207     2.716596648E+00    -1.142262914E-01     9.374991331E-02
     7208     2.749968109E+00     1.986097816E-03     6.249993194E-02
     7209     2.580680469E+00     1.262776280E-01     9.374991177E-02
     7210     2.682010018E+00     1.222380588E-01     6.249993114E-02
     7211     2.613913822E+00    -1.145173829E-01     6.249992863E-02
     7212     2.511231033E+00    -1.148084768E-01     9.374992013E-02
     7213     2.545955732E+00     5.734578070E-03     6.249992783E-02
     7214     2.378326780E+00     1.407859559E-01     9.374991182E-02
     7215     2.479503599E+00     1.335317941E-01     6.249992573E-02
     7216     2.405603272E+00    -1.127355675E-01     6.249991787E-02
     7217     2.299975623E+00    -1.106626559E-01     9.374992150E-02
     7218     2.339151139E+00     1.506164859E-02     6.249991576E-02
     7219     2.176822584E+00     1.681138765E-01     9.374989702E-02
     7220     2.277574602E+00     1.544499118E-01     6.249991053E-02
     7221     2.183181871E+00    -1.014623641E-01     6.249988583E-02
     7222     2.121605334E+00     3.792589915E-02     6.249988060E-02
     7223     1.996159102E+00     2.243623479E-01     9.374985215E-02
     7224     2.086490632E+00     1.962380967E-01     6.249987326E-02
     7225     1.968575047E+00     1.453887581E-01     6.249981051E-02
     7226     1.812563668E+00     2.511463519E-01     9.374976299E-02
     7227     1.904361029E+00     2.377543227E-01     6.249983260E-02
     7228     1.794993426E+00     1.498145012E-01     6.249976661E-02
     7229     1.613284399E+00     2.847371524E-01     9.374961558E-02
     7230     1.712923516E+00     2.679417130E-01     6.249979016E-02
     7231     1.574209833E+00     1.698930381E-01     6.249966061E-02
     7232     1.429537571E+00     3.481329463E-01     9.374939673E-02
     7233     1.521410145E+00     3.164349891E-01     6.249970808E-02
     7234     1.409078421E+00     2.754824833E-01     6.249953525E-02
     7235     1.235714769E+00     3.770218140E-01     9.374932429E-02
     7236     1.332625005E+00     3.625772927E-01     6.249964037E-02
     7237     1.223784034E+00     2.762066160E-01     6.249949147E-02
     7238     1.010246176E+00     4.212551528E-01     9.374916234E-02
     7239     1.122978882E+00     3.991383548E-01     6.249958692E-02
     7240     9.566062215E-01     3.007038168E-01     6.249932317E-02
     7241     7.973810325E-01     5.085765308E-01     9.374898329E-02
     7242     9.038103016E-01     4.649155780E-01     6.249947548E-02
     7243     7.291570376E-01     4.275163186E-01     6.249914889E-02
     7244     6.142992788E-01     6.030601959E-01     9.374861419E-02
     7245     7.058300071E-01     5.558180028E-01     6.249922604E-02
     7246     5.777967408E-01     4.077476903E-01     6.249853588E-02
     7247     4.946851361E-01     4.690396973E-01     9.374733754E-02
     7248     5.544697102E-01     5.360493746E-01     6.249861303E-02
     7249     4.517101176E-01     6.942216875E-01     9.374880295E-02
     7250     5.329727700E-01     6.486412801E-01     6.249902021E-02
     7251     4.214612398E-01     5.212195345E-01     6.249814830E-02
     7252     3.483531374E-01     5.733988406E-01     9.374779471E-02
     7253     3.999642996E-01     6.338114401E-01     6.249855548E-02
     7254     3.104107831E-01     7.785165661E-01     9.374837437E-02
     7255     3.809279001E-01     7.363755850E-01     6.249865423E-02
     7256     2.911043609E-01     6.229663197E-01     6.249760902E-02
     7257     2.342782535E-01     6.725230065E-01     9.374726193E-02
     7258     2.720679614E-01     7.255304646E-01     6.249770776E-02
     7259     1.867828377E-01     8.339306218E-01     9.374763584E-02
     7260     2.478822395E-01     8.063030058E-01     6.249779216E-02
     7261     1.980715531E-01     7.084075531E-01     6.249618867E-02
     7262     1.632209979E-01     7.442397154E-01     9.374593497E-02
     7263     1.738858312E-01     7.891800943E-01     6.249627308E-02
     7264     5.947717824E-02     8.408382077E-01     9.374765767E-02
     7265     1.213516174E-01     8.374708135E-01     6.249719867E-02
     7266     1.165447298E-01     7.335703778E-01     6.249539983E-02
     7267     7.236274929E-02     7.228869536E-01     9.374629762E-02
     7268     6.401051604E-02     7.818610970E-01     6.249632542E-02
     7269     1.748685692E-01     6.374912579E-01     6.249755218E-02
     7270     1.162640617E-01     6.024437259E-01     9.374820954E-02
     7271     9.334174593E-02     6.626540826E-01     6.249676333E-02
     7272     5.237026911E-02     6.060683835E-01     6.249773339E-02
     7273    -1.029393853E-02     6.098221134E-01     9.374798702E-02
     7274    -2.695615281E-02     6.570872856E-01     6.249590934E-02
     7275    -4.103001568E-02     7.048234361E-01     9.374563500E-02
     7276     1.401532401E-02     7.136729847E-01     6.249493927E-02
     7277    -7.414310561E-02     8.263403195E-01     9.374644543E-02
     7278    -1.006835883E-02     8.333263862E-01     6.249624575E-02
     7279    -6.006355085E-02     7.651382739E-01     6.249485960E-02
     7280    -2.068360336E-01     7.853846204E-01     9.374563890E-02
     7281    -1.439732254E-01     8.049019243E-01     6.249477846E-02
     7282    -9.894273212E-02     6.812045588E-01     6.249283301E-02
     7283    -1.528117715E-01     6.587266130E-01     9.374345279E-02
     7284    -1.828524067E-01     7.209682092E-01     6.249275187E-02
     7285    -3.330075224E-01     7.156437101E-01     9.374624191E-02
     7286    -2.739795362E-01     7.487082989E-01     6.249458288E-02
     7287    -2.043522456E-01     6.157255918E-01     6.249144409E-02
     7288    -2.511538887E-01     5.749507359E-01     9.374368906E-02
     7289    -2.954793751E-01     6.434656815E-01     6.249327510E-02
     7290    -4.506084632E-01     6.215363529E-01     9.374756025E-02
     7291    -3.960788917E-01     6.659106812E-01     6.249589972E-02
     7292    -2.983431918E-01     5.229465958E-01     6.249291771E-02
     7293    -3.404278670E-01     4.743038720E-01     9.374566835E-02
     7294    -3.989427085E-01     5.453915955E-01     6.249554232E-02
     7295    -5.572155830E-01     5.055524733E-01     9.374814314E-02
     7296    -5.076008280E-01     5.603845898E-01     6.249728032E-02
     7297    -3.834955727E-01     4.152567460E-01     6.249494726E-02
     7298    -4.221401068E-01     3.600487750E-01     9.374664570E-02
     7299    -4.921536923E-01     4.302497403E-01     6.249668526E-02
     7300    -6.497627751E-01     3.703172218E-01     9.374737255E-02
     7301    -6.059644446E-01     4.350192150E-01     6.249718475E-02
     7302    -4.594069923E-01     2.910208580E-01     6.249461067E-02
     7303    -4.937141859E-01     2.252987481E-01     9.374513218E-02
     7304    -5.732177446E-01     2.957903327E-01     6.249511016E-02
     7305    -7.273216247E-01     2.215526273E-01     9.374637321E-02
     7306    -6.900246938E-01     2.936310982E-01     6.249595439E-02
     7307    -5.227652824E-01     1.353753700E-01     6.249181351E-02
     7308    -6.395722316E-01     1.332161355E-01     6.249265774E-02
     7309    -8.076564414E-01     8.780916396E-02     9.374441902E-02
     7310    -7.683699087E-01     1.534628724E-01     6.249394063E-02
     7311    -7.530161374E-01     1.785532681E-02     6.248889335E-02
     7312    -8.743821988E-01    -1.266358502E-02     9.374531703E-02
     7313    -8.415535939E-01     3.749842943E-02     6.249320760E-02
     7314    -7.598514231E-01    -9.275189064E-02     6.248865831E-02
     7315    -8.212658597E-01    -1.353447718E-01     9.374405885E-02
     7316    -8.483888796E-01    -7.310878802E-02     6.249297256E-02
     7317    -7.540096284E-01    -2.887386624E-01     9.374468954E-02
     7318    -7.886453864E-01    -2.098589484E-01     6.249259042E-02
     7319    -6.860373753E-01    -2.475088841E-01     6.248986323E-02
     7320    -6.727739349E-01    -4.357478711E-01     9.374292379E-02
     7321    -7.152807810E-01    -3.589464069E-01     6.249186659E-02
     7322    -6.082015698E-01    -3.912130364E-01     6.248640188E-02
     7323    -5.792366431E-01    -5.650899492E-01     9.373973927E-02
     7324    -6.291123784E-01    -4.966250579E-01     6.248858689E-02
     7325    -5.258843493E-01    -5.175898018E-01     6.248036052E-02
     7326    -4.750290372E-01    -6.685842012E-01     9.373902076E-02
     7327    -5.315722756E-01    -6.130254271E-01     6.248595973E-02
     7328    -4.468974980E-01    -6.175636477E-01     6.247999714E-02
     7329    -3.451155516E-01    -7.334229670E-01     9.374194037E-02
     7330    -4.151111039E-01    -6.978680248E-01     6.248729064E-02
     7331    -3.174657658E-01    -6.532488845E-01     6.248470827E-02
     7332    -2.115797047E-01    -7.980940153E-01     9.374430467E-02
     7333    -2.828875086E-01    -7.638129022E-01     6.249079221E-02
     7334    -2.244002359E-01    -6.234611456E-01     6.248434360E-02
     7335    -1.614346442E-01    -6.722604933E-01     9.374120181E-02
     7336    -1.898219787E-01    -7.340251633E-01     6.249042753E-02
     7337    -8.017988069E-02    -8.388610618E-01     9.374569479E-02
     7338    -1.495359115E-01    -8.175473407E-01     6.249344827E-02
     7339    -1.077661904E-01    -6.980142805E-01     6.248969037E-02
     7340    -4.953887545E-02    -7.250961060E-01     9.374294737E-02
     7341    -6.748012321E-02    -7.815364579E-01     6.249271110E-02
     7342     4.243185153E-02    -8.538580365E-01     9.374309996E-02
     7343    -2.161368253E-02    -8.461027926E-01     6.249294404E-02
     7344    -9.821693689E-03    -7.441688303E-01     6.249038955E-02
     7345     3.374251138E-02    -7.637543081E-01     9.374183922E-02
     7346     3.604474699E-02    -8.087351649E-01     6.249062248E-02
     7347    -3.363835491E-01    -1.201231518E-01     9.374479040E-02
     7348    -3.073804996E-01    -1.777043933E-01     6.249137572E-02
     7349    -4.067184014E-01    -1.338533606E-01     6.248879178E-02
     7350    -3.648702996E-01     1.214664247E-02     9.374684831E-02
     7351    -3.509314615E-01    -5.386150414E-02     6.249446204E-02
     7352    -4.579394229E-01     2.941796323E-02     6.249294515E-02
     7353    -3.437843750E-01     1.409125825E-01     9.374780441E-02
     7354    -3.547156115E-01     7.615995929E-02     6.249649152E-02
     7355    -4.195414710E-01     1.821173661E-01     6.249535988E-02
     7356    -2.916450570E-01     2.522009458E-01     9.374831910E-02
     7357    -3.183561276E-01     1.958517614E-01     6.249748705E-02
     7358    -3.582216490E-01     3.047552534E-01     6.249673784E-02
     7359    -2.281454893E-01     3.507729162E-01     9.374765579E-02
     7360    -2.609275780E-01     3.005872461E-01     6.249737907E-02
     7361    -2.862015018E-01     4.110887388E-01     6.249558849E-02
     7362    -1.663766471E-01     4.514800787E-01     9.374757822E-02
     7363    -1.983718856E-01     4.003404153E-01     6.249686562E-02
     7364    -2.105135756E-01     5.121982723E-01     6.249419484E-02
     7365    -1.053696179E-01     5.652955606E-01     9.374721445E-02
     7366    -1.367639816E-01     5.079640677E-01     6.249657667E-02
     7367    -1.306026516E-01     6.114913872E-01     6.249382592E-02
     7368    -5.861607226E-02     5.873741141E-01     6.249690226E-02
     7369     2.165184601E-01     4.636146826E-01     9.374886302E-02
     7370     1.661282819E-01     5.330324507E-01     6.249854398E-02
     7371     2.823640736E-01     5.185075126E-01     6.249860082E-02
     7372     3.639385183E-01     3.540287632E-01     9.374806473E-02
     7373     2.901887703E-01     4.088212015E-01     6.249888790E-02
     7374     4.292859365E-01     4.115332234E-01     6.249843538E-02
     7375     4.248946434E-01     2.906784798E-01     6.249892314E-02
     7376     4.140001879E-01    -4.518062488E-01     9.374940254E-02
     7377     4.747867091E-01    -3.914605085E-01     6.249962896E-02
     7378     6.522322470E-01    -5.422250203E-01     6.249971301E-02
     7379     5.696664240E-01    -5.907213927E-01     9.374959136E-02
     7380     4.918212381E-01    -5.212646886E-01     6.249958244E-02
     7381     3.052610647E-01    -5.552430696E-01     9.374819935E-02
     7382     3.595513878E-01    -5.035325198E-01     6.249876307E-02
     7383     4.967846601E-01    -6.366907004E-01     6.249926769E-02
     7384     4.240200927E-01    -6.826473131E-01     9.374895598E-02
     7385     3.645148099E-01    -6.189585316E-01     6.249844832E-02
     7386     2.053257666E-01    -6.482803015E-01     9.374714011E-02
     7387     2.549961097E-01    -6.017940931E-01     6.249733456E-02
     7388     3.567409211E-01    -7.237778893E-01     6.249820176E-02
     7389     2.900199721E-01    -7.648411015E-01     9.374788248E-02
     7390     2.472222209E-01    -7.066134508E-01     6.249708800E-02
     7391     1.062266983E-01    -7.131558273E-01     9.374531792E-02
     7392     1.550357939E-01    -6.807629986E-01     6.249546368E-02
     7393     2.250989266E-01    -7.937276859E-01     6.249609735E-02
     7394     1.620902368E-01    -8.223694694E-01     9.374559777E-02
     7395     1.329124996E-01    -7.678772337E-01     6.249447303E-02
     7396    -1.385393916E-01    -5.326465553E-01     6.249238710E-02
     7397    -1.017455154E-01    -5.791476676E-01     9.374594166E-02
     7398    -1.333311941E-01    -6.250707887E-01     6.249155402E-02
     7399     6.857313849E-02    -7.384141100E-01     6.249204669E-02
     7400     1.003841081E-01    -8.381982887E-01     6.249304881E-02
     7401    -1.873051026E-02    -6.759440568E-01     6.249352023E-02
     7402     1.491041866E-02    -6.272748113E-01     9.374686383E-02
     7403     5.966432192E-02    -6.701893365E-01     6.249517738E-02
     7404     6.766989268E-02    -5.953827880E-01     6.249721391E-02
     7405     1.214794504E-01    -5.635076662E-01     9.374858820E-02
     7406     1.630413647E-01    -6.059564501E-01     6.249750021E-02
     7407     2.597832611E-01     2.519309928E-01     9.374910159E-02
     7408     2.103308602E-01     2.918862002E-01     6.249936415E-02
     7409     1.609169830E-01     3.318495799E-01     9.374913466E-02
     7410     1.886743455E-01     3.977290263E-01     6.249920790E-02
     7411     3.118452850E-01     3.029783754E-01     6.249904415E-02
     7412     3.373911202E-01     1.475891874E-01     9.374933691E-02
     7413     2.985814469E-01     1.997585765E-01     6.249950321E-02
     7414     4.116308054E-01     1.874586809E-01     6.249938220E-02
     7415     3.828349825E-01     2.089636692E-02     9.374946530E-02
     7416     3.601111044E-01     8.424214377E-02     6.249965889E-02
     7417     4.918675388E-01     4.084870303E-02     6.249953371E-02
     7418     3.804481918E-01    -1.148141247E-01     9.374965031E-02
     7419     3.816409699E-01    -4.695808975E-02     6.249975668E-02
     7420     5.317482280E-01    -1.410228370E-01     6.249968186E-02
     7421     3.270732897E-01    -2.375881067E-01     9.374975073E-02
     7422     3.537601842E-01    -1.762004457E-01     6.249982855E-02
     7423     4.313286602E-01    -2.843512324E-01     6.249980240E-02
     7424     2.528116639E-01    -3.412589351E-01     9.374961171E-02
     7425     2.899376944E-01    -2.894236883E-01     6.249976052E-02
     7426     3.333957433E-01    -3.965329645E-01     6.249958708E-02
     7427     1.786054361E-01    -4.443934653E-01     9.374933229E-02
     7428     2.156776228E-01    -3.928276948E-01     6.249948646E-02
     7429     2.418332674E-01    -4.998272501E-01     6.249866245E-02
     7430     1.498785224E-01    -5.039896071E-01     6.249882810E-02
     7431    -4.429551397E-02    -6.030005650E-01     6.249538388E-02
     7432     6.145195825E+00    -3.824501901E-01     9.375283757E-02
     7433     6.103704929E+00    -4.816796889E-01     6.250022809E-02
     7434     6.062246951E+00    -5.809228216E-01     9.375179279E-02
     7435     5.970835753E+00    -5.485696851E-01     6.250025870E-02
     7436     6.043681915E+00    -3.605298274E-01     6.250054334E-02
     7437     6.144039694E+00    -2.054702780E-01     9.375367145E-02
     7438     6.144604729E+00    -2.939548683E-01     6.250034703E-02
     7439     6.063920092E+00    -1.885901119E-01     6.250062998E-02
     7440     6.159140342E+00    -7.482134562E-02     9.375380153E-02
     7441     6.151583373E+00    -1.401434008E-01     6.250038205E-02
     7442     6.092693143E+00    -5.133837803E-02     6.250055609E-02
     7443     6.180510792E+00     3.680946190E-02     9.375366029E-02
     7444     6.169819208E+00    -1.900456079E-02     6.250032691E-02
     7445     6.128448358E+00     6.593406097E-02     6.250042095E-02
     7446     6.193998448E+00     8.437364620E-02     6.250025228E-02
     7447     6.145162259E+00     3.420808467E-01     6.250027101E-02
     7448     6.177725158E+00     4.475491473E-01     6.250010352E-02
     7449     6.338780160E+00     4.882682202E-01     9.375080831E-02
     7450     6.277836251E+00     4.386299074E-01     6.250004181E-02
     7451     6.308667561E+00     5.401367995E-01     6.249993511E-02
     7452     6.450464135E+00     5.487960325E-01     9.375036905E-02
     7453     6.394370910E+00     5.184383633E-01     6.249994143E-02
     7454     6.430039714E+00     6.020223465E-01     6.249987319E-02
     7455     6.572270131E+00     5.926453742E-01     9.375032038E-02
     7456     6.510885588E+00     5.705950345E-01     6.249989592E-02
     7457     6.555224716E+00     6.454241407E-01     6.249980593E-02
     7458     6.727025611E+00     6.356765696E-01     9.375013161E-02
     7459     6.649021817E+00     6.141634385E-01     6.249990278E-02
     7460     6.685397989E+00     6.788615703E-01     6.249985682E-02
     7461     6.820485555E+00     7.880833135E-01     9.375009651E-02
     7462     6.772606158E+00     7.120957259E-01     6.249992738E-02
     7463     6.746247508E+00     8.087578553E-01     6.249988359E-02
     7464     6.888285734E+00     5.995764581E-01     9.375000083E-02
     7465     6.806923073E+00     6.178260467E-01     6.249995530E-02
     7466     6.899081165E+00     7.627534408E-01     6.249994309E-02
     7467     6.980880159E+00     7.363781164E-01     9.374997999E-02
     7468     6.933398081E+00     6.684837616E-01     6.249997101E-02
     7469     7.021259849E+00     5.368117573E-01     9.374996871E-02
     7470     6.954061864E+00     5.685743465E-01     6.249997338E-02
     7471     7.053109528E+00     6.980190149E-01     6.249994547E-02
     7472     7.128473963E+00     6.579048236E-01     9.374992879E-02
     7473     7.073773311E+00     5.981095997E-01     6.249994784E-02
     7474     7.136916716E+00     4.484080413E-01     9.374996390E-02
     7475     7.078545020E+00     4.930428070E-01     6.249996865E-02
     7476     7.192792995E+00     6.062107164E-01     6.249993156E-02
     7477     7.259492289E+00     5.525714383E-01     9.374992361E-02
     7478     7.197564704E+00     5.011439237E-01     6.249995236E-02
     7479     7.244112863E+00     3.243744140E-01     9.374995718E-02
     7480     7.190150319E+00     3.868267975E-01     6.249996923E-02
     7481     7.315461372E+00     4.880185167E-01     6.249993953E-02
     7482     7.372980443E+00     4.215456159E-01     9.374991897E-02
     7483     7.308046987E+00     3.737013906E-01     6.249995640E-02
     7484     7.347688420E+00     1.477981726E-01     9.374993746E-02
     7485     7.295612710E+00     2.365024591E-01     6.249995960E-02
     7486     7.420166592E+00     3.493411337E-01     6.249992833E-02
     7487     7.468564692E+00     2.749571505E-01     9.374989199E-02
     7488     7.407732316E+00     2.121422022E-01     6.249993153E-02
     7489     7.513376735E+00     4.515121758E-02     9.374989123E-02
     7490     7.430279532E+00     9.685746890E-02     6.249992994E-02
     7491     7.510168829E+00     2.209671543E-01     6.249990554E-02
     7492     7.552680865E+00     1.646705524E-01     9.374988471E-02
     7493     7.532716045E+00     1.056824209E-01     6.249990395E-02
     7494     7.332876712E+00    -4.265985567E-02     9.374996035E-02
     7495     7.340103996E+00     5.268231645E-02     6.249996035E-02
     7496     7.499138830E+00    -3.400492968E-02     6.249992705E-02
     7497     7.485296488E+00    -1.131168271E-01     9.374992431E-02
     7498     7.408963294E+00    -7.818008213E-02     6.249995746E-02
     7499     7.293307978E+00    -1.999468578E-01     9.374997056E-02
     7500     7.312979487E+00    -1.215024341E-01     6.249997476E-02
     7501     7.460509553E+00    -1.948826257E-01     6.249994975E-02
     7502     7.436104177E+00    -2.756437397E-01     9.374993640E-02
     7503     7.364525746E+00    -2.382049777E-01     6.249996705E-02
     7504     7.224348601E+00    -3.424968244E-01     9.374996831E-02
     7505     7.258642780E+00    -2.715249976E-01     6.249997651E-02
     7506     7.397300050E+00    -3.529146275E-01     6.249994927E-02
     7507     7.359251327E+00    -4.288484698E-01     9.374993100E-02
     7508     7.291417084E+00    -3.862346474E-01     6.249995873E-02
     7509     7.123889537E+00    -4.723396351E-01     9.374996305E-02
     7510     7.173733193E+00    -4.078442192E-01     6.249997121E-02
     7511     7.306822170E+00    -4.991104184E-01     6.249994070E-02
     7512     7.256008411E+00    -5.674694330E-01     9.374992581E-02
     7513     7.189138279E+00    -5.207199902E-01     6.249995318E-02
     7514     6.969902811E+00    -6.085706272E-01     9.374995222E-02
     7515     7.046329227E+00    -5.408709111E-01     6.249996456E-02
     7516     7.194354555E+00    -6.302782494E-01     6.249993396E-02
     7517     7.134869225E+00    -6.911731182E-01     9.374991481E-02
     7518     7.051545502E+00    -6.504291703E-01     6.249994534E-02
     7519     6.914420791E+00    -7.891824158E-01     9.374991879E-02
     7520     6.941366134E+00    -6.991991960E-01     6.249994813E-02
     7521     7.090956863E+00    -7.453112864E-01     6.249993308E-02
     7522     7.049190284E+00    -7.981273443E-01     9.374991279E-02
     7523     6.980777495E+00    -7.940813120E-01     6.249993588E-02
     7524     6.764547756E+00    -6.354020648E-01     9.374996824E-02
     7525     6.866698449E+00    -6.221699602E-01     6.249996826E-02
     7526     6.827260543E+00    -7.936523640E-01     6.249994397E-02
     7527     6.741980953E+00    -7.977676868E-01     9.374993564E-02
     7528     6.752592858E+00    -7.166231283E-01     6.249996409E-02
     7529     6.590465880E+00    -6.239410607E-01     9.374997721E-02
     7530     6.677070062E+00    -6.296527274E-01     6.249997934E-02
     7531     6.652518098E+00    -7.900272179E-01     6.249995732E-02
     7532     6.564863657E+00    -7.823945394E-01     9.374994678E-02
     7533     6.576995302E+00    -7.030568170E-01     6.249997257E-02
     7534     6.434279417E+00    -5.784051029E-01     9.375002595E-02
     7535     6.512006025E+00    -6.010799161E-01     6.249998625E-02
     7536     6.478598918E+00    -7.593967184E-01     6.249996742E-02
     7537     6.393878597E+00    -7.367795111E-01     9.375000666E-02
     7538     6.413609642E+00    -6.574198174E-01     6.249998110E-02
     7539     6.289578400E+00    -5.013068231E-01     9.375060751E-02
     7540     6.361742848E+00    -5.397854402E-01     6.250001988E-02
     7541     6.311399735E+00    -7.006151133E-01     6.249999811E-02
     7542     6.229647465E+00    -6.647174914E-01     9.375054687E-02
     7543     6.259532941E+00    -5.829807360E-01     6.250003688E-02
     7544     4.568534166E-01     8.667338685E-01     6.249993503E-02
     7545     5.419801096E-01     8.256210785E-01     9.374990205E-02
     7546     4.968209852E-01     7.599218952E-01     6.249946344E-02
     7547     3.416932223E-01     8.446429967E-01     6.249912583E-02
     7548     2.100351186E-01     9.615805668E-01     9.374988002E-02
     7549     2.919824231E-01     9.399458506E-01     6.249991301E-02
     7550     1.970491654E-01     8.979930481E-01     6.249857934E-02
     7551     4.914450807E-02     9.830242901E-01     9.374980925E-02
     7552     1.275839179E-01     9.759478887E-01     6.249981967E-02
     7553     5.144194901E-02     9.120260759E-01     6.249843900E-02
     7554    -1.110161363E-01     9.779710400E-01     9.374976210E-02
     7555    -3.501123716E-02     9.836290717E-01     6.249970175E-02
     7556    -9.640367706E-02     9.016179216E-01     6.249750850E-02
     7557    -2.677671026E-01     9.471286693E-01     9.374965329E-02
     7558    -1.951697881E-01     9.647075678E-01     6.249954579E-02
     7559    -2.420842207E-01     8.647533895E-01     6.249681575E-02
     7560    -4.211567917E-01     8.895947922E-01     9.374963072E-02
     7561    -3.518024596E-01     9.192317264E-01     6.249941441E-02
     7562    -3.824590290E-01     7.999498912E-01     6.249718154E-02
     7563    -5.669650918E-01     8.045511309E-01     9.374998236E-02
     7564    -5.023780484E-01     8.463853933E-01     6.249974348E-02
     7565    -5.141321997E-01     7.092029111E-01     6.249846167E-02
     7566    -7.045053197E-01     6.873312099E-01     9.375031992E-02
     7567    -6.439730975E-01     7.443457444E-01     6.250043269E-02
     7568    -6.347568372E-01     5.924240552E-01     6.249925134E-02
     7569    -8.233901730E-01     5.392407259E-01     9.375012361E-02
     7570    -7.711272273E-01     6.116491943E-01     6.250057393E-02
     7571    -7.388100788E-01     4.514485586E-01     6.249850734E-02
     7572    -9.104554362E-01     3.739289186E-01     9.375006002E-02
     7573    -8.728081358E-01     4.549262529E-01     6.250031403E-02
     7574    -8.201330503E-01     2.950813974E-01     6.249776108E-02
     7575    -9.655455747E-01     1.909808385E-01     9.374991042E-02
     7576    -9.430921808E-01     2.816541782E-01     6.250010084E-02
     7577    -8.870029735E-01     1.387436751E-01     6.249628040E-02
     7578    -9.842519685E-01    -7.177232578E-10     9.374990220E-02
     7579    -9.796061528E-01     9.551818086E-02     6.249994302E-02
     7580    -9.295328733E-01    -6.177926119E-03     6.249687022E-02
     7581    -9.654514674E-01    -1.914560044E-01     9.374996778E-02
     7582    -9.796467782E-01    -9.510061736E-02     6.250000038E-02
     7583    -8.939191453E-01    -1.615865159E-01     6.249610272E-02
     7584    -9.095730088E-01    -3.760703116E-01     9.375013392E-02
     7585    -9.429917297E-01    -2.819903104E-01     6.250023210E-02
     7586    -8.332826238E-01    -3.289364058E-01     6.249671980E-02
     7587    -8.223950554E-01    -5.407571640E-01     9.375023879E-02
     7588    -8.723312601E-01    -4.558400051E-01     6.250050310E-02
     7589    -7.504843574E-01    -4.838407556E-01     6.249564989E-02
     7590    -7.076669234E-01    -6.840756267E-01     9.375039968E-02
     7591    -7.725776353E-01    -6.098161484E-01     6.250076886E-02
     7592    -6.478852829E-01    -6.199795914E-01     6.249370586E-02
     7593    -5.650770021E-01    -8.058783526E-01     9.375006910E-02
     7594    -6.455400815E-01    -7.429871740E-01     6.250059918E-02
     7595    -5.263456274E-01    -7.327165960E-01     6.249285305E-02
     7596    -4.139403747E-01    -8.929755336E-01     9.374935644E-02
     7597    -4.988765173E-01    -8.484539810E-01     6.249955594E-02
     7598    -3.856551904E-01    -8.102263948E-01     6.249399353E-02
     7599    -2.597406527E-01    -9.493612225E-01     9.374953353E-02
     7600    -3.446750640E-01    -9.219278918E-01     6.249902037E-02
     7601    -2.406779965E-01    -8.722260703E-01     6.249581905E-02
     7602    -1.016856190E-01    -9.789851748E-01     9.374973887E-02
     7603    -1.864981906E-01    -9.664214207E-01     6.249940280E-02
     7604    -9.471942908E-02    -9.084434754E-01     6.249703202E-02
     7605     5.584284981E-02    -9.826665323E-01     9.374984990E-02
     7606    -2.667740570E-02    -9.838903666E-01     6.249971917E-02
     7607     4.651553543E-02    -9.183338571E-01     6.249563119E-02
     7608     2.141541874E-01    -9.606715992E-01     9.374986585E-02
     7609     1.329280009E-01    -9.752343739E-01     6.249984614E-02
     7610     1.863531540E-01    -8.918456310E-01     6.249726377E-02
     7611     2.937158077E-01    -9.394056428E-01     6.249989883E-02
     7612     3.313796119E-01    -8.378271854E-01     6.249873241E-02
     7613     5.415965797E-01    -8.257988507E-01     9.374990205E-02
     7614     4.566646275E-01    -8.668289430E-01     6.249993503E-02
     7615     4.827558530E-01    -7.542289005E-01     6.249940439E-02
     7616     7.202839450E-01    -7.492830917E-01     9.374990186E-02
     7617     6.303954619E-01    -7.862669987E-01     6.249993431E-02
     7618     6.449690721E-01    -6.700027690E-01     6.249979762E-02
     7619     9.058307797E-01    -6.810848246E-01     9.374990200E-02
     7620     8.126477974E-01    -7.140684551E-01     6.249993427E-02
     7621     8.203205367E-01    -5.874062004E-01     6.249984967E-02
     7622     1.096847700E+00    -6.204134929E-01     9.374990220E-02
     7623     1.001024482E+00    -6.497572955E-01     6.249993460E-02
     7624     1.014476224E+00    -5.108863209E-01     6.249982161E-02
     7625     1.288961334E+00    -5.674797946E-01     9.374990205E-02
     7626     1.192666212E+00    -5.930811287E-01     6.249993465E-02
     7627     1.226276629E+00    -4.511316696E-01     6.249977748E-02
     7628     1.480283660E+00    -5.216615089E-01     9.374990179E-02
     7629     1.384440902E+00    -5.438119125E-01     6.249993424E-02
     7630     1.433806334E+00    -4.003471635E-01     6.249978347E-02
     7631     1.672908577E+00    -4.816421089E-01     9.374990176E-02
     7632     1.576452157E+00    -5.009585148E-01     6.249993395E-02
     7633     1.640077263E+00    -3.523875759E-01     6.249984316E-02
     7634     1.866559189E+00    -4.469582064E-01     9.374990197E-02
     7635     1.769618986E+00    -4.636583485E-01     6.249993413E-02
     7636     1.848260400E+00    -3.124613381E-01     6.249987667E-02
     7637     2.061039718E+00    -4.172407551E-01     9.374990217E-02
     7638     1.963707624E+00    -4.314982564E-01     6.249993455E-02
     7639     2.063713959E+00    -2.547514017E-01     6.249989833E-02
     7640     2.256171553E+00    -3.922017566E-01     9.374990217E-02
     7641     2.158532636E+00    -4.041521278E-01     6.249993474E-02
     7642     2.278073545E+00    -2.514322047E-01     6.249992225E-02
     7643     2.451828684E+00    -3.716116792E-01     9.374990203E-02
     7644     2.353942887E+00    -3.813626631E-01     6.249993460E-02
     7645     2.481529845E+00    -2.432100758E-01     6.249993022E-02
     7646     2.651532532E+00    -3.550306233E-01     9.374990197E-02
     7647     2.551635436E+00    -3.627768860E-01     6.249993441E-02
     7648     2.684064585E+00    -2.346284488E-01     6.249993282E-02
     7649     2.855831345E+00    -3.425240014E-01     9.374990207E-02
     7650     2.753648160E+00    -3.482253240E-01     6.249993445E-02
     7651     2.888315650E+00    -2.274763702E-01     6.249993380E-02
     7652     3.059315938E+00    -3.344175881E-01     9.374990217E-02
     7653     2.957552309E+00    -3.379351338E-01     6.249993465E-02
     7654     3.091830389E+00    -2.227057608E-01     6.249993424E-02
     7655     3.262765009E+00    -3.305711271E-01     9.374990220E-02
     7656     3.161030480E+00    -3.319656498E-01     6.249993477E-02
     7657     3.295128872E+00    -2.205020511E-01     6.249993444E-02
     7658     3.466035859E+00    -3.309425429E-01     9.374990214E-02
     7659     3.364401393E+00    -3.302309951E-01     6.249993474E-02
     7660     3.498108145E+00    -2.209773240E-01     6.249993474E-02
     7661     3.668529612E+00    -3.355046538E-01     9.374990203E-02
     7662     3.567294548E+00    -3.326990276E-01     6.249993457E-02
     7663     3.700368558E+00    -2.241467858E-01     6.249993568E-02
     7664     3.869618469E+00    -3.442200126E-01     9.374990198E-02
     7665     3.769096771E+00    -3.393376448E-01     6.249993440E-02
     7666     3.901595414E+00    -2.299445135E-01     6.249993914E-02
     7667     4.069238572E+00    -3.570816894E-01     9.374990208E-02
     7668     3.969462599E+00    -3.501217081E-01     6.249993446E-02
     7669     4.102062812E+00    -2.382270597E-01     6.249994877E-02
     7670     4.267108313E+00    -3.740980666E-01     9.374990219E-02
     7671     4.168219600E+00    -3.650529197E-01     6.249993468E-02
     7672     4.302389728E+00    -2.486907884E-01     6.249996773E-02
     7673     4.463022815E+00    -3.953063913E-01     9.374990213E-02
     7674     4.365124952E+00    -3.841533845E-01     6.249993472E-02
     7675     4.504174917E+00    -2.606789296E-01     6.249998981E-02
     7676     4.658080916E+00    -4.209609489E-01     9.374990191E-02
     7677     4.560627200E+00    -4.075606276E-01     6.249993443E-02
     7678     4.711901431E+00    -2.727461487E-01     6.250001238E-02
     7679     4.852455327E+00    -4.513273861E-01     9.374990175E-02
     7680     4.755362769E+00    -4.355380540E-01     6.249993406E-02
     7681     4.936514198E+00    -2.808092662E-01     6.250009055E-02
     7682     5.045986189E+00    -4.867066987E-01     9.374990186E-02
     7683     4.949339174E+00    -4.683689624E-01     6.249993401E-02
     7684     5.110259636E+00    -3.755906727E-01     6.250018695E-02
     7685     5.238447654E+00    -5.274755252E-01     9.374990211E-02
     7686     5.142365364E+00    -5.063899533E-01     6.249993437E-02
     7687     5.289015012E+00    -4.330905638E-01     6.250018945E-02
     7688     5.430589929E+00    -5.743826279E-01     9.374990219E-02
     7689     5.334708433E+00    -5.501517598E-01     6.249993470E-02
     7690     5.472584683E+00    -4.857929900E-01     6.250020395E-02
     7691     5.626138368E+00    -6.293979931E-01     9.374990199E-02
     7692     5.528621390E+00    -6.009752413E-01     6.249993458E-02
     7693     5.661206412E+00    -5.426034930E-01     6.250017769E-02
     7694     5.815070974E+00    -6.907398602E-01     9.374990189E-02
     7695     5.720927358E+00    -6.590741496E-01     6.249993428E-02
     7696     5.847254885E+00    -6.034811059E-01     6.250014609E-02
     7697     5.995501588E+00    -7.584262955E-01     9.374990207E-02
     7698     5.905692157E+00    -7.234999918E-01     6.249993437E-02
     7699     6.028867165E+00    -6.696716044E-01     6.250004698E-02
     7700     6.085595039E+00    -7.962372642E-01     6.249993506E-02
     7701     6.145895579E+00    -6.228002723E-01     6.250009156E-02
     7702     6.202048336E+00    -7.506835156E-01     6.249997964E-02
     7703     6.348323185E+00    -9.219596147E-01     9.374990819E-02
     7704     6.258826869E+00    -8.833577040E-01     6.249994117E-02
     7705     6.370258075E+00    -8.290569318E-01     6.249995964E-02
     7706     6.537018126E+00    -9.718274567E-01     9.374990432E-02
     7707     6.440163316E+00    -9.512462035E-01     6.249994291E-02
     7708     6.549744622E+00    -8.769174016E-01     6.249995069E-02
     7709     6.725019972E+00    -9.837281660E-01     9.374990073E-02
     7710     6.629276159E+00    -9.821925681E-01     6.249993545E-02
     7711     6.732341965E+00    -8.907904841E-01     6.249994209E-02
     7712     6.911421658E+00    -9.596906128E-01     9.374990153E-02
     7713     6.817464735E+00    -9.763395408E-01     6.249993266E-02
     7714     6.911813429E+00    -8.747341806E-01     6.249993454E-02
     7715     7.093670820E+00    -8.989690854E-01     9.374990574E-02
     7716     7.002821565E+00    -9.341888769E-01     6.249993768E-02
     7717     7.070306680E+00    -8.490778494E-01     6.249993901E-02
     7718     7.262454348E+00    -8.027297365E-01     9.374991865E-02
     7719     7.179047500E+00    -8.558186496E-01     6.249995479E-02
     7720     7.197339783E+00    -7.479011039E-01     6.249994886E-02
     7721     7.406626434E+00    -6.777651673E-01     9.374989276E-02
     7722     7.335839539E+00    -7.452502261E-01     6.249994181E-02
     7723     7.329850402E+00    -6.241453800E-01     6.249992691E-02
     7724     7.522018079E+00    -5.304124290E-01     9.374989028E-02
     7725     7.466549588E+00    -6.084726493E-01     6.249991344E-02
     7726     7.439973174E+00    -4.806470070E-01     6.249992723E-02
     7727     7.607291284E+00    -3.642320646E-01     9.374990008E-02
     7728     7.568036582E+00    -4.504568004E-01     6.249992075E-02
     7729     7.521393942E+00    -3.206811709E-01     6.249994279E-02
     7730     7.660749773E+00    -1.790102393E-01     9.374989983E-02
     7731     7.638310428E+00    -2.738181332E-01     6.249993031E-02
     7732     7.572874843E+00    -1.467014118E-01     6.249993726E-02
     7733     7.677165354E+00    -3.614993933E-08     9.374990220E-02
     7734     7.673013991E+00    -9.030361068E-02     6.249993243E-02
     7735     7.595144180E+00     2.277374742E-02     6.249992222E-02
     7736     7.660492681E+00     1.803946949E-01     9.374987252E-02
     7737     7.672902476E+00     9.150585345E-02     6.249990512E-02
     7738     7.606230046E+00     1.740182187E-01     6.249988685E-02
     7739     7.607500191E+00     3.637071804E-01     9.374990015E-02
     7740     7.637814331E+00     2.755252101E-01     6.249990306E-02
     7741     7.537264012E+00     3.211651611E-01     6.249992175E-02
     7742     7.519082423E+00     5.349735125E-01     9.374990992E-02
     7743     7.566425902E+00     4.535722893E-01     6.249994046E-02
     7744     7.445163652E+00     4.795856694E-01     6.249994704E-02
     7745     7.402500617E+00     6.820834980E-01     9.374988732E-02
     7746     7.463071345E+00     6.128691990E-01     6.249992764E-02
     7747     7.329856846E+00     6.185071239E-01     6.249992012E-02
     7748     7.259846274E+00     8.045738239E-01     9.374987497E-02
     7749     7.332163023E+00     7.484061993E-01     6.249989269E-02
     7750     7.192143316E+00     7.326492032E-01     6.249990412E-02
     7751     7.094824955E+00     8.984536873E-01     9.374991633E-02
     7752     7.176979155E+00     8.569902383E-01     6.249992169E-02
     7753     7.035691998E+00     8.183706853E-01     6.249996304E-02
     7754     6.910563896E+00     9.598855103E-01     9.374991993E-02
     7755     7.001595898E+00     9.345945880E-01     6.249996665E-02
     7756     6.863484602E+00     8.744344057E-01     6.249994670E-02
     7757     6.719465352E+00     9.838937598E-01     9.374990578E-02
     7758     6.813285820E+00     9.768635598E-01     6.249995611E-02
     7759     6.695473974E+00     9.065226945E-01     6.249989300E-02
     7760     6.531577063E+00     9.709389931E-01     9.374989532E-02
     7761     6.623010735E+00     9.817665491E-01     6.249993150E-02
     7762     6.528333795E+00     8.954238842E-01     6.249987155E-02
     7763     6.348945083E+00     9.221918151E-01     9.374994836E-02
     7764     6.436755882E+00     9.503342942E-01     6.249997408E-02
     7765     6.360959863E+00     8.495672357E-01     6.249997215E-02
     7766     6.258495817E+00     8.831949462E-01     6.249998135E-02
     7767     6.199385329E+00     7.734786395E-01     6.249993009E-02
     7768     5.997218147E+00     7.591196292E-01     9.374990207E-02
     7769     6.086443375E+00     7.966076979E-01     6.249993506E-02
     7770     6.031515248E+00     6.945086871E-01     6.249997669E-02
     7771     5.815576899E+00     6.909163285E-01     9.374990189E-02
     7772     5.906809736E+00     7.239189876E-01     6.249993436E-02
     7773     5.858006900E+00     6.171240412E-01     6.250005525E-02
     7774     5.624338043E+00     6.288544667E-01     9.374990198E-02
     7775     5.720287752E+00     6.588667218E-01     6.249993427E-02
     7776     5.675642269E+00     5.345385130E-01     6.250015229E-02
     7777     5.431470870E+00     5.746132122E-01     9.374990219E-02
     7778     5.528154516E+00     6.008440167E-01     6.249993457E-02
     7779     5.477631742E+00     4.298203167E-01     6.250024155E-02
     7780     5.240577365E+00     5.279600805E-01     9.374990211E-02
     7781     5.336211681E+00     5.505187130E-01     6.249993470E-02
     7782     5.254540552E+00     3.939061985E-01     6.250012610E-02
     7783     5.048345125E+00     4.871715243E-01     9.374990186E-02
     7784     5.144609755E+00     5.068655177E-01     6.249993438E-02
     7785     5.046670199E+00     3.478882618E-01     6.250001416E-02
     7786     4.855048802E+00     4.517665927E-01     9.374990176E-02
     7787     4.951815451E+00     4.688218671E-01     6.249993402E-02
     7788     4.839676777E+00     3.120689854E-01     6.249997621E-02
     7789     4.659854001E+00     4.212157767E-01     9.374990191E-02
     7790     4.757547104E+00     4.358794670E-01     6.249993406E-02
     7791     4.635175724E+00     2.854955712E-01     6.249996458E-02
     7792     4.458969460E+00     3.948222189E-01     9.374990213E-02
     7793     4.559491529E+00     4.074114015E-01     6.249993444E-02
     7794     4.430787712E+00     2.650182942E-01     6.249995387E-02
     7795     4.259035015E+00     3.733185545E-01     9.374990219E-02
     7796     4.359063606E+00     3.834996033E-01     6.249993473E-02
     7797     4.229026836E+00     2.494101350E-01     6.249994428E-02
     7798     4.059892163E+00     3.563841874E-01     9.374990208E-02
     7799     4.159509751E+00     3.643083584E-01     6.249993467E-02
     7800     4.028692628E+00     2.376466421E-01     6.249993840E-02
     7801     3.860081096E+00     3.437113474E-01     9.374990198E-02
     7802     3.960020202E+00     3.495182994E-01     6.249993446E-02
     7803     3.828194107E+00     2.291214571E-01     6.249993569E-02
     7804     3.658829047E+00     3.351901815E-01     9.374990203E-02
     7805     3.759477301E+00     3.389256865E-01     6.249993441E-02
     7806     3.626711958E+00     2.235475826E-01     6.249993478E-02
     7807     3.456777115E+00     3.308341560E-01     9.374990215E-02
     7808     3.557814337E+00     3.324901173E-01     6.249993458E-02
     7809     3.424528082E+00     2.208385596E-01     6.249993456E-02
     7810     3.254148630E+00     3.306483293E-01     9.374990220E-02
     7811     3.355463357E+00     3.302187352E-01     6.249993475E-02
     7812     3.221812051E+00     2.210012849E-01     6.249993446E-02
     7813     3.051065836E+00     3.346630009E-01     9.374990217E-02
     7814     3.152596825E+00     3.321286769E-01     6.249993477E-02
     7815     3.018727417E+00     2.241531057E-01     6.249993422E-02
     7816     2.848188461E+00     3.429124170E-01     9.374990207E-02
     7817     2.949605497E+00     3.382548770E-01     6.249993464E-02
     7818     2.815764023E+00     2.305554464E-01     6.249993357E-02
     7819     2.646730820E+00     3.553781729E-01     9.374990197E-02
     7820     2.747426420E+00     3.486081141E-01     6.249993444E-02
     7821     2.613705643E+00     2.408279114E-01     6.249993201E-02
     7822     2.448457508E+00     3.719294777E-01     9.374990203E-02
     7823     2.547549369E+00     3.631169350E-01     6.249993440E-02
     7824     2.413392128E+00     2.563577213E-01     6.249992812E-02
     7825     2.252317691E+00     3.926519086E-01     9.374990217E-02
     7826     2.350329817E+00     3.817434916E-01     6.249993460E-02
     7827     2.214570081E+00     2.803828842E-01     6.249991702E-02
     7828     2.057415417E+00     4.177500805E-01     9.374990217E-02
     7829     2.154793397E+00     4.046325954E-01     6.249993474E-02
     7830     2.026787112E+00     3.210562006E-01     6.249989099E-02
     7831     1.863171648E+00     4.475200345E-01     9.374990197E-02
     7832     1.960201548E+00     4.320345643E-01     6.249993454E-02
     7833     1.837867455E+00     3.493331696E-01     6.249987616E-02
     7834     1.669753278E+00     4.822518183E-01     9.374990175E-02
     7835     1.766347396E+00     4.642447823E-01     6.249993412E-02
     7836     1.641518528E+00     3.834944596E-01     6.249984812E-02
     7837     1.477367900E+00     5.223125822E-01     9.374990179E-02
     7838     1.573416449E+00     5.015895871E-01     6.249993395E-02
     7839     1.453452213E+00     4.352227385E-01     6.249979390E-02
     7840     1.286280939E+00     5.681683248E-01     9.374990205E-02
     7841     1.381642606E+00     5.444823304E-01     6.249993425E-02
     7842     1.260997218E+00     4.725950173E-01     6.249978072E-02
     7843     1.093446300E+00     6.214196769E-01     9.374990220E-02
     7844     1.189622475E+00     5.939201005E-01     6.249993465E-02
     7845     1.051845285E+00     5.213373275E-01     6.249974086E-02
     7846     9.037017980E-01     6.818119084E-01     9.374990200E-02
     7847     9.982621049E-01     6.506348234E-01     6.249993460E-02
     7848     8.505390700E-01     5.951940384E-01     6.249966922E-02
     7849     7.206327140E-01     7.491450236E-01     9.374990186E-02
     7850     8.117679354E-01     7.143916187E-01     6.249993426E-02
     7851     6.674582001E-01     6.761024305E-01     6.249949108E-02
     7852     6.307622553E-01     7.861101678E-01     6.249993431E-02
     7853     2.500000000E-01     6.123233996E-17     9.374991174E-02
     7854     2.451045865E-01     4.923151092E-02     6.249994078E-02
     7855     2.306094398E-01     9.653645053E-02     9.374991059E-02
     7856     2.839992661E-01     1.220614500E-01     6.249977563E-02
     7857     3.164168755E-01     1.044817105E-02     6.249982403E-02
     7858     2.319781384E-01    -9.319948134E-02     9.374991060E-02
     7859     2.454534377E-01    -4.746166814E-02     6.249994078E-02
     7860     3.062136529E-01    -1.040047789E-01     6.249987343E-02
     7861     1.780111813E-01    -1.755335276E-01     9.374991059E-02
     7862     2.090878893E-01    -1.370483657E-01     6.249994040E-02
     7863     2.525414010E-01    -2.065612294E-01     6.249989552E-02
     7864     9.584113909E-02    -2.308992769E-01     9.374991059E-02
     7865     1.396973669E-01    -2.073273876E-01     6.249994039E-02
     7866     1.743234934E-01    -2.860785917E-01     6.249980539E-02
     7867     9.757986017E-02    -2.826811406E-01     6.249983172E-02
     7868     1.389339896E-01    -3.894302437E-01     6.249951279E-02
     7869     4.886439150E-02    -2.451780399E-01     6.249994039E-02
     7870    -1.753837113E-01    -1.781587882E-01     9.374991059E-02
     7871    -1.369809907E-01    -2.091320353E-01     6.249994039E-02
     7872    -1.418947978E-01    -2.912543241E-01     6.249114971E-02
     7873    -2.267343189E-01    -2.069309522E-01     6.249480715E-02
     7874    -2.304676111E-01    -9.687455927E-02     9.374991059E-02
     7875    -2.069578986E-01    -1.402441735E-01     6.249994039E-02
     7876    -2.835748357E-01    -1.082872141E-01     6.249650897E-02
     7877    -2.500000000E-01    -2.033595132E-08     9.374991059E-02
     7878    -2.450682383E-01    -4.941212988E-02     6.249994039E-02
     7879    -3.075903952E-01     5.988334803E-03     6.249789346E-02
     7880    -2.315441389E-01     9.427253965E-02     9.374991059E-02
     7881    -2.453428725E-01     4.802993755E-02     6.249994039E-02
     7882    -2.878977134E-01     1.173068352E-01     6.249853845E-02
     7883    -1.780651675E-01     1.754787626E-01     9.374991059E-02
     7884    -2.087911167E-01     1.375000712E-01     6.249994039E-02
     7885    -2.352632297E-01     2.134198057E-01     6.249888900E-02
     7886    -9.599500136E-02     2.308353520E-01     9.374991059E-02
     7887    -1.397984363E-01     2.072592512E-01     6.249994039E-02
     7888    -1.626955978E-01     2.903241774E-01     6.249843046E-02
     7889    -9.635841643E-02     2.842739962E-01     6.249959356E-02
     7890    -1.320347042E-01     3.942902340E-01     6.249802872E-02
     7891    -4.894619736E-02     2.451617217E-01     6.249994039E-02
     7892     1.771392071E-01     1.764134385E-01     9.374991059E-02
     7893     1.383042811E-01     2.082592755E-01     6.249994039E-02
     7894     1.273861818E-01     2.817723552E-01     6.249963657E-02
     7895     2.184578644E-01     2.141702757E-01     6.249966797E-02
     7896     2.077506983E-01     1.390670606E-01     6.249994039E-02
     7897     6.217342291E+00    -4.418601526E-01     6.250017341E-02
     7898     6.216292343E+00    -3.374827929E-01     6.250014801E-02
     7899     6.215719970E+00    -1.991855517E-01     6.250019864E-02
     7900     6.223271006E+00    -8.484881548E-02     6.250018340E-02
     7901     6.233955806E+00     1.943516476E-02     6.250014350E-02
     7902     6.247450245E+00     1.152828853E-01     6.250010878E-02
     7903     6.263591773E+00     1.963521597E-01     6.250006425E-02
     7904     6.371906622E+00     4.485473060E-01     6.249998248E-02
     7905     6.467821561E+00     5.018151016E-01     6.249995895E-02
     7906     6.579525824E+00     5.406293922E-01     6.249993697E-02
     7907     6.716547468E+00     5.677781435E-01     6.249996581E-02
     7908     6.858459891E+00     5.404336607E-01     6.249998949E-02
     7909     6.979436430E+00     4.864400677E-01     6.249998389E-02
     7910     7.081772538E+00     4.103718232E-01     6.249998476E-02
     7911     7.181125349E+00     2.936380854E-01     6.249998448E-02
     7912     7.260862495E+00     1.416147375E-01     6.249997512E-02
     7913     7.262821707E+00    -2.260319286E-02     6.249998522E-02
     7914     7.233048305E+00    -1.700438909E-01     6.249998954E-02
     7915     7.169953491E+00    -3.047702980E-01     6.249998697E-02
     7916     7.075200832E+00    -4.223840516E-01     6.249998424E-02
     7917     6.939051119E+00    -5.299251766E-01     6.249998032E-02
     7918     6.764291541E+00    -5.651302444E-01     6.249998794E-02
     7919     6.598860935E+00    -5.582636631E-01     6.249999140E-02
     7920     6.451001215E+00    -5.124263077E-01     6.249999485E-02
     7921     6.324257831E+00    -4.367217045E-01     6.250002502E-02
     7922    -9.375000000E-02     4.484999823E-01     9.374990336E-02
     7923    -8.631657009E-02     4.119143166E-01     6.249993519E-02
     7924    -1.305502188E-01     4.496833074E-01     6.249837314E-02
     7925    -6.654460468E-02     5.145369449E-01     9.374990220E-02
     7926    -8.661801249E-02     4.843661736E-01     6.249993519E-02
     7927    -8.624234422E-02     5.399184289E-01     6.249813872E-02
     7928    -1.108603974E-08     5.422500000E-01     9.374990220E-02
     7929    -3.588696695E-02     5.351093996E-01     6.249993480E-02
     7930    -5.527314986E-03     5.759683626E-01     6.249869834E-02
     7931     6.560185521E-02     5.154735701E-01     9.374990220E-02
     7932     3.538926038E-02     5.353139548E-01     6.249993480E-02
     7933     9.066858509E-02     5.589910836E-01     6.249896986E-02
     7934     9.375000000E-02     4.485000066E-01     9.374990220E-02
     7935     8.641072360E-02     4.848627467E-01     6.249993480E-02
     7936     1.551057033E-01     4.560574331E-01     6.249950892E-02
     7937     6.664531250E-02     3.825646921E-01     9.374990220E-02
     7938     8.666512890E-02     4.127478262E-01     6.249993480E-02
     7939     1.136843109E-01     3.571212841E-01     6.249963377E-02
     7940     3.600089116E-02     3.619378932E-01     6.249993480E-02
     7941    -8.634964934E-02    -4.850075411E-01     6.249993519E-02
     7942    -6.547054592E-02    -5.156019383E-01     9.374990220E-02
     7943    -8.402136286E-02    -5.472849440E-01     6.249731421E-02
     7944    -3.582635813E-02    -3.618655117E-01     6.249993480E-02
     7945     9.375000000E-02    -4.485000000E-01     9.374990220E-02
     7946     8.637897257E-02    -4.120618936E-01     6.249993480E-02
     7947     1.361510183E-01    -4.464481914E-01     6.249961867E-02
     7948     6.670142057E-02    -5.143785473E-01     9.374990220E-02
     7949     8.669113322E-02    -4.841890728E-01     6.249993480E-02
     7950     9.389126170E-02    -5.390432929E-01     6.249914424E-02
     7951     3.689504618E-09    -5.422500000E-01     9.374990220E-02
     7952     3.606390221E-02    -5.350358738E-01     6.249993480E-02
     7953     7.067390390E-03    -5.847163723E-01     6.249800448E-02
     7954    -3.524368744E-02    -5.353731546E-01     6.249993480E-02
     7955    -2.876100595E-01    -5.738511191E-01     3.124013638E-02
     7956    -3.554787050E-01    -5.684019618E-01     0.000000000E+00
     7957    -4.171208054E-01    -5.674953501E-01     3.123727839E-02
     7958    -4.473328628E-01    -5.165778634E-01     0.000000000E+00
     7959    -4.714216290E-01    -4.712105357E-01     3.123711953E-02
     7960    -4.076610003E-01    -4.434995165E-01     0.000000000E+00
     7961    -3.394578373E-01    -4.202631716E-01     3.123554234E-02
     7962    -3.158068425E-01    -4.953236149E-01     0.000000000E+00
     7963    -1.754684386E-01    -4.857369857E-01     3.124504029E-02
     7964    -2.334700647E-01    -5.285511926E-01     0.000000000E+00
     7965    -2.666303508E-01    -3.837719534E-01     0.000000000E+00
     7966    -1.912786497E-01    -3.497724110E-01     3.124117952E-02
     7967    -1.842935731E-01    -4.169995310E-01     0.000000000E+00
     7968     6.216939162E+00     3.890093917E-01     3.125005933E-02
     7969     6.278403897E+00     3.715432119E-01     0.000000000E+00
     7970     6.248344355E+00     2.797889778E-01     0.000000000E+00
     7971     6.209296793E+00     2.670584457E-01     3.125009740E-02
     7972     6.213103025E+00     3.280271499E-01     0.000000000E+00
     7973    -1.288308066E-01    -3.652908230E-01     0.000000000E+00
     7974    -6.593693395E-02    -3.818562963E-01     3.124996740E-02
     7975    -9.375000000E-02    -4.484999822E-01     3.124996779E-02
     7976    -1.351669501E-01    -4.667496142E-01     0.000000000E+00
     7977    -3.756142482E-01    -3.521289112E-01     0.000000000E+00
     7978    -4.088742824E-01    -2.873382740E-01     3.123960760E-02
     7979    -3.445482313E-01    -2.599602305E-01     0.000000000E+00
     7980    -2.786021436E-01    -2.349579089E-01     3.124483695E-02
     7981    -2.355643339E-01    -2.916032726E-01     0.000000000E+00
     7982    -5.093182387E-01    -4.068304460E-01     0.000000000E+00
     7983    -5.428701502E-01    -3.477976906E-01     3.124105598E-02
     7984    -4.772714866E-01    -3.154598407E-01     0.000000000E+00
     7985     5.730499981E+00     1.426393365E-01     3.125052668E-02
     7986     5.690198395E+00     4.912519599E-02     0.000000000E+00
     7987     5.649903490E+00    -4.438767925E-02     3.125066828E-02
     7988     5.555413938E+00    -1.443535875E-02     0.000000000E+00
     7989     5.460928917E+00     1.551839838E-02     3.125048026E-02
     7990     5.492358354E+00     1.502708003E-01     0.000000000E+00
     7991     5.523791029E+00     2.850259501E-01     3.125027416E-02
     7992     5.627142810E+00     2.138313550E-01     0.000000000E+00
     7993     5.853422045E+00     2.946505004E-01     3.125035137E-02
     7994     5.791954368E+00     2.186419399E-01     0.000000000E+00
     7995     5.625363883E+00     3.626184637E-01     0.000000000E+00
     7996     5.726942417E+00     4.402174737E-01     3.125018511E-02
     7997     5.790175441E+00     3.674290486E-01     0.000000000E+00
     7998     5.970842313E+00     1.819800912E-01     3.125036362E-02
     7999     5.929016921E+00     1.134850504E-01     0.000000000E+00
     8000     5.887205454E+00     4.499433324E-02     3.125050903E-02
     8001     5.808848383E+00     9.381590750E-02     0.000000000E+00
     8002     5.912122907E+00     2.383110828E-01     0.000000000E+00
     8003     5.854173107E+00    -3.415935245E-02     0.000000000E+00
     8004     5.821149295E+00    -1.133130837E-01     3.125061448E-02
     8005     5.735523119E+00    -7.885006396E-02     0.000000000E+00
     8006     6.026247209E+00    -2.785747309E-02     3.125037269E-02
     8007     6.005020681E+00    -9.978388915E-02     0.000000000E+00
     8008     5.983803334E+00    -1.717115052E-01     3.125043134E-02
     8009     5.902472220E+00    -1.425111835E-01     0.000000000E+00
     8010     5.956721567E+00     8.567941877E-03     0.000000000E+00
     8011     6.076385897E+00     9.505573446E-02     3.125027745E-02
     8012     6.051310813E+00     3.359801763E-02     0.000000000E+00
     8013     6.023606167E+00     1.385151261E-01     0.000000000E+00
     8014     6.136341848E+00     1.965083705E-01     3.125020570E-02
     8015     6.172809743E+00     2.317797603E-01     0.000000000E+00
     8016     6.224525692E+00     2.321708283E-01     0.000000000E+00
     8017     6.239770096E+00     1.972885052E-01     3.125006425E-02
     8018     6.223622626E+00     1.646103062E-01     0.000000000E+00
     8019     6.207486945E+00     1.319352969E-01     3.125010878E-02
     8020     6.171906677E+00     1.642192381E-01     0.000000000E+00
     8021     6.073350618E+00     2.951358143E-01     3.125021168E-02
     8022     6.022084688E+00     2.385528350E-01     0.000000000E+00
     8023     5.921830305E+00     3.527971523E-01     0.000000000E+00
     8024     5.990266113E+00     4.109578234E-01     3.125018636E-02
     8025     6.031792086E+00     3.530389045E-01     0.000000000E+00
     8026     6.830478447E-01    -1.672330097E-01     3.124977864E-02
     8027     8.075757909E-01    -2.842961474E-01     0.000000000E+00
     8028     9.321044590E-01    -4.013593059E-01     3.124985421E-02
     8029     8.334551736E-01    -4.475405372E-01     0.000000000E+00
     8030     7.348082413E-01    -4.937246161E-01     3.124988246E-02
     8031     6.351941759E-01    -4.124165157E-01     0.000000000E+00
     8032     5.355836526E-01    -3.311127398E-01     3.124987708E-02
     8033     6.093147933E-01    -2.491721258E-01     0.000000000E+00
     8034     6.008998186E-01     6.080051378E-02     3.124968025E-02
     8035     7.519317912E-01     1.204754412E-01     0.000000000E+00
     8036     9.029667222E-01     1.801517782E-01     3.124954971E-02
     8037     9.596875206E-01     4.524457542E-02     0.000000000E+00
     8038     1.016410080E+00    -8.966003471E-02     3.124964563E-02
     8039     8.497285957E-01    -1.284473174E-01     0.000000000E+00
     8040     6.419728664E-01    -5.321645170E-02     0.000000000E+00
     8041     5.942183197E+00    -3.386136101E-01     3.125039495E-02
     8042     5.852370404E+00    -3.105105071E-01     0.000000000E+00
     8043     5.762563093E+00    -2.824134835E-01     3.125045111E-02
     8044     5.791853372E+00    -1.978616464E-01     0.000000000E+00
     8045     5.962989253E+00    -2.551600442E-01     0.000000000E+00
     8046    -1.110252924E-08    -3.547500000E-01     3.124996740E-02
     8047    -4.662039984E-02    -2.933557693E-01     0.000000000E+00
     8048    -9.323816674E-02    -2.319625924E-01     3.124997020E-02
     8049     2.947679172E-08    -2.500000000E-01     3.124997020E-02
     8050     1.537920225E-02    -2.834600810E-01     0.000000000E+00
     8051     3.077356061E-02    -3.169316750E-01     3.124991811E-02
     8052     1.537918196E-02    -3.358350810E-01     0.000000000E+00
     8053     6.498817487E-02    -3.256549973E-01     0.000000000E+00
     8054     9.926695870E-02    -3.344269685E-01     3.124986153E-02
     8055     8.221332350E-02    -3.577666905E-01     0.000000000E+00
     8056     6.531690974E-02    -3.812485034E-01     3.124996740E-02
     8057     3.689464511E-09     3.547500000E-01     3.124996740E-02
     8058     4.694328134E-02     2.932254575E-01     0.000000000E+00
     8059     9.388581859E-02     2.317012151E-01     3.124997020E-02
     8060    -9.864278598E-09     2.500000000E-01     3.124997020E-02
     8061    -1.515799514E-02     2.842601710E-01     0.000000000E+00
     8062    -3.027370033E-02     3.185863141E-01     3.124979007E-02
     8063    -1.515798837E-02     3.366351710E-01     0.000000000E+00
     8064    -6.365273893E-02     3.279060254E-01     0.000000000E+00
     8065    -9.685423415E-02     3.375027721E-01     3.124962337E-02
     8066    -8.088750371E-02     3.590140739E-01     0.000000000E+00
     8067    -6.499059818E-02     3.809331098E-01     3.124996740E-02
     8068     5.442364108E+00    -7.876075749E-02     0.000000000E+00
     8069     5.423802492E+00    -1.730373080E-01     3.125043605E-02
     8070     5.357685323E+00    -1.564031829E-01     0.000000000E+00
     8071     5.291571212E+00    -1.397658762E-01     3.125042842E-02
     8072     5.274309973E+00    -6.218936576E-02     0.000000000E+00
     8073     5.257051659E+00     1.538996936E-02     3.125031459E-02
     8074     5.358988758E+00     1.545305962E-02     0.000000000E+00
     8075     5.588321809E+00    -2.236335159E-01     3.125049405E-02
     8076     5.506060467E+00    -1.983358340E-01     0.000000000E+00
     8077     5.619110297E+00    -1.340104353E-01     0.000000000E+00
     8078     5.675440550E+00    -2.530220177E-01     0.000000000E+00
     8079     1.289347597E+00    -3.766375455E-02     3.124966494E-02
     8080     1.152878987E+00    -6.366371369E-02     0.000000000E+00
     8081     1.057410170E+00     1.777714178E-01     0.000000000E+00
     8082     1.211854821E+00     1.753917175E-01     3.124967801E-02
     8083     1.250601637E+00     6.886312864E-02     0.000000000E+00
     8084     1.535137010E+00     5.504914819E-02     3.124977945E-02
     8085     1.412243166E+00     8.691833543E-03     0.000000000E+00
     8086     1.300238557E+00     1.891137230E-01     0.000000000E+00
     8087     1.388621186E+00     2.028338121E-01     3.124970834E-02
     8088     1.461880086E+00     1.289424279E-01     0.000000000E+00
     8089    -6.177013990E-01    -2.072917298E-01     3.124334255E-02
     8090    -6.589767716E-01    -1.279325616E-01     0.000000000E+00
     8091    -6.985187847E-01    -5.104265814E-02     3.124258857E-02
     8092    -6.257600434E-01    -2.308862315E-03     0.000000000E+00
     8093    -5.514597191E-01     4.634238567E-02     3.124502189E-02
     8094    -5.151235838E-01    -5.009730682E-02     0.000000000E+00
     8095    -4.773902275E-01    -1.470135858E-01     3.124225301E-02
     8096    -5.483403120E-01    -1.757210061E-01     0.000000000E+00
     8097    -5.816133852E-01    -2.753139067E-01     0.000000000E+00
     8098    -4.439984133E-01    -2.158669400E-01     0.000000000E+00
     8099     6.106355718E+00     1.457792609E-01     0.000000000E+00
     8100     6.104834239E+00     2.458169697E-01     0.000000000E+00
     8101     5.174531686E+00    -2.644782806E-01     3.125021989E-02
     8102     5.097550386E+00    -1.873887554E-01     0.000000000E+00
     8103     5.020571773E+00    -1.102933938E-01     3.125012359E-02
     8104     5.138810367E+00    -4.745331819E-02     0.000000000E+00
     8105     5.233049992E+00    -2.021248030E-01     0.000000000E+00
     8106     5.339581204E+00    -3.387079134E-01     3.125022214E-02
     8107     5.257055168E+00    -3.015960421E-01     0.000000000E+00
     8108     5.381690500E+00    -2.558744219E-01     0.000000000E+00
     8109     5.514578709E+00    -3.972024652E-01     3.125023656E-02
     8110     5.427079016E+00    -3.679558696E-01     0.000000000E+00
     8111     5.551448983E+00    -3.104172817E-01     0.000000000E+00
     8112     5.696274347E+00    -4.558049409E-01     3.125021050E-02
     8113     5.605426122E+00    -4.265011833E-01     0.000000000E+00
     8114     5.729417689E+00    -3.691059193E-01     0.000000000E+00
     8115     5.879438147E+00    -5.162170719E-01     3.125017899E-02
     8116     5.787855888E+00    -4.860062706E-01     0.000000000E+00
     8117     5.910808603E+00    -4.274108584E-01     0.000000000E+00
     8118     5.433802770E-01     1.440628374E-01     0.000000000E+00
     8119     4.858676982E-01     2.273275638E-01     3.124957677E-02
     8120     5.733926782E-01     2.868886220E-01     0.000000000E+00
     8121     6.609304277E-01     3.464540049E-01     3.124944686E-02
     8122     7.819441924E-01     2.633012257E-01     0.000000000E+00
     8123     1.163592432E+00    -3.347868586E-01     3.124981022E-02
     8124     1.047848548E+00    -3.680747978E-01     0.000000000E+00
     8125     1.090001353E+00    -2.122259678E-01     0.000000000E+00
     8126     1.387330188E+00    -2.790376200E-01     3.124981648E-02
     8127     1.275462151E+00    -3.069162898E-01     0.000000000E+00
     8128     1.338339785E+00    -1.583540357E-01     0.000000000E+00
     8129     1.607247289E+00    -2.231370593E-01     3.124987620E-02
     8130     1.497289996E+00    -2.510917427E-01     0.000000000E+00
     8131     1.571193377E+00    -8.404587346E-02     0.000000000E+00
     8132     1.829962524E+00    -1.779668859E-01     3.124990949E-02
     8133     1.718606031E+00    -2.005551883E-01     0.000000000E+00
     8134     1.656281789E+00     5.176632544E-02     0.000000000E+00
     8135     1.777424522E+00     4.848300354E-02     3.124985762E-02
     8136     1.803694443E+00    -6.474298938E-02     0.000000000E+00
     8137     2.066388495E+00    -9.226355245E-02     3.124993096E-02
     8138     1.948176112E+00    -1.351171694E-01     0.000000000E+00
     8139     1.859208930E+00     5.744918022E-02     0.000000000E+00
     8140     1.940991852E+00     6.641511324E-02     3.124988689E-02
     8141     2.003690599E+00    -1.292499983E-02     0.000000000E+00
     8142     6.525772775E+00     8.199903551E-01     3.124991104E-02
     8143     6.597353882E+00     8.243894059E-01     0.000000000E+00
     8144     6.672056774E+00     8.290926032E-01     3.124992202E-02
     8145     6.656413375E+00     7.754781836E-01     0.000000000E+00
     8146     6.643395941E+00     7.219092802E-01     3.124989101E-02
     8147     6.589469904E+00     7.098787138E-01     0.000000000E+00
     8148     6.537674852E+00     6.980917061E-01     3.124986896E-02
     8149     6.530410410E+00     7.587899361E-01     0.000000000E+00
     8150     6.472430651E+00     6.763097099E-01     0.000000000E+00
     8151     6.409134641E+00     6.550694565E-01     3.124991425E-02
     8152     6.390260223E+00     7.157147285E-01     0.000000000E+00
     8153     6.373818613E+00     7.772628145E-01     3.124995859E-02
     8154     6.448239982E+00     7.981949547E-01     0.000000000E+00
     8155     6.224111655E+00     7.102276600E-01     3.124996230E-02
     8156     6.298146383E+00     7.434402908E-01     0.000000000E+00
     8157     6.343296225E+00     6.233331720E-01     0.000000000E+00
     8158     6.278497949E+00     5.919844981E-01     3.124995262E-02
     8159     6.251182385E+00     6.510587342E-01     0.000000000E+00
     8160     6.065792216E+00     6.298867117E-01     3.125000942E-02
     8161     6.144881495E+00     6.700285632E-01     0.000000000E+00
     8162     6.208398322E+00     5.489921348E-01     0.000000000E+00
     8163     6.138456842E+00     5.060636760E-01     3.125004419E-02
     8164     6.102097432E+00     5.679619637E-01     0.000000000E+00
     8165     5.900428422E+00     5.433236157E-01     3.125008816E-02
     8166     5.983096004E+00     5.865955993E-01     0.000000000E+00
     8167     6.064335411E+00     4.584984657E-01     0.000000000E+00
     8168     5.945333983E+00     4.771321012E-01     0.000000000E+00
     8169     5.813679119E+00     4.917639975E-01     0.000000000E+00
     8170     5.268502623E+00     2.598532210E-01     3.125015878E-02
     8171     5.396145470E+00     2.724393352E-01     0.000000000E+00
     8172     5.262775874E+00     1.376215945E-01     0.000000000E+00
     8173     5.044993975E+00     2.086075995E-01     3.125004710E-02
     8174     5.156747087E+00     2.342321885E-01     0.000000000E+00
     8175     5.032781581E+00     4.915727584E-02     0.000000000E+00
     8176     4.824303619E+00     1.723746096E-01     3.125000925E-02
     8177     4.934647586E+00     1.904940184E-01     0.000000000E+00
     8178     4.893145233E+00    -1.174149505E-01     0.000000000E+00
     8179     4.765720970E+00    -1.245327970E-01     3.125004527E-02
     8180     4.795011238E+00     2.392179204E-02     0.000000000E+00
     8181     4.610496717E+00     1.497781585E-01     3.124999747E-02
     8182     4.717399239E+00     1.610794043E-01     0.000000000E+00
     8183     4.655522926E+00    -1.252931163E-01     0.000000000E+00
     8184     4.545326441E+00    -1.260517212E-01     3.125002248E-02
     8185     4.577910926E+00     1.186449595E-02     0.000000000E+00
     8186     4.402605644E+00     1.352161206E-01     3.124998654E-02
     8187     4.506550658E+00     1.424994156E-01     0.000000000E+00
     8188     4.441498301E+00    -1.246667573E-01     0.000000000E+00
     8189     4.337670942E+00    -1.232825339E-01     3.125000034E-02
     8190     4.370138033E+00     5.968162371E-03     0.000000000E+00
     8191     4.199018685E+00     1.255022156E-01     3.124997689E-02
     8192     4.300812022E+00     1.303602946E-01     0.000000000E+00
     8193     4.236278994E+00    -1.213250366E-01     0.000000000E+00
     8194     4.134887152E+00    -1.193704771E-01     3.124998149E-02
     8195     4.166952984E+00     3.067095551E-03     0.000000000E+00
     8196     3.997493311E+00     1.189083096E-01     3.124997112E-02
     8197     4.098256125E+00     1.222051072E-01     0.000000000E+00
     8198     4.034230039E+00    -1.175165201E-01     0.000000000E+00
     8199     3.933572595E+00    -1.156667583E-01     3.124997196E-02
     8200     3.965533181E+00     1.621491482E-03     0.000000000E+00
     8201     3.796307356E+00     1.145298950E-01     3.124996851E-02
     8202     3.896900566E+00     1.167178576E-01     0.000000000E+00
     8203     3.832890378E+00    -1.142250935E-01     0.000000000E+00
     8204     3.732207717E+00    -1.127872973E-01     3.124996845E-02
     8205     3.764257763E+00     8.712725902E-04     0.000000000E+00
     8206     3.594595030E+00     1.119032210E-01     3.124996755E-02
     8207     3.695451397E+00     1.132148412E-01     0.000000000E+00
     8208     3.631194309E+00    -1.118982511E-01     0.000000000E+00
     8209     3.530180561E+00    -1.110114747E-01     3.124996740E-02
     8210     3.562387943E+00     4.453175401E-04     0.000000000E+00
     8211     3.392279122E+00     1.108419533E-01     3.124996721E-02
     8212     3.493437199E+00     1.113712037E-01     0.000000000E+00
     8213     3.428836772E+00    -1.107217790E-01     0.000000000E+00
     8214     3.327492795E+00    -1.104328451E-01     3.124996705E-02
     8215     3.359886027E+00     2.041071880E-04     0.000000000E+00
     8216     3.189475475E+00     1.113541899E-01     3.124996706E-02
     8217     3.290877343E+00     1.110975300E-01     0.000000000E+00
     8218     3.225918830E+00    -1.107125356E-01     0.000000000E+00
     8219     3.124344823E+00    -1.109931377E-01     3.124996687E-02
     8220     3.156910146E+00     1.808872208E-04     0.000000000E+00
     8221     2.986388916E+00     1.136431170E-01     3.124996685E-02
     8222     3.087932163E+00     1.124985752E-01     0.000000000E+00
     8223     3.022572245E+00    -1.117087975E-01     0.000000000E+00
     8224     2.920799819E+00    -1.124269878E-01     3.124996653E-02
     8225     2.953594262E+00     6.088905087E-04     0.000000000E+00
     8226     2.783339356E+00     1.181971982E-01     3.124996630E-02
     8227     2.884863986E+00     1.159194678E-01     0.000000000E+00
     8228     2.818697886E+00    -1.133238716E-01     0.000000000E+00
     8229     2.716596363E+00    -1.142243947E-01     3.124996564E-02
     8230     2.749967610E+00     1.986705636E-03     0.000000000E+00
     8231     2.580680110E+00     1.262751578E-01     3.124996484E-02
     8232     2.682009448E+00     1.222342972E-01     0.000000000E+00
     8233     2.613913217E+00    -1.145144471E-01     0.000000000E+00
     8234     2.511230676E+00    -1.148074353E-01     3.124996299E-02
     8235     2.545955055E+00     5.733144397E-03     0.000000000E+00
     8236     2.378326440E+00     1.407831690E-01     3.124996089E-02
     8237     2.479502951E+00     1.335265326E-01     0.000000000E+00
     8238     2.405602775E+00    -1.127348915E-01     0.000000000E+00
     8239     2.299975371E+00    -1.106630236E-01     3.124995488E-02
     8240     2.339150671E+00     1.505849673E-02     0.000000000E+00
     8241     2.176822475E+00     1.681120485E-01     3.124994965E-02
     8242     2.277574312E+00     1.544453057E-01     0.000000000E+00
     8243     2.183181995E+00    -1.014642120E-01     0.000000000E+00
     8244     2.121605637E+00     3.792259691E-02     0.000000000E+00
     8245     1.996159235E+00     2.243630866E-01     3.124992361E-02
     8246     2.086491078E+00     1.962370385E-01     0.000000000E+00
     8247     1.968576040E+00     1.453894417E-01     0.000000000E+00
     8248     1.812564221E+00     2.511493540E-01     3.124990899E-02
     8249     1.904362427E+00     2.377581179E-01     0.000000000E+00
     8250     1.794995317E+00     1.498178564E-01     0.000000000E+00
     8251     1.613285124E+00     2.847414418E-01     3.124988117E-02
     8252     1.712925829E+00     2.679490829E-01     0.000000000E+00
     8253     1.574212301E+00     1.698975519E-01     0.000000000E+00
     8254     1.429537756E+00     3.481372199E-01     3.124982691E-02
     8255     1.521412736E+00     3.164436726E-01     0.000000000E+00
     8256     1.409080521E+00     2.754885486E-01     0.000000000E+00
     8257     1.235714125E+00     3.770239771E-01     3.124981346E-02
     8258     1.332626877E+00     3.625839043E-01     0.000000000E+00
     8259     1.223784913E+00     2.762090787E-01     0.000000000E+00
     8260     1.010243495E+00     4.212543779E-01     3.124977346E-02
     8261     1.122978738E+00     3.991400003E-01     0.000000000E+00
     8262     9.566039956E-01     3.007023394E-01     0.000000000E+00
     8263     7.973717615E-01     5.085724167E-01     3.124970202E-02
     8264     9.038049548E-01     4.649112166E-01     0.000000000E+00
     8265     7.291451516E-01     4.275101030E-01     0.000000000E+00
     8266     6.142679113E-01     6.030549334E-01     3.124952402E-02
     8267     7.058096657E-01     5.558093473E-01     0.000000000E+00
     8268     5.777624208E-01     4.077423025E-01     0.000000000E+00
     8269     4.946287338E-01     4.690359879E-01     3.124908901E-02
     8270     5.544269349E-01     5.360415468E-01     0.000000000E+00
     8271     4.516134965E-01     6.942205666E-01     3.124949619E-02
     8272     5.329086378E-01     6.486342199E-01     0.000000000E+00
     8273     4.213494725E-01     5.212159522E-01     0.000000000E+00
     8274     3.481819785E-01     5.733994989E-01     3.124905929E-02
     8275     3.998311754E-01     6.338086254E-01     0.000000000E+00
     8276     3.099781942E-01     7.785384388E-01     3.124915804E-02
     8277     3.806637906E-01     7.363834204E-01     0.000000000E+00
     8278     2.906854135E-01     6.229722638E-01     0.000000000E+00
     8279     2.336077959E-01     6.725390847E-01     3.124854972E-02
     8280     2.715180288E-01     7.255470589E-01     0.000000000E+00
     8281     1.843594191E-01     8.342180851E-01     3.124863412E-02
     8282     2.464553738E-01     8.064535181E-01     0.000000000E+00
     8283     1.967202489E-01     7.084499302E-01     0.000000000E+00
     8284     1.611840060E-01     7.443183986E-01     3.124763895E-02
     8285     1.716575939E-01     7.893563894E-01     0.000000000E+00
     8286     5.478991817E-02     8.408721766E-01     3.124856455E-02
     8287     1.177977199E-01     8.376194482E-01     0.000000000E+00
     8288     1.140561445E-01     7.335651937E-01     0.000000000E+00
     8289     6.941686826E-02     7.228171730E-01     3.124776087E-02
     8290     6.019627040E-02     7.818282525E-01     0.000000000E+00
     8291     1.740669458E-01     6.375002437E-01     0.000000000E+00
     8292     1.153277190E-01     6.024524169E-01     3.124900246E-02
     8293     9.140284135E-02     6.626155073E-01     0.000000000E+00
     8294     5.114506140E-02     6.059271372E-01     0.000000000E+00
     8295    -1.181238851E-02     6.095431038E-01     3.124873094E-02
     8296    -2.953496248E-02     6.565884500E-01     0.000000000E+00
     8297    -4.467872677E-02     7.041326318E-01     3.124717840E-02
     8298     1.072281748E-02     7.132768201E-01     0.000000000E+00
     8299    -8.038647493E-02     8.252049141E-01     3.124768120E-02
     8300    -1.552819793E-02     8.327507045E-01     0.000000000E+00
     8301    -6.500165085E-02     7.641992721E-01     0.000000000E+00
     8302    -2.144959007E-01     7.825970607E-01     3.124709726E-02
     8303    -1.509091502E-01     8.029000505E-01     0.000000000E+00
     8304    -1.029638683E-01     6.800135545E-01     0.000000000E+00
     8305    -1.572278736E-01     6.570854815E-01     3.124565461E-02
     8306    -1.888713676E-01     7.187143330E-01     0.000000000E+00
     8307    -3.415203040E-01     7.110976672E-01     3.124748562E-02
     8308    -2.820366685E-01     7.449864290E-01     0.000000000E+00
     8309    -2.090498419E-01     6.134320269E-01     0.000000000E+00
     8310    -2.561742139E-01     5.720721372E-01     3.124578949E-02
     8311    -3.022151428E-01     6.397041229E-01     0.000000000E+00
     8312    -4.590921758E-01     6.152377855E-01     3.124841410E-02
     8313    -4.045335880E-01     6.604247715E-01     0.000000000E+00
     8314    -3.033898494E-01     5.195093412E-01     0.000000000E+00
     8315    -3.455588274E-01     4.703837998E-01     3.124712822E-02
     8316    -4.057082946E-01     5.402299898E-01     0.000000000E+00
     8317    -5.633907069E-01     4.991052516E-01     3.124886622E-02
     8318    -5.148820547E-01     5.539584473E-01     0.000000000E+00
     8319    -3.878571987E-01     4.113554825E-01     0.000000000E+00
     8320    -4.257939441E-01     3.562284288E-01     3.124781904E-02
     8321    -4.970309587E-01     4.250839400E-01     0.000000000E+00
     8322    -6.534125720E-01     3.650448142E-01     3.124831854E-02
     8323    -6.108388343E-01     4.291308508E-01     0.000000000E+00
     8324    -4.623155751E-01     2.876841040E-01     0.000000000E+00
     8325    -4.959286234E-01     2.224765333E-01     3.124679162E-02
     8326    -5.761234507E-01     2.917310148E-01     0.000000000E+00
     8327    -7.295475225E-01     2.175890014E-01     3.124763586E-02
     8328    -6.929354007E-01     2.890027175E-01     0.000000000E+00
     8329    -5.246230601E-01     1.334435490E-01     0.000000000E+00
     8330    -6.414350101E-01     1.307152517E-01     0.000000000E+00
     8331    -8.089133054E-01     8.689891565E-02     3.124630478E-02
     8332    -7.700909193E-01     1.510250447E-01     0.000000000E+00
     8333    -7.544159526E-01     1.800093069E-02     0.000000000E+00
     8334    -8.752323052E-01    -1.204468461E-02     3.124690282E-02
     8335    -8.425920167E-01     3.735580160E-02     0.000000000E+00
     8336    -7.613090614E-01    -9.066291508E-02     0.000000000E+00
     8337    -8.226416998E-01    -1.323721476E-01     3.124606974E-02
     8338    -8.494851254E-01    -7.130804417E-02     0.000000000E+00
     8339    -7.566106851E-01    -2.829599288E-01     3.124652068E-02
     8340    -7.906069985E-01    -2.054731280E-01     0.000000000E+00
     8341    -6.882747088E-01    -2.427427745E-01     0.000000000E+00
     8342    -6.776435566E-01    -4.282921948E-01     3.124534591E-02
     8343    -7.189734607E-01    -3.523057167E-01     0.000000000E+00
     8344    -6.123121370E-01    -3.848768489E-01     0.000000000E+00
     8345    -5.866784171E-01    -5.572774441E-01     3.124324099E-02
     8346    -6.352095953E-01    -4.889445810E-01     0.000000000E+00
     8347    -5.322156969E-01    -5.108981781E-01     0.000000000E+00
     8348    -4.852061983E-01    -6.609978178E-01     3.124271874E-02
     8349    -5.403123398E-01    -6.052498349E-01     0.000000000E+00
     8350    -4.554295058E-01    -6.109295202E-01     0.000000000E+00
     8351    -3.549724575E-01    -7.282929573E-01     3.124457189E-02
     8352    -4.250675520E-01    -6.914227503E-01     0.000000000E+00
     8353    -3.251167511E-01    -6.488951919E-01     0.000000000E+00
     8354    -2.198110717E-01    -7.953051527E-01     3.124622032E-02
     8355    -2.918960207E-01    -7.597852077E-01     0.000000000E+00
     8356    -2.296278936E-01    -6.207403487E-01     0.000000000E+00
     8357    -1.664180700E-01    -6.703503752E-01     3.124420721E-02
     8358    -1.964071631E-01    -7.316303646E-01     0.000000000E+00
     8359    -8.653975508E-02    -8.378422123E-01     3.124722795E-02
     8360    -1.568149154E-01    -8.156000242E-01     0.000000000E+00
     8361    -1.122942412E-01    -6.966285762E-01     0.000000000E+00
     8362    -5.364236160E-02    -7.242924814E-01     3.124548316E-02
     8363    -7.270199347E-02    -7.805982358E-01     0.000000000E+00
     8364     3.784831388E-02    -8.538017605E-01     3.124571609E-02
     8365    -2.707775867E-02    -8.455411802E-01     0.000000000E+00
     8366    -1.365033026E-02    -7.436190081E-01     0.000000000E+00
     8367     3.017033765E-02    -7.634953569E-01     3.124490639E-02
     8368     3.197390455E-02    -8.085619525E-01     0.000000000E+00
     8369    -3.369697488E-01    -1.192714733E-01     3.124653877E-02
     8370    -3.081913929E-01    -1.765249889E-01     0.000000000E+00
     8371    -4.076415749E-01    -1.324316984E-01     0.000000000E+00
     8372    -3.654825068E-01     1.180786607E-02     3.124792327E-02
     8373    -3.515207942E-01    -5.360210311E-02     0.000000000E+00
     8374    -4.590028030E-01     2.873228851E-02     0.000000000E+00
     8375    -3.447070996E-01     1.397708241E-01     3.124856825E-02
     8376    -3.554739949E-01     7.541873091E-02     0.000000000E+00
     8377    -4.210942520E-01     1.801299914E-01     0.000000000E+00
     8378    -2.932656909E-01     2.505094534E-01     3.124891880E-02
     8379    -3.196166630E-01     1.944285162E-01     0.000000000E+00
     8380    -3.608379861E-01     3.019826288E-01     0.000000000E+00
     8381    -2.306251830E-01     3.488369330E-01     3.124846027E-02
     8382    -2.629632959E-01     2.987591403E-01     0.000000000E+00
     8383    -2.899825085E-01     4.081319940E-01     0.000000000E+00
     8384    -1.683135231E-01     4.502386862E-01     3.124840535E-02
     8385    -2.005668205E-01     3.987352039E-01     0.000000000E+00
     8386    -2.139741614E-01     5.101125511E-01     0.000000000E+00
     8387    -1.069776905E-01     5.648137556E-01     3.124817132E-02
     8388    -1.385272321E-01     5.070883740E-01     0.000000000E+00
     8389    -1.336029126E-01     6.104078499E-01     0.000000000E+00
     8390    -6.017400679E-02     5.869827453E-01     0.000000000E+00
     8391     2.164052792E-01     4.636140667E-01     3.124954152E-02
     8392     1.656047163E-01     5.330340329E-01     0.000000000E+00
     8393     2.822231841E-01     5.185060530E-01     0.000000000E+00
     8394     3.638956651E-01     3.540252716E-01     3.124934637E-02
     8395     2.901121740E-01     4.088181368E-01     0.000000000E+00
     8396     4.292384625E-01     4.115280360E-01     0.000000000E+00
     8397     4.248687199E-01     2.906743555E-01     0.000000000E+00
     8398     4.139758456E-01    -4.518048993E-01     3.124975189E-02
     8399     4.747727891E-01    -3.914571306E-01     0.000000000E+00
     8400     6.522164631E-01    -5.422184264E-01     0.000000000E+00
     8401     5.696404687E-01    -5.907188307E-01     3.124983055E-02
     8402     4.917950762E-01    -5.212590413E-01     0.000000000E+00
     8403     3.049686603E-01    -5.552708231E-01     3.124901118E-02
     8404     3.593931181E-01    -5.035432026E-01     0.000000000E+00
     8405     4.966654656E-01    -6.366952875E-01     0.000000000E+00
     8406     4.238096570E-01    -6.826671573E-01     3.124943714E-02
     8407     3.642635075E-01    -6.189794488E-01     0.000000000E+00
     8408     2.044315728E-01    -6.483765469E-01     3.124832337E-02
     8409     2.544041235E-01    -6.018532769E-01     0.000000000E+00
     8410     3.561833243E-01    -7.238385547E-01     0.000000000E+00
     8411     2.891145885E-01    -7.649492867E-01     3.124876462E-02
     8412     2.463239403E-01    -7.067123829E-01     0.000000000E+00
     8413     1.041648994E-01    -7.132288355E-01     3.124714030E-02
     8414     1.535606783E-01    -6.808423838E-01     0.000000000E+00
     8415     2.231904035E-01    -7.939613222E-01     0.000000000E+00
     8416     1.591747417E-01    -8.227397214E-01     3.124733273E-02
     8417     1.304271414E-01    -7.680913231E-01     0.000000000E+00
     8418    -1.406259487E-01    -5.315641721E-01     0.000000000E+00
     8419    -1.036969016E-01    -5.784737417E-01     3.124734681E-02
     8420    -1.367837775E-01    -6.237533283E-01     0.000000000E+00
     8421     6.576209856E-02    -7.383100824E-01     0.000000000E+00
     8422     9.663894743E-02    -8.383431932E-01     0.000000000E+00
     8423    -2.154891513E-02    -6.754314604E-01     0.000000000E+00
     8424     1.336293620E-02    -6.270830357E-01     3.124803707E-02
     8425     5.786351368E-02    -6.701225347E-01     0.000000000E+00
     8426     6.662436384E-02    -5.953562998E-01     0.000000000E+00
     8427     1.209313203E-01    -5.636560522E-01     3.124917684E-02
     8428     1.623215284E-01    -6.060761490E-01     0.000000000E+00
     8429     2.597664553E-01     2.519269714E-01     3.124969777E-02
     8430     2.102939601E-01     2.918772661E-01     0.000000000E+00
     8431     1.608583649E-01     3.318364950E-01     3.124966637E-02
     8432     1.885892986E-01     3.977215354E-01     0.000000000E+00
     8433     3.118168355E-01     3.029738675E-01     0.000000000E+00
     8434     3.373864533E-01     1.475863524E-01     3.124980543E-02
     8435     2.985714617E-01     1.997547473E-01     0.000000000E+00
     8436     4.116233461E-01     1.874552353E-01     0.000000000E+00
     8437     3.828331589E-01     2.089617023E-02     3.124985345E-02
     8438     3.601085078E-01     8.424037884E-02     0.000000000E+00
     8439     4.918654387E-01     4.084798097E-02     0.000000000E+00
     8440     3.804485773E-01    -1.148110030E-01     3.124990323E-02
     8441     3.816407663E-01    -4.695674297E-02     0.000000000E+00
     8442     5.317481941E-01    -1.410211756E-01     0.000000000E+00
     8443     3.270710720E-01    -2.375880516E-01     3.124992533E-02
     8444     3.537594651E-01    -1.761986088E-01     0.000000000E+00
     8445     4.313260644E-01    -2.843495590E-01     0.000000000E+00
     8446     2.527945810E-01    -3.412578497E-01     3.124983520E-02
     8447     2.899279586E-01    -2.894222129E-01     0.000000000E+00
     8448     3.333746833E-01    -3.965297845E-01     0.000000000E+00
     8449     1.784988285E-01    -4.443984098E-01     3.124965127E-02
     8450     2.156157866E-01    -3.928285647E-01     0.000000000E+00
     8451     2.416342214E-01    -4.998419828E-01     0.000000000E+00
     8452     1.495516264E-01    -5.040648549E-01     0.000000000E+00
     8453    -4.603845146E-02    -6.025562124E-01     0.000000000E+00
     8454     6.145160050E+00    -3.824348332E-01     3.125014839E-02
     8455     6.103675424E+00    -4.816644206E-01     0.000000000E+00
     8456     6.062220303E+00    -5.809092762E-01     3.125007971E-02
     8457     5.970822696E+00    -5.485566631E-01     0.000000000E+00
     8458     6.043661331E+00    -3.605186159E-01     0.000000000E+00
     8459     6.144026798E+00    -2.054657011E-01     3.125019864E-02
     8460     6.144582119E+00    -2.939456661E-01     0.000000000E+00
     8461     6.063910040E+00    -1.885870944E-01     0.000000000E+00
     8462     6.159130389E+00    -7.481944609E-02     3.125018340E-02
     8463     6.151573814E+00    -1.401417464E-01     0.000000000E+00
     8464     6.092684454E+00    -5.133854115E-02     0.000000000E+00
     8465     6.180499209E+00     3.680948837E-02     3.125014350E-02
     8466     6.169810389E+00    -1.900539693E-02     0.000000000E+00
     8467     6.128436747E+00     6.593116185E-02     0.000000000E+00
     8468     6.193987706E+00     8.437113912E-02     0.000000000E+00
     8469     6.145127521E+00     3.420643593E-01     0.000000000E+00
     8470     6.177670845E+00     4.475239205E-01     0.000000000E+00
     8471     6.338646749E+00     4.882122452E-01     3.124998248E-02
     8472     6.277749661E+00     4.385917295E-01     0.000000000E+00
     8473     6.308477137E+00     5.400599438E-01     0.000000000E+00
     8474     6.449594302E+00     5.484739057E-01     3.124995895E-02
     8475     6.393870142E+00     5.182477875E-01     0.000000000E+00
     8476     6.428689229E+00     6.015210157E-01     0.000000000E+00
     8477     6.571215258E+00     5.924598830E-01     3.124993697E-02
     8478     6.509923972E+00     5.703387543E-01     0.000000000E+00
     8479     6.553665394E+00     6.451274484E-01     0.000000000E+00
     8480     6.725576239E+00     6.358654742E-01     3.124996581E-02
     8481     6.647769680E+00     6.141619187E-01     0.000000000E+00
     8482     6.683574190E+00     6.789131841E-01     0.000000000E+00
     8483     6.817334971E+00     7.887453867E-01     3.124996157E-02
     8484     6.770305051E+00     7.125151351E-01     0.000000000E+00
     8485     6.743144236E+00     8.090801346E-01     0.000000000E+00
     8486     6.886802362E+00     6.001774846E-01     3.124998949E-02
     8487     6.805455528E+00     6.182169120E-01     0.000000000E+00
     8488     6.895871867E+00     7.637808683E-01     0.000000000E+00
     8489     6.977618061E+00     7.377889223E-01     3.124998152E-02
     8490     6.931022343E+00     6.694826453E-01     0.000000000E+00
     8491     7.019894817E+00     5.377231039E-01     3.124998389E-02
     8492     6.952635315E+00     5.693262419E-01     0.000000000E+00
     8493     7.049963836E+00     6.997550679E-01     0.000000000E+00
     8494     7.125455302E+00     6.599851604E-01     3.124996395E-02
     8495     7.071576808E+00     5.995986645E-01     0.000000000E+00
     8496     7.136104045E+00     4.492223750E-01     3.124998476E-02
     8497     7.077453841E+00     4.939026719E-01     0.000000000E+00
     8498     7.190402421E+00     6.081427270E-01     0.000000000E+00
     8499     7.257740114E+00     5.543682829E-01     3.124996760E-02
     8500     7.196279455E+00     5.024467343E-01     0.000000000E+00
     8501     7.243463909E+00     3.252993726E-01     3.124998448E-02
     8502     7.189417635E+00     3.876949501E-01     0.000000000E+00
     8503     7.313903427E+00     4.899320394E-01     0.000000000E+00
     8504     7.371624685E+00     4.235822732E-01     3.124997192E-02
     8505     7.307041608E+00     3.751802552E-01     0.000000000E+00
     8506     7.347181410E+00     1.485357755E-01     3.124997512E-02
     8507     7.295032609E+00     2.373326889E-01     0.000000000E+00
     8508     7.418945078E+00     3.515157136E-01     0.000000000E+00
     8509     7.467486984E+00     2.772745741E-01     3.124995641E-02
     8510     7.406936079E+00     2.136681474E-01     0.000000000E+00
     8511     7.512866090E+00     4.594313301E-02     3.124995481E-02
     8512     7.429767968E+00     9.762143959E-02     0.000000000E+00
     8513     7.509250149E+00     2.232700579E-01     0.000000000E+00
     8514     7.551931994E+00     1.669626380E-01     3.124994914E-02
     8515     7.532082039E+00     1.072233501E-01     0.000000000E+00
     8516     7.332666331E+00    -4.294574289E-02     3.124998522E-02
     8517     7.339743745E+00     5.290771614E-02     0.000000000E+00
     8518     7.498738826E+00    -3.404978364E-02     0.000000000E+00
     8519     7.485011566E+00    -1.139978463E-01     3.124997223E-02
     8520     7.408714603E+00    -7.876350709E-02     0.000000000E+00
     8521     7.293065512E+00    -2.004570944E-01     3.124998954E-02
     8522     7.312752355E+00    -1.219004032E-01     0.000000000E+00
     8523     7.460125483E+00    -1.958866893E-01     0.000000000E+00
     8524     7.435623470E+00    -2.767714687E-01     3.124997751E-02
     8525     7.364163236E+00    -2.390235854E-01     0.000000000E+00
     8526     7.223847265E+00    -3.431981563E-01     3.124998697E-02
     8527     7.258269997E+00    -2.721302531E-01     0.000000000E+00
     8528     7.396540886E+00    -3.542494556E-01     0.000000000E+00
     8529     7.358217466E+00    -4.303926145E-01     3.124997176E-02
     8530     7.290647647E+00    -3.873561233E-01     0.000000000E+00
     8531     7.122843649E+00    -4.733388908E-01     3.124998424E-02
     8532     7.172957721E+00    -4.086928278E-01     0.000000000E+00
     8533     7.305198456E+00    -5.010059905E-01     0.000000000E+00
     8534     7.253803159E+00    -5.697237944E-01     3.124996894E-02
     8535     7.187508529E+00    -5.223426950E-01     0.000000000E+00
     8536     6.968676843E+00    -6.092296148E-01     3.124998032E-02
     8537     7.045191265E+00    -5.416975944E-01     0.000000000E+00
     8538     7.192176649E+00    -6.321821503E-01     0.000000000E+00
     8539     7.132728044E+00    -6.927366052E-01     3.124996502E-02
     8540     7.049859385E+00    -6.515370497E-01     0.000000000E+00
     8541     6.912461449E+00    -7.898087168E-01     3.124996781E-02
     8542     6.939772158E+00    -6.998391357E-01     0.000000000E+00
     8543     7.088805538E+00    -7.466254930E-01     0.000000000E+00
     8544     7.047034357E+00    -7.992001742E-01     3.124996807E-02
     8545     6.978718312E+00    -7.949275790E-01     0.000000000E+00
     8546     6.763664678E+00    -6.354738320E-01     3.124998794E-02
     8547     6.865643073E+00    -6.225334866E-01     0.000000000E+00
     8548     6.825378648E+00    -7.940012476E-01     0.000000000E+00
     8549     6.740177742E+00    -7.978448947E-01     3.124997616E-02
     8550     6.751249562E+00    -7.166955985E-01     0.000000000E+00
     8551     6.589601957E+00    -6.237913520E-01     3.124999140E-02
     8552     6.676196573E+00    -6.296124566E-01     0.000000000E+00
     8553     6.650710050E+00    -7.899140586E-01     0.000000000E+00
     8554     6.563050406E+00    -7.820963817E-01     3.124998117E-02
     8555     6.575657060E+00    -7.028309167E-01     0.000000000E+00
     8556     6.433677333E+00    -5.781802574E-01     3.124999485E-02
     8557     6.511273264E+00    -6.008916933E-01     0.000000000E+00
     8558     6.477055580E+00    -7.590119378E-01     0.000000000E+00
     8559     6.392604092E+00    -7.363122745E-01     3.124998625E-02
     8560     6.412671784E+00    -6.570727144E-01     0.000000000E+00
     8561     6.289436959E+00    -5.012487423E-01     3.125002502E-02
     8562     6.361371444E+00    -5.396435595E-01     0.000000000E+00
     8563     6.310674224E+00    -7.003465488E-01     0.000000000E+00
     8564     6.229469866E+00    -6.646493876E-01     3.125001185E-02
     8565     6.259373884E+00    -5.829173939E-01     0.000000000E+00
     8566     5.419801185E-01     8.256210744E-01     3.124996725E-02
     8567     4.967706555E-01     7.599154856E-01     0.000000000E+00
     8568     3.414774762E-01     8.446529639E-01     0.000000000E+00
     8569     2.070199533E-01     9.622342108E-01     3.124994522E-02
     8570     1.943299496E-01     8.984580516E-01     0.000000000E+00
     8571     4.235731764E-02     9.833401218E-01     3.124987445E-02
     8572     4.570503489E-02     9.121803744E-01     0.000000000E+00
     8573    -1.200572711E-01     9.769023437E-01     3.124982730E-02
     8574    -1.040387847E-01     9.004788865E-01     0.000000000E+00
     8575    -2.792055424E-01     9.438200054E-01     3.124971849E-02
     8576    -2.516121172E-01     8.616464191E-01     0.000000000E+00
     8577    -4.340922972E-01     8.833548636E-01     3.124969592E-02
     8578    -3.931420103E-01     7.944791120E-01     0.000000000E+00
     8579    -5.797748986E-01     7.953697282E-01     3.125004756E-02
     8580    -5.247163040E-01     7.013791261E-01     0.000000000E+00
     8581    -7.138367957E-01     6.776348328E-01     3.125038512E-02
     8582    -6.424539892E-01     5.843001988E-01     0.000000000E+00
     8583    -8.286244716E-01     5.311623316E-01     3.125018881E-02
     8584    -7.432170567E-01     4.447522360E-01     0.000000000E+00
     8585    -9.131717056E-01     3.672456585E-01     3.125012522E-02
     8586    -8.225800421E-01     2.897507949E-01     0.000000000E+00
     8587    -9.658788096E-01     1.892883056E-01     3.124997562E-02
     8588    -8.877887578E-01     1.374434709E-01     0.000000000E+00
     8589    -9.842519685E-01    -7.177232578E-10     3.124996740E-02
     8590    -9.299514004E-01    -5.866759212E-03     0.000000000E+00
     8591    -9.662923730E-01    -1.871656685E-01     3.125003298E-02
     8592    -8.950125481E-01    -1.579508393E-01     0.000000000E+00
     8593    -9.128858277E-01    -3.679557080E-01     3.125019912E-02
     8594    -8.362048323E-01    -3.219755806E-01     0.000000000E+00
     8595    -8.290409852E-01    -5.305120002E-01     3.125030398E-02
     8596    -7.561842390E-01    -4.749532358E-01     0.000000000E+00
     8597    -7.178542841E-01    -6.733774308E-01     3.125046487E-02
     8598    -6.566271947E-01    -6.106563129E-01     0.000000000E+00
     8599    -5.799463036E-01    -7.952447563E-01     3.125013430E-02
     8600    -5.387818666E-01    -7.234916865E-01     0.000000000E+00
     8601    -4.285162075E-01    -8.860732461E-01     3.124942164E-02
     8602    -3.978190985E-01    -8.041100821E-01     0.000000000E+00
     8603    -2.715461439E-01    -9.460521282E-01     3.124959873E-02
     8604    -2.506739480E-01    -8.691128460E-01     0.000000000E+00
     8605    -1.104609829E-01    -9.780338996E-01     3.124980407E-02
     8606    -1.022802003E-01    -9.074228211E-01     0.000000000E+00
     8607     4.994463642E-02    -9.829839626E-01     3.124991510E-02
     8608     4.127719013E-02    -9.184474428E-01     0.000000000E+00
     8609     2.099951264E-01    -9.615893013E-01     3.124993105E-02
     8610     1.828162254E-01    -8.924811543E-01     0.000000000E+00
     8611     3.309274809E-01    -8.378796231E-01     0.000000000E+00
     8612     5.415965877E-01    -8.257988470E-01     3.124996725E-02
     8613     4.826484237E-01    -7.542328589E-01     0.000000000E+00
     8614     7.202839545E-01    -7.492830879E-01     3.124996706E-02
     8615     6.449523965E-01    -6.699916872E-01     0.000000000E+00
     8616     9.058307917E-01    -6.810848205E-01     3.124996720E-02
     8617     8.203166206E-01    -5.873977393E-01     0.000000000E+00
     8618     1.096847716E+00    -6.204134883E-01     3.124996740E-02
     8619     1.014475834E+00    -5.108860769E-01     0.000000000E+00
     8620     1.288961353E+00    -5.674797898E-01     3.124996725E-02
     8621     1.226278368E+00    -4.511397026E-01     0.000000000E+00
     8622     1.480283682E+00    -5.216615040E-01     3.124996699E-02
     8623     1.433809260E+00    -4.003596877E-01     0.000000000E+00
     8624     1.672908602E+00    -4.816421041E-01     3.124996696E-02
     8625     1.640080160E+00    -3.523995269E-01     0.000000000E+00
     8626     1.866559216E+00    -4.469582018E-01     3.124996717E-02
     8627     1.848262272E+00    -3.124693783E-01     0.000000000E+00
     8628     2.061039748E+00    -4.172407509E-01     3.124996737E-02
     8629     2.063714533E+00    -2.547546762E-01     0.000000000E+00
     8630     2.256171585E+00    -3.922017529E-01     3.124996737E-02
     8631     2.278073148E+00    -2.514303205E-01     0.000000000E+00
     8632     2.451828719E+00    -3.716116760E-01     3.124996723E-02
     8633     2.481529066E+00    -2.432038928E-01     0.000000000E+00
     8634     2.651532569E+00    -3.550306207E-01     3.124996718E-02
     8635     2.684063920E+00    -2.346206308E-01     0.000000000E+00
     8636     2.855831384E+00    -3.425239994E-01     3.124996727E-02
     8637     2.888315338E+00    -2.274703393E-01     0.000000000E+00
     8638     3.059315979E+00    -3.344175869E-01     3.124996738E-02
     8639     3.091830375E+00    -2.227036424E-01     0.000000000E+00
     8640     3.262765052E+00    -3.305711268E-01     3.124996740E-02
     8641     3.295128974E+00    -2.205018117E-01     0.000000000E+00
     8642     3.466035905E+00    -3.309425435E-01     3.124996735E-02
     8643     3.498108352E+00    -2.209741628E-01     0.000000000E+00
     8644     3.668529660E+00    -3.355046553E-01     3.124996723E-02
     8645     3.700368988E+00    -2.241400083E-01     0.000000000E+00
     8646     3.869618519E+00    -3.442200153E-01     3.124996718E-02
     8647     3.901596016E+00    -2.299364029E-01     0.000000000E+00
     8648     4.069238624E+00    -3.570816933E-01     3.124996729E-02
     8649     4.102063283E+00    -2.382208741E-01     0.000000000E+00
     8650     4.267108367E+00    -3.740980719E-01     3.124996740E-02
     8651     4.302389664E+00    -2.486889638E-01     0.000000000E+00
     8652     4.463022871E+00    -3.953063981E-01     3.124996733E-02
     8653     4.504174022E+00    -2.606823094E-01     0.000000000E+00
     8654     4.658080975E+00    -4.209609573E-01     3.124996711E-02
     8655     4.711899586E+00    -2.727540638E-01     0.000000000E+00
     8656     4.852455387E+00    -4.513273963E-01     3.124996696E-02
     8657     4.936511615E+00    -2.808194879E-01     0.000000000E+00
     8658     5.045986252E+00    -4.867067110E-01     3.124996706E-02
     8659     5.110256922E+00    -3.756013248E-01     0.000000000E+00
     8660     5.238447719E+00    -5.274755399E-01     3.124996731E-02
     8661     5.289013090E+00    -4.330965036E-01     0.000000000E+00
     8662     5.430589996E+00    -5.743826456E-01     3.124996739E-02
     8663     5.472584362E+00    -4.857908216E-01     0.000000000E+00
     8664     5.626138438E+00    -6.293980142E-01     3.124996719E-02
     8665     5.661208137E+00    -5.425936252E-01     0.000000000E+00
     8666     5.815071045E+00    -6.907398851E-01     3.124996709E-02
     8667     5.847256799E+00    -6.034687044E-01     0.000000000E+00
     8668     5.995501661E+00    -7.584263248E-01     3.124996727E-02
     8669     6.028856392E+00    -6.696600477E-01     0.000000000E+00
     8670     6.145794590E+00    -6.227583915E-01     0.000000000E+00
     8671     6.201959870E+00    -7.506492891E-01     0.000000000E+00
     8672     6.346227560E+00    -9.211736404E-01     3.124997339E-02
     8673     6.368573795E+00    -8.284284032E-01     0.000000000E+00
     8674     6.534047241E+00    -9.713462234E-01     3.124996952E-02
     8675     6.547353209E+00    -8.765240781E-01     0.000000000E+00
     8676     6.722189080E+00    -9.838164825E-01     3.124996593E-02
     8677     6.730024826E+00    -8.908698768E-01     0.000000000E+00
     8678     6.908948406E+00    -9.602503881E-01     3.124996673E-02
     8679     6.909596241E+00    -8.753241033E-01     0.000000000E+00
     8680     7.091328583E+00    -9.000095934E-01     3.124997094E-02
     8681     7.068055938E+00    -8.501311910E-01     0.000000000E+00
     8682     7.259301689E+00    -8.049572827E-01     3.124998385E-02
     8683     7.194688891E+00    -7.497912776E-01     0.000000000E+00
     8684     7.402952859E+00    -6.816127078E-01     3.124995796E-02
     8685     7.326902964E+00    -6.271885753E-01     0.000000000E+00
     8686     7.520401177E+00    -5.329314146E-01     3.124995547E-02
     8687     7.438644572E+00    -4.826764440E-01     0.000000000E+00
     8688     7.606554441E+00    -3.660764398E-01     3.124996528E-02
     8689     7.520783556E+00    -3.221665723E-01     0.000000000E+00
     8690     7.660439362E+00    -1.806804420E-01     3.124996503E-02
     8691     7.572575778E+00    -1.479768191E-01     0.000000000E+00
     8692     7.677165354E+00    -3.614993933E-08     3.124996740E-02
     8693     7.594887264E+00     2.316934943E-02     0.000000000E+00
     8694     7.659805413E+00     1.840427836E-01     3.124993772E-02
     8695     7.605505763E+00     1.769868990E-01     0.000000000E+00
     8696     7.605492073E+00     3.687167981E-01     3.124996535E-02
     8697     7.535711559E+00     3.248248022E-01     0.000000000E+00
     8698     7.516960158E+00     5.382368013E-01     3.124997512E-02
     8699     7.443419475E+00     4.822322841E-01     0.000000000E+00
     8700     7.399687245E+00     6.849982844E-01     3.124995252E-02
     8701     7.327569085E+00     6.208580602E-01     0.000000000E+00
     8702     7.254785878E+00     8.081158582E-01     3.124994017E-02
     8703     7.188095068E+00     7.354477941E-01     0.000000000E+00
     8704     7.089437242E+00     9.008444753E-01     3.124998153E-02
     8705     7.031361502E+00     8.202586131E-01     0.000000000E+00
     8706     6.905550816E+00     9.610084604E-01     3.124998513E-02
     8707     6.859400463E+00     8.753161836E-01     0.000000000E+00
     8708     6.715262712E+00     9.839981937E-01     3.124997098E-02
     8709     6.691845461E+00     9.065658475E-01     0.000000000E+00
     8710     6.527024176E+00     9.701714837E-01     3.124996052E-02
     8711     6.524463617E+00     8.947352618E-01     0.000000000E+00
     8712     6.344226072E+00     9.204178915E-01     3.125001356E-02
     8713     6.357085948E+00     8.481105008E-01     0.000000000E+00
     8714     6.199264667E+00     7.734324376E-01     0.000000000E+00
     8715     5.997218221E+00     7.591196590E-01     3.124996727E-02
     8716     6.031496764E+00     6.944937852E-01     0.000000000E+00
     8717     5.815576973E+00     6.909163546E-01     3.124996709E-02
     8718     5.858000963E+00     6.171088551E-01     0.000000000E+00
     8719     5.624338118E+00     6.288544893E-01     3.124996718E-02
     8720     5.675639999E+00     5.345277084E-01     0.000000000E+00
     8721     5.431470945E+00     5.746132317E-01     3.124996739E-02
     8722     5.477630574E+00     4.298175583E-01     0.000000000E+00
     8723     5.240577438E+00     5.279600972E-01     3.124996732E-02
     8724     5.254538686E+00     3.939107330E-01     0.000000000E+00
     8725     5.048345197E+00     4.871715386E-01     3.124996706E-02
     8726     5.046667595E+00     3.478978588E-01     0.000000000E+00
     8727     4.855048873E+00     4.517666048E-01     3.124996696E-02
     8728     4.839674362E+00     3.120802125E-01     0.000000000E+00
     8729     4.659854070E+00     4.212157867E-01     3.124996711E-02
     8730     4.635174133E+00     2.855048408E-01     0.000000000E+00
     8731     4.458969528E+00     3.948222270E-01     3.124996733E-02
     8732     4.430787097E+00     2.650231049E-01     0.000000000E+00
     8733     4.259035081E+00     3.733185609E-01     3.124996739E-02
     8734     4.229027028E+00     2.494096257E-01     0.000000000E+00
     8735     4.059892227E+00     3.563841922E-01     3.124996728E-02
     8736     4.028693234E+00     2.376414945E-01     0.000000000E+00
     8737     3.860081159E+00     3.437113507E-01     3.124996718E-02
     8738     3.828194719E+00     2.291138934E-01     0.000000000E+00
     8739     3.658829108E+00     3.351901834E-01     3.124996723E-02
     8740     3.626712342E+00     2.235407685E-01     0.000000000E+00
     8741     3.456777174E+00     3.308341567E-01     3.124996735E-02
     8742     3.424528241E+00     2.208351565E-01     0.000000000E+00
     8743     3.254148687E+00     3.306483288E-01     3.124996740E-02
     8744     3.221812111E+00     2.210011557E-01     0.000000000E+00
     8745     3.051065892E+00     3.346629993E-01     3.124996737E-02
     8746     3.018727347E+00     2.241515713E-01     0.000000000E+00
     8747     2.848188514E+00     3.429124142E-01     3.124996727E-02
     8748     2.815763622E+00     2.305497822E-01     0.000000000E+00
     8749     2.646730871E+00     3.553781692E-01     3.124996717E-02
     8750     2.613704908E+00     2.408194865E-01     0.000000000E+00
     8751     2.448457557E+00     3.719294731E-01     3.124996723E-02
     8752     2.413391386E+00     2.563498185E-01     0.000000000E+00
     8753     2.252317738E+00     3.926519032E-01     3.124996737E-02
     8754     2.214569877E+00     2.803788884E-01     0.000000000E+00
     8755     2.057415462E+00     4.177500742E-01     3.124996737E-02
     8756     2.026787847E+00     3.210588206E-01     0.000000000E+00
     8757     1.863171690E+00     4.475200276E-01     3.124996717E-02
     8758     1.837869398E+00     3.493418903E-01     0.000000000E+00
     8759     1.669753317E+00     4.822518108E-01     3.124996696E-02
     8760     1.641521453E+00     3.835067502E-01     0.000000000E+00
     8761     1.477367935E+00     5.223125743E-01     3.124996699E-02
     8762     1.453455204E+00     4.352347750E-01     0.000000000E+00
     8763     1.286280970E+00     5.681683168E-01     3.124996726E-02
     8764     1.260999077E+00     4.726019417E-01     0.000000000E+00
     8765     1.093446326E+00     6.214196691E-01     3.124996740E-02
     8766     1.051844392E+00     5.213362337E-01     0.000000000E+00
     8767     9.037018190E-01     6.818119012E-01     3.124996720E-02
     8768     8.505326194E-01     5.951847464E-01     0.000000000E+00
     8769     7.206327280E-01     7.491450180E-01     3.124996706E-02
     8770     6.674394855E-01     6.760900585E-01     0.000000000E+00
     8771     2.500000000E-01     0.000000000E+00     3.124997058E-02
     8772     2.306106946E-01     9.653345302E-02     3.124997020E-02
     8773     2.839978853E-01     1.220583569E-01     0.000000000E+00
     8774     3.164162819E-01     1.044799918E-02     0.000000000E+00
     8775     2.319801019E-01    -9.319459382E-02     3.124997020E-02
     8776     3.062150248E-01    -1.040008173E-01     0.000000000E+00
     8777     1.780100685E-01    -1.755346562E-01     3.124997020E-02
     8778     2.525397381E-01    -2.065614770E-01     0.000000000E+00
     8779     9.584641944E-02    -2.308970850E-01     3.124997020E-02
     8780     1.743175062E-01    -2.860763408E-01     0.000000000E+00
     8781     9.753351708E-02    -2.826429108E-01     0.000000000E+00
     8782     1.388317975E-01    -3.893951346E-01     0.000000000E+00
     8783    -1.753958373E-01    -1.781468502E-01     3.124997020E-02
     8784    -1.426220178E-01    -2.904806771E-01     0.000000000E+00
     8785    -2.272636604E-01    -2.061738052E-01     0.000000000E+00
     8786    -2.304674674E-01    -9.687490116E-02     3.124997020E-02
     8787    -2.838623803E-01    -1.078591602E-01     0.000000000E+00
     8788    -2.500000000E-01    -2.048167850E-08     3.124997020E-02
     8789    -3.078921117E-01     5.819510788E-03     0.000000000E+00
     8790    -2.315458474E-01     9.426834330E-02     3.124997020E-02
     8791    -2.883552340E-01     1.167323324E-01     0.000000000E+00
     8792    -1.780640902E-01     1.754798558E-01     3.124997020E-02
     8793    -2.360665555E-01     2.125695075E-01     0.000000000E+00
     8794    -9.600072652E-02     2.308329710E-01     3.124997020E-02
     8795    -1.639303107E-01     2.893457242E-01     0.000000000E+00
     8796    -9.649654326E-02     2.840617446E-01     0.000000000E+00
     8797    -1.331330531E-01     3.934512243E-01     0.000000000E+00
     8798     1.771433784E-01     1.764092500E-01     3.124997020E-02
     8799     1.273580022E-01     2.817653560E-01     0.000000000E+00
     8800     2.184519693E-01     2.141659456E-01     0.000000000E+00
     8801     6.217254718E+00    -4.418234229E-01     0.000000000E+00
     8802     6.216272276E+00    -3.374752284E-01     0.000000000E+00
     8803     6.215711540E+00    -1.991839808E-01     0.000000000E+00
     8804     6.223264095E+00    -8.484877153E-02     0.000000000E+00
     8805     6.233948115E+00     1.943427190E-02     0.000000000E+00
     8806     6.247441412E+00     1.152812849E-01     0.000000000E+00
     8807     6.263583035E+00     1.963506108E-01     0.000000000E+00
     8808     6.371828401E+00     4.485093981E-01     0.000000000E+00
     8809     6.467368413E+00     5.016402260E-01     0.000000000E+00
     8810     6.578971215E+00     5.405215605E-01     0.000000000E+00
     8811     6.715837672E+00     5.678582957E-01     0.000000000E+00
     8812     6.857721610E+00     5.407158573E-01     0.000000000E+00
     8813     6.978747017E+00     4.868785213E-01     0.000000000E+00
     8814     7.081352345E+00     4.107672860E-01     0.000000000E+00
     8815     7.180783667E+00     2.940930247E-01     0.000000000E+00
     8816     7.260589850E+00     1.419809465E-01     0.000000000E+00
     8817     7.262698027E+00    -2.274881304E-02     0.000000000E+00
     8818     7.232908881E+00    -1.702965753E-01     0.000000000E+00
     8819     7.169686112E+00    -3.051135380E-01     0.000000000E+00
     8820     7.074663653E+00    -4.228715747E-01     0.000000000E+00
     8821     6.938437737E+00    -5.302351079E-01     0.000000000E+00
     8822     6.763867860E+00    -5.651476811E-01     0.000000000E+00
     8823     6.598388961E+00    -5.581699607E-01     0.000000000E+00
     8824     6.450677228E+00    -5.122966814E-01     0.000000000E+00
     8825     6.324176874E+00    -4.366831058E-01     0.000000000E+00
     8826    -9.375000000E-02     4.484999822E-01     3.124996779E-02
     8827    -1.315133049E-01     4.490553610E-01     0.000000000E+00
     8828    -6.606886725E-02     5.150129106E-01     3.124996740E-02
     8829    -8.680378805E-02     5.399078089E-01     0.000000000E+00
     8830    -1.109111160E-08     5.422500000E-01     3.124996740E-02
     8831    -6.285084616E-03     5.758247412E-01     0.000000000E+00
     8832     6.548212633E-02     5.155906374E-01     3.124996740E-02
     8833     9.014123194E-02     5.590519417E-01     0.000000000E+00
     8834     9.375000000E-02     4.485000064E-01     3.124996740E-02
     8835     1.550495759E-01     4.560566400E-01     0.000000000E+00
     8836     6.631696704E-02     3.822344555E-01     3.124996740E-02
     8837     1.134908134E-01     3.569498740E-01     0.000000000E+00
     8838    -6.516292691E-02    -5.159007081E-01     3.124996740E-02
     8839    -8.483829940E-02    -5.470893338E-01     0.000000000E+00
     8840     9.375000000E-02    -4.485000000E-01     3.124996740E-02
     8841     1.360978102E-01    -4.464502153E-01     0.000000000E+00
     8842     6.645338794E-02    -5.146287360E-01     3.124996740E-02
     8843     9.349332664E-02    -5.392413760E-01     0.000000000E+00
     8844     3.689464586E-09    -5.422500000E-01     3.124996740E-02
     8845     6.295549501E-03    -5.846166634E-01     0.000000000E+00
-1
/wb,elem,start            !  set before creation of elements
/com,*********** Elements for Body 1 'Bike Crank 2 rev 2011 x.375' ***********
et,1,186
keyo,1,2,1          ! set full integration on SOLID186
MAT,1 $ TYPE,1 $ REAL,1 $ SECNUM,1 $ ESYS,0    ! ELEMNODES = 20
eblock,21,COMPACT,,1626
(21i9)
        1     2061     2064     1887     1886     2421     2424     2247     2246     7954     7953     7431     7943     2430     8845     8453     8839     8838     8844     8424     8419
        2     2064     2063     1888     1887     2424     2423     2248     2247     7952     7950     7404     7953     2683     8843     8426     8845     8844     8842     8427     8424
        3     2063     2062     1896     1888     2423     2422     2256     2248     7949     7947     7430     7950     2684     8841     8452     8843     8842     8840     8449     8427
        4     2062     1749     1748     1896     2422     2109     2108     2256     7946     7030     7868     7947     2681     8055     8782     8841     8840     8056     8054     8449
        5     1744     1714     1710     1745     2104     2074     2070     2105     7944     6946     7872     7021     2679     7973     8784     8047     8046     7974     7966     8048
        6     1713     2061     1886     1709     2073     2421     2246     2069     7941     7943     7396     6950     2429     8839     8418     7976     7975     8838     8419     7963
        7     1750     2060     1890     1751     2110     2420     2250     2111     7940     7939     7894     7034     2671     8837     8799     8058     8057     8836     8431     8059
        8     2060     2059     1876     1890     2420     2419     2236     2250     7938     7936     7410     7939     2672     8835     8432     8837     8836     8834     8391     8431
        9     2059     2058     1840     1876     2419     2418     2200     2236     7935     7933     7370     7936     2669     8833     8392     8835     8834     8832     8292     8391
       10     2058     2057     1841     1840     2418     2417     2201     2200     7932     7930     7272     7933     2670     8831     8294     8833     8832     8830     8295     8292
       11     2057     2056     1875     1841     2417     2416     2235     2201     7929     7927     7368     7930     2667     8829     8390     8831     8830     8828     8387     8295
       12     2056     2055     1874     1875     2416     2415     2234     2235     7926     7924     7366     7927     2668     8827     8388     8829     8828     8826     8384     8387
       13     2055     1755     1754     1874     2415     2115     2114     2234     7923     7043     7890     7924     2431     8066     8797     8827     8826     8067     8065     8384
       14       88       90     1937     1897      168      169     2297     2257     2961     7921     7897     7898     3134     8825     8801     8802     3130     3133     8561     8454
       15       90       92     1935     1937      169      170     2295     2297     2965     7920     7540     7921     3137     8824     8562     8825     3133     3136     8556     8561
       16       92       94     1933     1935      170      171     2293     2295     2969     7919     7535     7920     3140     8823     8557     8824     3136     3139     8551     8556
       17       94       96     1931     1933      171      172     2291     2293     2973     7918     7530     7919     3143     8822     8552     8823     3139     3142     8546     8551
       18       96       98     1927     1931      172      173     2287     2291     2977     7917     7525     7918     3146     8821     8547     8822     3142     3145     8536     8546
       19       98      100     1925     1927      173      174     2285     2287     2981     7916     7515     7917     3149     8820     8537     8821     3145     3148     8531     8536
       20      100      102     1923     1925      174      175     2283     2285     2985     7915     7510     7916     3152     8819     8532     8820     3148     3151     8526     8531
       21      102      104     1921     1923      175      176     2281     2283     2989     7914     7505     7915     3155     8818     8527     8819     3151     3154     8521     8526
       22      104      106     1919     1921      176      177     2279     2281     2993     7913     7500     7914     3158     8817     8522     8818     3154     3157     8516     8521
       23      106      108     1915     1919      177      178     2275     2279     2997     7912     7495     7913     3161     8816     8517     8817     3157     3160     8506     8516
       24      108      110     1913     1915      178      179     2273     2275     3001     7911     7485     7912     3164     8815     8507     8816     3160     3163     8501     8506
       25      110      112     1911     1913      179      180     2271     2273     3005     7910     7480     7911     3167     8814     8502     8815     3163     3166     8496     8501
       26      112      114     1909     1911      180      181     2269     2271     3009     7909     7475     7910     3170     8813     8497     8814     3166     3169     8491     8496
       27      114      116     1907     1909      181      182     2267     2269     3013     7908     7470     7909     3173     8812     8492     8813     3169     3172     8486     8491
       28      116      118     1905     1907      182      183     2265     2267     3017     7907     7465     7908     3176     8811     8487     8812     3172     3175     8480     8486
       29      118      120     1904     1905      183      184     2264     2265     3021     7906     7459     7907     3179     8810     8481     8811     3175     3178     8477     8480
       30      120      122     1903     1904      184      185     2263     2264     3025     7905     7456     7906     3182     8809     8478     8810     3178     3181     8474     8477
       31      122      124     1902     1903      185      186     2262     2263     3029     7904     7453     7905     3185     8808     8475     8809     3181     3184     8471     8474
       32      124       78     1711     1902      186      163     2071     2262     3032     6942     7450     7904     3187     7969     8472     8808     3184     3115     7968     8471
       33       77       76     1732     1712      162      161     2092     2072     2932     7903     6990     6943     3112     8807     8016     7970     3113     3111     8017     7971
       34       76       80     1731     1732      161      164     2091     2092     2941     7902     6992     7903     3119     8806     8018     8807     3111     3118     8019     8017
       35       80       82     1901     1731      164      165     2261     2091     2945     7901     7446     7902     3122     8805     8468     8806     3118     3121     8465     8019
       36       82       84     1900     1901      165      166     2260     2261     2949     7900     7444     7901     3125     8804     8466     8805     3121     3124     8462     8465
       37       84       86     1899     1900      166      167     2259     2260     2953     7899     7441     7900     3128     8803     8463     8804     3124     3127     8459     8462
       38       86       88     1897     1899      167      168     2257     2259     2957     7898     7438     7899     3131     8802     8460     8803     3127     3130     8454     8459
       39     1897     1937     1938     1898     2257     2297     2298     2258     7897     7543     7701     7433     8801     8565     8670     8455     8454     8561     8564     8456
       40     2044     2054     1889     1891     2404     2414     2249     2251     7896     7895     7413     7856     2434     8800     8435     8773     8772     8798     8429     8434
       41     2054     1751     1890     1889     2414     2111     2250     2249     7893     7894     7408     7895     2435     8799     8430     8800     8798     8059     8431     8429
       42     1753     2053     1754     1752     2113     2413     2114     2112     7891     7889     7041     7038     2663     8796     8064     8061     8060     8794     8065     8062
       43     1754     2053     1873     1874     2114     2413     2233     2234     7889     7888     7363     7890     8796     8795     8385     8797     8065     8794     8381     8384
       44     2053     2052     1872     1873     2413     2412     2232     2233     7887     7885     7360     7888     2664     8793     8382     8795     8794     8792     8378     8381
       45     2052     2051     1871     1872     2412     2411     2231     2232     7884     7882     7357     7885     2665     8791     8379     8793     8792     8790     8375     8378
       46     2051     2050     1870     1871     2411     2410     2230     2231     7881     7879     7354     7882     2666     8789     8376     8791     8790     8788     8372     8375
       47     2050     2049     1869     1870     2410     2409     2229     2230     7878     7876     7351     7879     2659     8787     8373     8789     8788     8786     8369     8372
       48     2049     2048     1716     1869     2409     2408     2076     2229     7875     7873     7348     7876     2660     8785     8370     8787     8786     8783     7980     8369
       49     2048     1745     1710     1716     2408     2105     2070     2076     7871     7872     6955     7873     2661     8784     7981     8785     8783     8048     7966     7980
       50     1747     2047     1748     1746     2107     2407     2108     2106     7869     7867     7028     7025     2655     8781     8053     8050     8049     8779     8054     8051
       51     1748     2047     1895     1896     2108     2407     2255     2256     7867     7866     7428     7868     8781     8780     8450     8782     8054     8779     8446     8449
       52     2047     2046     1894     1895     2407     2406     2254     2255     7865     7863     7425     7866     2656     8778     8447     8780     8779     8777     8443     8446
       53     2046     2045     1893     1894     2406     2405     2253     2254     7862     7860     7422     7863     2657     8776     8444     8778     8777     8775     8440     8443
       54     2045     2043     1892     1893     2405     2403     2252     2253     7859     7857     7419     7860     2658     8774     8441     8776     8775     8771     8437     8440
       55     2043     2044     1891     1892     2403     2404     2251     2252     7854     7856     7416     7857     2433     8773     8438     8774     8771     8772     8434     8437
       56     1940     2042     1830     1832     2300     2402     2190     2192     7852     7851     7250     7546     2454     8770     8272     8567     8566     8769     8266     8271
       57     2042     2041     1829     1830     2402     2401     2189     2190     7850     7848     7245     7851     2455     8768     8267     8770     8769     8767     8263     8266
       58     2041     2040     1828     1829     2401     2400     2188     2189     7847     7845     7242     7848     2456     8766     8264     8768     8767     8765     8260     8263
       59     2040     2039     1827     1828     2400     2399     2187     2188     7844     7842     7239     7845     2457     8764     8261     8766     8765     8763     8257     8260
       60     2039     2038     1826     1827     2399     2398     2186     2187     7841     7839     7236     7842     2458     8762     8258     8764     8763     8761     8254     8257
       61     2038     2037     1825     1826     2398     2397     2185     2186     7838     7836     7233     7839     2459     8760     8255     8762     8761     8759     8251     8254
       62     2037     2036     1824     1825     2397     2396     2184     2185     7835     7833     7230     7836     2460     8758     8252     8760     8759     8757     8248     8251
       63     2036     2035     1823     1824     2396     2395     2183     2184     7832     7830     7227     7833     2461     8756     8249     8758     8757     8755     8245     8248
       64     2035     2034     1822     1823     2395     2394     2182     2183     7829     7827     7224     7830     2462     8754     8246     8756     8755     8753     8241     8245
       65     2034     2033     1820     1822     2394     2393     2180     2182     7826     7824     7220     7827     2463     8752     8242     8754     8753     8751     8236     8241
       66     2033     2032     1818     1820     2393     2392     2178     2180     7823     7821     7215     7824     2464     8750     8237     8752     8751     8749     8231     8236
       67     2032     2031     1816     1818     2392     2391     2176     2178     7820     7818     7210     7821     2465     8748     8232     8750     8749     8747     8226     8231
       68     2031     2030     1814     1816     2391     2390     2174     2176     7817     7815     7205     7818     2466     8746     8227     8748     8747     8745     8221     8226
       69     2030     2029     1812     1814     2390     2389     2172     2174     7814     7812     7200     7815     2467     8744     8222     8746     8745     8743     8216     8221
       70     2029     2028     1810     1812     2389     2388     2170     2172     7811     7809     7195     7812     2468     8742     8217     8744     8743     8741     8211     8216
       71     2028     2027     1808     1810     2388     2387     2168     2170     7808     7806     7190     7809     2469     8740     8212     8742     8741     8739     8206     8211
       72     2027     2026     1806     1808     2387     2386     2166     2168     7805     7803     7185     7806     2470     8738     8207     8740     8739     8737     8201     8206
       73     2026     2025     1804     1806     2386     2385     2164     2166     7802     7800     7180     7803     2471     8736     8202     8738     8737     8735     8196     8201
       74     2025     2024     1802     1804     2385     2384     2162     2164     7799     7797     7175     7800     2472     8734     8197     8736     8735     8733     8191     8196
       75     2024     2023     1800     1802     2384     2383     2160     2162     7796     7794     7170     7797     2473     8732     8192     8734     8733     8731     8186     8191
       76     2023     2022     1798     1800     2383     2382     2158     2160     7793     7791     7165     7794     2474     8730     8187     8732     8731     8729     8181     8186
       77     2022     2021     1796     1798     2382     2381     2156     2158     7790     7788     7160     7791     2475     8728     8182     8730     8729     8727     8176     8181
       78     2021     2020     1795     1796     2381     2380     2155     2156     7787     7785     7155     7788     2476     8726     8177     8728     8727     8725     8173     8176
       79     2020     2019     1794     1795     2380     2379     2154     2155     7784     7782     7152     7785     2477     8724     8174     8726     8725     8723     8170     8173
       80     2019     2018     1720     1794     2379     2378     2080     2154     7781     7779     7149     7782     2478     8722     8171     8724     8723     8721     7991     8170
       81     2018     2017     1723     1720     2378     2377     2083     2080     7778     7776     6969     7779     2479     8720     7995     8722     8721     8719     7996     7991
       82     2017     2016     1793     1723     2377     2376     2153     2083     7775     7773     7147     7776     2480     8718     8169     8720     8719     8717     8165     7996
       83     2016     2015     1791     1793     2376     2375     2151     2153     7772     7770     7144     7773     2481     8716     8166     8718     8717     8715     8160     8165
       84     2015     2014     1789     1791     2375     2374     2149     2151     7769     7767     7139     7770     2482     8714     8161     8716     8715     2451     8155     8160
       85     2014     2013     1788     1789     2374     2373     2148     2149     7766     7765     7134     7767     2747     8713     8156     8714     2451     8712     8153     8155
       86     2013     2012     1783     1788     2373     2372     2143     2148     7764     7762     7132     7765     2746     8711     8154     8713     8712     8710     8142     8153
       87     2012     2011     1784     1783     2372     2371     2144     2143     7761     7759     7121     7762     2745     8709     8143     8711     8710     8708     8144     8142
       88     2011     2010     1906     1784     2371     2370     2266     2144     7758     7756     7463     7759     2744     8707     8485     8709     8708     8706     8483     8144
       89     2010     2009     1908     1906     2370     2369     2268     2266     7755     7753     7466     7756     2743     8705     8488     8707     8706     8704     8489     8483
       90     2009     2008     1910     1908     2369     2368     2270     2268     7752     7750     7471     7753     2742     8703     8493     8705     8704     8702     8494     8489
       91     2008     2007     1912     1910     2368     2367     2272     2270     7749     7747     7476     7750     2741     8701     8498     8703     8702     8700     8499     8494
       92     2007     2006     1914     1912     2367     2366     2274     2272     7746     7744     7481     7747     2740     8699     8503     8701     8700     8698     8504     8499
       93     2006     2005     1916     1914     2366     2365     2276     2274     7743     7741     7486     7744     2739     8697     8508     8699     8698     8696     8509     8504
       94     2005     2004     1918     1916     2365     2364     2278     2276     7740     7738     7491     7741     2738     8695     8513     8697     8696     8694     8514     8509
       95     2004     2003     1917     1918     2364     2363     2277     2278     7737     7735     7493     7738     2737     8693     8515     8695     8694     8692     8511     8514
       96     2003     2002     1920     1917     2363     2362     2280     2277     7734     7732     7496     7735     2581     8691     8518     8693     8692     8690     8519     8511
       97     2002     2001     1922     1920     2362     2361     2282     2280     7731     7729     7501     7732     2580     8689     8523     8691     8690     8688     8524     8519
       98     2001     2000     1924     1922     2361     2360     2284     2282     7728     7726     7506     7729     2579     8687     8528     8689     8688     8686     8529     8524
       99     2000     1999     1926     1924     2360     2359     2286     2284     7725     7723     7511     7726     2578     8685     8533     8687     8686     8684     8534     8529
      100     1999     1998     1928     1926     2359     2358     2288     2286     7722     7720     7516     7723     2577     8683     8538     8685     8684     8682     8539     8534
      101     1998     1997     1930     1928     2358     2357     2290     2288     7719     7717     7521     7720     2576     8681     8543     8683     8682     8680     8544     8539
      102     1997     1996     1929     1930     2357     2356     2289     2290     7716     7714     7523     7717     2575     8679     8545     8681     8680     8678     8541     8544
      103     1996     1995     1932     1929     2356     2355     2292     2289     7713     7711     7526     7714     2574     8677     8548     8679     8678     8676     8549     8541
      104     1995     1994     1934     1932     2355     2354     2294     2292     7710     7708     7531     7711     2573     8675     8553     8677     8676     8674     8554     8549
      105     1994     1993     1936     1934     2354     2353     2296     2294     7707     7705     7536     7708     2572     8673     8558     8675     8674     8672     8559     8554
      106     1993     1992     1938     1936     2353     2352     2298     2296     7704     7702     7541     7705     2571     8671     8563     8673     8672     2569     8564     8559
      107     1992     1991     1898     1938     2352     2351     2258     2298     7700     7699     7701     7702     2539     8669     8670     8671     2569     8668     8456     8564
      108     1991     1990     1773     1898     2351     2350     2133     2258     7698     7696     7435     7699     2540     8667     8457     8669     8668     8666     8115     8456
      109     1990     1989     1772     1773     2350     2349     2132     2133     7695     7693     7094     7696     2541     8665     8116     8667     8666     8664     8112     8115
      110     1989     1988     1771     1772     2349     2348     2131     2132     7692     7690     7091     7693     2542     8663     8113     8665     8664     8662     8109     8112
      111     1988     1987     1770     1771     2348     2347     2130     2131     7689     7687     7088     7690     2543     8661     8110     8663     8662     8660     8106     8109
      112     1987     1986     1768     1770     2347     2346     2128     2130     7686     7684     7085     7687     2544     8659     8107     8661     8660     8658     8101     8106
      113     1986     1985     1769     1768     2346     2345     2129     2128     7683     7681     7080     7684     2545     8657     8102     8659     8658     8656     8103     8101
      114     1985     1984     1797     1769     2345     2344     2157     2129     7680     7678     7156     7681     2546     8655     8178     8657     8656     8654     8179     8103
      115     1984     1983     1799     1797     2344     2343     2159     2157     7677     7675     7161     7678     2547     8653     8183     8655     8654     8652     8184     8179
      116     1983     1982     1801     1799     2343     2342     2161     2159     7674     7672     7166     7675     2548     8651     8188     8653     8652     8650     8189     8184
      117     1982     1981     1803     1801     2342     2341     2163     2161     7671     7669     7171     7672     2549     8649     8193     8651     8650     8648     8194     8189
      118     1981     1980     1805     1803     2341     2340     2165     2163     7668     7666     7176     7669     2550     8647     8198     8649     8648     8646     8199     8194
      119     1980     1979     1807     1805     2340     2339     2167     2165     7665     7663     7181     7666     2551     8645     8203     8647     8646     8644     8204     8199
      120     1979     1978     1809     1807     2339     2338     2169     2167     7662     7660     7186     7663     2552     8643     8208     8645     8644     8642     8209     8204
      121     1978     1977     1811     1809     2338     2337     2171     2169     7659     7657     7191     7660     2553     8641     8213     8643     8642     8640     8214     8209
      122     1977     1976     1813     1811     2337     2336     2173     2171     7656     7654     7196     7657     2554     8639     8218     8641     8640     8638     8219     8214
      123     1976     1975     1815     1813     2336     2335     2175     2173     7653     7651     7201     7654     2555     8637     8223     8639     8638     8636     8224     8219
      124     1975     1974     1817     1815     2335     2334     2177     2175     7650     7648     7206     7651     2556     8635     8228     8637     8636     8634     8229     8224
      125     1974     1973     1819     1817     2334     2333     2179     2177     7647     7645     7211     7648     2557     8633     8233     8635     8634     8632     8234     8229
      126     1973     1972     1821     1819     2333     2332     2181     2179     7644     7642     7216     7645     2558     8631     8238     8633     8632     8630     8239     8234
      127     1972     1971     1781     1821     2332     2331     2141     2181     7641     7639     7221     7642     2559     8629     8243     8631     8630     8628     8137     8239
      128     1971     1970     1779     1781     2331     2330     2139     2141     7638     7636     7116     7639     2560     8627     8138     8629     8628     8626     8132     8137
      129     1970     1969     1778     1779     2330     2329     2138     2139     7635     7633     7111     7636     2561     8625     8133     8627     8626     8624     8129     8132
      130     1969     1968     1777     1778     2329     2328     2137     2138     7632     7630     7108     7633     2562     8623     8130     8625     8624     8622     8126     8129
      131     1968     1967     1776     1777     2328     2327     2136     2137     7629     7627     7105     7630     2563     8621     8127     8623     8622     8620     8123     8126
      132     1967     1966     1736     1776     2327     2326     2096     2136     7626     7624     7102     7627     2564     8619     8124     8621     8620     8618     8028     8123
      133     1966     1965     1738     1736     2326     2325     2098     2096     7623     7621     7003     7624     2565     8617     8029     8619     8618     8616     8030     8028
      134     1965     1964     1879     1738     2325     2324     2239     2098     7620     7618     7378     7621     2566     8615     8400     8617     8616     8614     8401     8030
      135     1964     1963     1881     1879     2324     2323     2241     2239     7617     7615     7383     7618     2567     8613     8405     8615     8614     8612     8406     8401
      136     1963     1962     1883     1881     2323     2322     2243     2241     7614     7612     7388     7615     2568     8611     8410     8613     8612     2537     8411     8406
      137     1962     1961     1885     1883     2322     2321     2245     2243     7611     7610     7393     7612     2725     8610     8415     8611     2537     8609     8416     8411
      138     1961     1960     1867     1885     2321     2320     2227     2245     7609     7607     7400     7610     2724     8608     8422     8610     8609     8607     8364     8416
      139     1960     1959     1865     1867     2320     2319     2225     2227     7606     7604     7343     7607     2723     8606     8365     8608     8607     8605     8359     8364
      140     1959     1958     1863     1865     2319     2318     2223     2225     7603     7601     7338     7604     2722     8604     8360     8606     8605     8603     8354     8359
      141     1958     1957     1862     1863     2318     2317     2222     2223     7600     7598     7333     7601     2721     8602     8355     8604     8603     8601     8351     8354
      142     1957     1956     1861     1862     2317     2316     2221     2222     7597     7595     7330     7598     2720     8600     8352     8602     8601     8599     8348     8351
      143     1956     1955     1860     1861     2316     2315     2220     2221     7594     7592     7327     7595     2719     8598     8349     8600     8599     8597     8345     8348
      144     1955     1954     1859     1860     2315     2314     2219     2220     7591     7589     7324     7592     2718     8596     8346     8598     8597     8595     8342     8345
      145     1954     1953     1858     1859     2314     2313     2218     2219     7588     7586     7321     7589     2717     8594     8343     8596     8595     8593     8339     8342
      146     1953     1952     1857     1858     2313     2312     2217     2218     7585     7583     7318     7586     2716     8592     8340     8594     8593     8591     8337     8339
      147     1952     1951     1856     1857     2312     2311     2216     2217     7582     7580     7316     7583     2715     8590     8338     8592     8591     8589     8334     8337
      148     1951     1950     1855     1856     2311     2310     2215     2216     7579     7577     7313     7580     2495     8588     8335     8590     8589     8587     8331     8334
      149     1950     1949     1854     1855     2310     2309     2214     2215     7576     7574     7310     7577     2494     8586     8332     8588     8587     8585     8327     8331
      150     1949     1948     1852     1854     2309     2308     2212     2214     7573     7571     7306     7574     2493     8584     8328     8586     8585     8583     8322     8327
      151     1948     1947     1850     1852     2308     2307     2210     2212     7570     7568     7301     7571     2492     8582     8323     8584     8583     8581     8317     8322
      152     1947     1946     1848     1850     2307     2306     2208     2210     7567     7565     7296     7568     2491     8580     8318     8582     8581     8579     8312     8317
      153     1946     1945     1846     1848     2306     2305     2206     2208     7564     7562     7291     7565     2490     8578     8313     8580     8579     8577     8307     8312
      154     1945     1944     1844     1846     2305     2304     2204     2206     7561     7559     7286     7562     2489     8576     8308     8578     8577     8575     8302     8307
      155     1944     1943     1843     1844     2304     2303     2203     2204     7558     7556     7281     7559     2488     8574     8303     8576     8575     8573     8299     8302
      156     1943     1942     1838     1843     2303     2302     2198     2203     7555     7553     7278     7556     2487     8572     8300     8574     8573     8571     8286     8299
      157     1942     1941     1836     1838     2302     2301     2196     2198     7552     7550     7265     7553     2486     8570     8287     8572     8571     8569     8281     8286
      158     1941     1939     1834     1836     2301     2299     2194     2196     7549     7547     7260     7550     2485     8568     8282     8570     8569     2483     8276     8281
      159     1939     1940     1832     1834     2299     2300     2192     2194     7544     7546     7255     7547     2453     8567     8277     8568     2483     8566     8271     8276
      160     1937     1935     1936     1938     2297     2295     2296     2298     7540     7538     7541     7543     8562     8560     8563     8565     8561     8556     8559     8564
      161     1935     1933     1934     1936     2295     2293     2294     2296     7535     7533     7536     7538     8557     8555     8558     8560     8556     8551     8554     8559
      162     1933     1931     1932     1934     2293     2291     2292     2294     7530     7528     7531     7533     8552     8550     8553     8555     8551     8546     8549     8554
      163     1931     1927     1929     1932     2291     2287     2289     2292     7525     7520     7526     7528     8547     8542     8548     8550     8546     8536     8541     8549
      164     1929     1927     1928     1930     2289     2287     2288     2290     7520     7518     7521     7523     8542     8540     8543     8545     8541     8536     8539     8544
      165     1927     1925     1926     1928     2287     2285     2286     2288     7515     7513     7516     7518     8537     8535     8538     8540     8536     8531     8534     8539
      166     1925     1923     1924     1926     2285     2283     2284     2286     7510     7508     7511     7513     8532     8530     8533     8535     8531     8526     8529     8534
      167     1923     1921     1922     1924     2283     2281     2282     2284     7505     7503     7506     7508     8527     8525     8528     8530     8526     8521     8524     8529
      168     1921     1919     1920     1922     2281     2279     2280     2282     7500     7498     7501     7503     8522     8520     8523     8525     8521     8516     8519     8524
      169     1919     1915     1917     1920     2279     2275     2277     2280     7495     7490     7496     7498     8517     8512     8518     8520     8516     8506     8511     8519
      170     1917     1915     1916     1918     2277     2275     2276     2278     7490     7488     7491     7493     8512     8510     8513     8515     8511     8506     8509     8514
      171     1915     1913     1914     1916     2275     2273     2274     2276     7485     7483     7486     7488     8507     8505     8508     8510     8506     8501     8504     8509
      172     1913     1911     1912     1914     2273     2271     2272     2274     7480     7478     7481     7483     8502     8500     8503     8505     8501     8496     8499     8504
      173     1911     1909     1910     1912     2271     2269     2270     2272     7475     7473     7476     7478     8497     8495     8498     8500     8496     8491     8494     8499
      174     1909     1907     1908     1910     2269     2267     2268     2270     7470     7468     7471     7473     8492     8490     8493     8495     8491     8486     8489     8494
      175     1907     1905     1906     1908     2267     2265     2266     2268     7465     7462     7466     7468     8487     8484     8488     8490     8486     8480     8483     8489
      176     1906     1905     1786     1784     2266     2265     2146     2144     7462     7460     7123     7463     8484     8482     8145     8485     8483     8480     8146     8144
      177     1905     1904     1785     1786     2265     2264     2145     2146     7459     7457     7125     7460     8481     8479     8147     8482     8480     8477     8148     8146
      178     1904     1903     1787     1785     2264     2263     2147     2145     7456     7454     7128     7457     8478     8476     8150     8479     8477     8474     8151     8148
      179     1903     1902     1790     1787     2263     2262     2150     2147     7453     7451     7135     7454     8475     8473     8157     8476     8474     8471     8158     8151
      180     1902     1711     1792     1790     2262     2071     2152     2150     7450     7448     7140     7451     8472     8470     8162     8473     8471     7968     8163     8158
      181     1711     1733     1734     1792     2071     2093     2094     2152     7447     6999     7145     7448     8469     8025     8167     8470     7968     8021     8024     8163
      182     1711     1712     1730     1733     2071     2072     2090     2093     6945     6989     7078     7447     7972     8015     8100     8469     7968     7971     8014     8021
      183     1731     1901     1729     1730     2091     2261     2089     2090     7446     7445     7077     6994     8468     8467     8099     8020     8019     8465     8011     8014
      184     1901     1900     1727     1729     2261     2260     2087     2089     7444     7442     6986     7445     8466     8464     8012     8467     8465     8462     8006     8011
      185     1900     1899     1728     1727     2260     2259     2088     2087     7441     7439     6981     7442     8463     8461     8007     8464     8462     8459     8008     8006
      186     1899     1897     1742     1728     2259     2257     2102     2088     7438     7436     7019     7439     8460     8458     8045     8461     8459     8454     8041     8008
      187     1897     1898     1773     1742     2257     2258     2133     2102     7433     7435     7095     7436     8455     8457     8117     8458     8454     8456     8115     8041
      188     1886     1887     1866     1864     2246     2247     2226     2224     7431     7401     7339     7398     8453     8423     8361     8420     8419     8424     8362     8357
      189     1888     1896     1880     1882     2248     2256     2240     2242     7430     7429     7387     7406     8452     8451     8409     8428     8427     8449     8403     8408
      190     1896     1895     1878     1880     2256     2255     2238     2240     7428     7426     7382     7429     8450     8448     8404     8451     8449     8446     8398     8403
      191     1895     1894     1737     1878     2255     2254     2097     2238     7425     7423     7377     7426     8447     8445     8399     8448     8446     8443     8032     8398
      192     1894     1893     1735     1737     2254     2253     2095     2097     7422     7420     7007     7423     8444     8442     8033     8445     8443     8440     8026     8032
      193     1893     1892     1739     1735     2253     2252     2099     2095     7419     7417     7014     7420     8441     8439     8040     8442     8440     8437     8034     8026
      194     1892     1891     1774     1739     2252     2251     2134     2099     7416     7414     7096     7417     8438     8436     8118     8439     8437     8434     8119     8034
      195     1891     1889     1877     1774     2251     2249     2237     2134     7413     7411     7375     7414     8435     8433     8397     8436     8434     8429     8394     8119
      196     1889     1890     1876     1877     2249     2250     2236     2237     7408     7410     7373     7411     8430     8432     8395     8433     8429     8431     8391     8394
      197     1887     1888     1882     1884     2247     2248     2242     2244     7404     7406     7392     7403     8426     8428     8414     8425     8424     8427     8408     8413
      198     1866     1887     1884     1868     2226     2247     2244     2228     7401     7403     7399     7344     8423     8425     8421     8366     8362     8424     8413     8367
      199     1868     1884     1885     1867     2228     2244     2245     2227     7399     7395     7400     7346     8421     8417     8422     8368     8367     8413     8416     8364
      200     1709     1886     1864     1705     2069     2246     2224     2065     7396     7398     7334     6937     8418     8420     8356     7964     7963     8419     8357     7955
      201     1884     1882     1883     1885     2244     2242     2243     2245     7392     7390     7393     7395     8414     8412     8415     8417     8413     8408     8411     8416
      202     1882     1880     1881     1883     2242     2240     2241     2243     7387     7385     7388     7390     8409     8407     8410     8412     8408     8403     8406     8411
      203     1880     1878     1879     1881     2240     2238     2239     2241     7382     7380     7383     7385     8404     8402     8405     8407     8403     8398     8401     8406
      204     1878     1737     1738     1879     2238     2097     2098     2239     7377     7005     7378     7380     8399     8031     8400     8402     8398     8032     8030     8401
      205     1774     1877     1831     1775     2134     2237     2191     2135     7375     7374     7246     7098     8397     8396     8268     8120     8119     8394     8269     8121
      206     1877     1876     1833     1831     2237     2236     2193     2191     7373     7371     7251     7374     8395     8393     8273     8396     8394     8391     8274     8269
      207     1876     1840     1835     1833     2236     2200     2195     2193     7370     7269     7256     7371     8392     8291     8278     8393     8391     8292     8279     8274
      208     1841     1875     1845     1842     2201     2235     2205     2202     7368     7367     7282     7274     8390     8389     8304     8296     8295     8387     8305     8297
      209     1875     1874     1847     1845     2235     2234     2207     2205     7366     7364     7287     7367     8388     8386     8309     8389     8387     8384     8310     8305
      210     1874     1873     1849     1847     2234     2233     2209     2207     7363     7361     7292     7364     8385     8383     8314     8386     8384     8381     8315     8310
      211     1873     1872     1851     1849     2233     2232     2211     2209     7360     7358     7297     7361     8382     8380     8319     8383     8381     8378     8320     8315
      212     1872     1871     1853     1851     2232     2231     2213     2211     7357     7355     7302     7358     8379     8377     8324     8380     8378     8375     8325     8320
      213     1871     1870     1767     1853     2231     2230     2127     2213     7354     7352     7307     7355     8376     8374     8329     8377     8375     8372     8093     8325
      214     1870     1869     1766     1767     2230     2229     2126     2127     7351     7349     7072     7352     8373     8371     8094     8374     8372     8369     8095     8093
      215     1869     1716     1715     1766     2229     2076     2075     2126     7348     6953     7076     7349     8370     7979     8098     8371     8369     7980     7978     8095
      216     1867     1865     1866     1868     2227     2225     2226     2228     7343     7341     7344     7346     8365     8363     8366     8368     8364     8359     8362     8367
      217     1865     1863     1864     1866     2225     2223     2224     2226     7338     7336     7339     7341     8360     8358     8361     8363     8359     8354     8357     8362
      218     1863     1862     1705     1864     2223     2222     2065     2224     7333     7331     7334     7336     8355     8353     8356     8358     8354     8351     7955     8357
      219     1862     1861     1706     1705     2222     2221     2066     2065     7330     7328     6929     7331     8352     8350     7956     8353     8351     8348     7957     7955
      220     1861     1860     1708     1706     2221     2220     2068     2066     7327     7325     6931     7328     8349     8347     7958     8350     8348     8345     7959     7957
      221     1860     1859     1717     1708     2220     2219     2077     2068     7324     7322     6956     7325     8346     8344     7982     8347     8345     8342     7983     7959
      222     1859     1858     1764     1717     2219     2218     2124     2077     7321     7319     7075     7322     8343     8341     8097     8344     8342     8339     8089     7983
      223     1858     1857     1765     1764     2218     2217     2125     2124     7318     7314     7068     7319     8340     8336     8090     8341     8339     8337     8091     8089
      224     1856     1855     1765     1857     2216     2215     2125     2217     7313     7311     7314     7316     8335     8333     8336     8338     8334     8331     8091     8337
      225     1855     1854     1767     1765     2215     2214     2127     2125     7310     7308     7070     7311     8332     8330     8092     8333     8331     8327     8093     8091
      226     1854     1852     1853     1767     2214     2212     2213     2127     7306     7304     7307     7308     8328     8326     8329     8330     8327     8322     8325     8093
      227     1852     1850     1851     1853     2212     2210     2211     2213     7301     7299     7302     7304     8323     8321     8324     8326     8322     8317     8320     8325
      228     1850     1848     1849     1851     2210     2208     2209     2211     7296     7294     7297     7299     8318     8316     8319     8321     8317     8312     8315     8320
      229     1848     1846     1847     1849     2208     2206     2207     2209     7291     7289     7292     7294     8313     8311     8314     8316     8312     8307     8310     8315
      230     1846     1844     1845     1847     2206     2204     2205     2207     7286     7284     7287     7289     8308     8306     8309     8311     8307     8302     8305     8310
      231     1844     1843     1842     1845     2204     2203     2202     2205     7281     7279     7282     7284     8303     8301     8304     8306     8302     8299     8297     8305
      232     1843     1838     1839     1842     2203     2198     2199     2202     7278     7268     7276     7279     8300     8290     8298     8301     8299     8286     8289     8297
      233     1840     1841     1842     1839     2200     2201     2202     2199     7272     7274     7276     7271     8294     8296     8298     8293     8292     8295     8297     8289
      234     1835     1840     1839     1837     2195     2200     2199     2197     7269     7271     7266     7261     8291     8293     8288     8283     8279     8292     8289     8284
      235     1838     1836     1837     1839     2198     2196     2197     2199     7265     7263     7266     7268     8287     8285     8288     8290     8286     8281     8284     8289
      236     1836     1834     1835     1837     2196     2194     2195     2197     7260     7258     7261     7263     8282     8280     8283     8285     8281     8276     8279     8284
      237     1834     1832     1833     1835     2194     2192     2193     2195     7255     7253     7256     7258     8277     8275     8278     8280     8276     8271     8274     8279
      238     1832     1830     1831     1833     2192     2190     2191     2193     7250     7248     7251     7253     8272     8270     8273     8275     8271     8266     8269     8274
      239     1830     1829     1775     1831     2190     2189     2135     2191     7245     7243     7246     7248     8267     8265     8268     8270     8266     8263     8121     8269
      240     1829     1828     1740     1775     2189     2188     2100     2135     7242     7240     7100     7243     8264     8262     8122     8265     8263     8260     8036     8121
      241     1828     1827     1761     1740     2188     2187     2121     2100     7239     7237     7059     7240     8261     8259     8081     8262     8260     8257     8082     8036
      242     1827     1826     1763     1761     2187     2186     2123     2121     7236     7234     7064     7237     8258     8256     8086     8259     8257     8254     8087     8082
      243     1826     1825     1762     1763     2186     2185     2122     2123     7233     7231     7066     7234     8255     8253     8088     8256     8254     8251     8084     8087
      244     1825     1824     1780     1762     2185     2184     2140     2122     7230     7228     7112     7231     8252     8250     8134     8253     8251     8248     8135     8084
      245     1824     1823     1782     1780     2184     2183     2142     2140     7227     7225     7117     7228     8249     8247     8139     8250     8248     8245     8140     8135
      246     1823     1822     1781     1782     2183     2182     2141     2142     7224     7222     7119     7225     8246     8244     8141     8247     8245     8241     8137     8140
      247     1822     1820     1821     1781     2182     2180     2181     2141     7220     7218     7221     7222     8242     8240     8243     8244     8241     8236     8239     8137
      248     1820     1818     1819     1821     2180     2178     2179     2181     7215     7213     7216     7218     8237     8235     8238     8240     8236     8231     8234     8239
      249     1818     1816     1817     1819     2178     2176     2177     2179     7210     7208     7211     7213     8232     8230     8233     8235     8231     8226     8229     8234
      250     1816     1814     1815     1817     2176     2174     2175     2177     7205     7203     7206     7208     8227     8225     8228     8230     8226     8221     8224     8229
      251     1814     1812     1813     1815     2174     2172     2173     2175     7200     7198     7201     7203     8222     8220     8223     8225     8221     8216     8219     8224
      252     1812     1810     1811     1813     2172     2170     2171     2173     7195     7193     7196     7198     8217     8215     8218     8220     8216     8211     8214     8219
      253     1810     1808     1809     1811     2170     2168     2169     2171     7190     7188     7191     7193     8212     8210     8213     8215     8211     8206     8209     8214
      254     1808     1806     1807     1809     2168     2166     2167     2169     7185     7183     7186     7188     8207     8205     8208     8210     8206     8201     8204     8209
      255     1806     1804     1805     1807     2166     2164     2165     2167     7180     7178     7181     7183     8202     8200     8203     8205     8201     8196     8199     8204
      256     1804     1802     1803     1805     2164     2162     2163     2165     7175     7173     7176     7178     8197     8195     8198     8200     8196     8191     8194     8199
      257     1802     1800     1801     1803     2162     2160     2161     2163     7170     7168     7171     7173     8192     8190     8193     8195     8191     8186     8189     8194
      258     1800     1798     1799     1801     2160     2158     2159     2161     7165     7163     7166     7168     8187     8185     8188     8190     8186     8181     8184     8189
      259     1798     1796     1797     1799     2158     2156     2157     2159     7160     7158     7161     7163     8182     8180     8183     8185     8181     8176     8179     8184
      260     1796     1795     1769     1797     2156     2155     2129     2157     7155     7153     7156     7158     8177     8175     8178     8180     8176     8173     8103     8179
      261     1795     1794     1757     1769     2155     2154     2117     2129     7152     7150     7082     7153     8174     8172     8104     8175     8173     8170     8073     8103
      262     1794     1720     1721     1757     2154     2080     2081     2117     7149     6964     7052     7150     8171     7990     8074     8172     8170     7991     7989     8073
      263     1723     1793     1734     1722     2083     2153     2094     2082     7147     7146     6997     6971     8169     8168     8023     7997     7996     8165     8024     7993
      264     1793     1791     1792     1734     2153     2151     2152     2094     7144     7142     7145     7146     8166     8164     8167     8168     8165     8160     8163     8024
      265     1791     1789     1790     1792     2151     2149     2150     2152     7139     7137     7140     7142     8161     8159     8162     8164     8160     8155     8158     8163
      266     1789     1788     1787     1790     2149     2148     2147     2150     7134     7130     7135     7137     8156     8152     8157     8159     8155     8153     8151     8158
      267     1785     1787     1788     1783     2145     2147     2148     2143     7128     7130     7132     7127     8150     8152     8154     8149     8148     8151     8153     8142
      268     1783     1784     1786     1785     2143     2144     2146     2145     7121     7123     7125     7127     8143     8145     8147     8149     8142     8144     8146     8148
      269     1781     1779     1780     1782     2141     2139     2140     2142     7116     7114     7117     7119     8138     8136     8139     8141     8137     8132     8135     8140
      270     1779     1778     1762     1780     2139     2138     2122     2140     7111     7109     7112     7114     8133     8131     8134     8136     8132     8129     8084     8135
      271     1778     1777     1760     1762     2138     2137     2120     2122     7108     7106     7063     7109     8130     8128     8085     8131     8129     8126     8079     8084
      272     1777     1776     1741     1760     2137     2136     2101     2120     7105     7103     7058     7106     8127     8125     8080     8128     8126     8123     8038     8079
      273     1776     1736     1735     1741     2136     2096     2095     2101     7102     7001     7013     7103     8124     8027     8039     8125     8123     8028     8026     8038
      274     1739     1774     1775     1740     2099     2134     2135     2100     7096     7098     7100     7009     8118     8120     8122     8035     8034     8119     8121     8036
      275     1773     1772     1743     1742     2133     2132     2103     2102     7094     7092     7016     7095     8116     8114     8042     8117     8115     8112     8043     8041
      276     1772     1771     1759     1743     2132     2131     2119     2103     7091     7089     7056     7092     8113     8111     8078     8114     8112     8109     8075     8043
      277     1771     1770     1756     1759     2131     2130     2116     2119     7088     7086     7054     7089     8110     8108     8076     8111     8109     8106     8069     8075
      278     1770     1768     1758     1756     2130     2128     2118     2116     7085     7083     7048     7086     8107     8105     8070     8108     8106     8101     8071     8069
      279     1768     1769     1757     1758     2128     2129     2117     2118     7080     7082     7050     7083     8102     8104     8072     8105     8101     8103     8073     8071
      280     1730     1729     1724     1733     2090     2089     2084     2093     7077     6987     6996     7078     8099     8013     8022     8100     8014     8011     7998     8021
      281     1717     1764     1766     1715     2077     2124     2126     2075     7075     7074     7076     6958     8097     8096     8098     7984     7983     8089     8095     7978
      282     1764     1765     1767     1766     2124     2125     2127     2126     7068     7070     7072     7074     8090     8092     8094     8096     8089     8091     8093     8095
      283     1762     1760     1761     1763     2122     2120     2121     2123     7063     7061     7064     7066     8085     8083     8086     8088     8084     8079     8082     8087
      284     1760     1741     1740     1761     2120     2101     2100     2121     7058     7011     7059     7061     8080     8037     8081     8083     8079     8038     8036     8082
      285     1743     1759     1719     1726     2103     2119     2079     2086     7056     7055     6979     7018     8078     8077     8005     8044     8043     8075     7987     8004
      286     1759     1756     1721     1719     2119     2116     2081     2079     7054     7046     6962     7055     8076     8068     7988     8077     8075     8069     7989     7987
      287     1721     1756     1758     1757     2081     2116     2118     2117     7046     7048     7050     7052     8068     8070     8072     8074     7989     8069     8071     8073
      288     1752     1754     1755     1750     2112     2114     2115     2110     7041     7043     7045     7040     8064     8066     2432     8063     8062     8065     8067     8057
      289     1750     1751     1753     1752     2110     2111     2113     2112     7034     7036     7038     7040     8058     2436     8061     8063     8057     8059     8060     8062
      290     1746     1748     1749     1744     2106     2108     2109     2104     7028     7030     7032     7027     8053     8055     2682     8052     8051     8054     8056     8046
      291     1744     1745     1747     1746     2104     2105     2107     2106     7021     7023     7025     7027     8047     2662     8050     8052     8046     8048     8049     8051
      292     1742     1743     1726     1728     2102     2103     2086     2088     7016     7018     6983     7019     8042     8044     8009     8045     8041     8043     8004     8008
      293     1739     1740     1741     1735     2099     2100     2101     2095     7009     7011     7013     7014     8035     8037     8039     8040     8034     8036     8038     8026
      294     1735     1736     1738     1737     2095     2096     2098     2097     7001     7003     7005     7007     8027     8029     8031     8033     8026     8028     8030     8032
      295     1733     1724     1722     1734     2093     2084     2082     2094     6996     6976     6997     6999     8022     8002     8023     8025     8021     7998     7993     8024
      296     1730     1712     1732     1731     2090     2072     2092     2091     6989     6990     6992     6994     8015     8016     8018     8020     8014     7971     8017     8019
      297     1729     1727     1725     1724     2089     2087     2085     2084     6986     6984     6973     6987     8012     8010     7999     8013     8011     8006     8000     7998
      298     1727     1728     1726     1725     2087     2088     2086     2085     6981     6983     6977     6984     8007     8009     8003     8010     8006     8008     8004     8000
      299     1725     1726     1719     1718     2085     2086     2079     2078     6977     6979     6960     6975     8003     8005     7986     8001     8000     8004     7987     7985
      300     1724     1725     1718     1722     2084     2085     2078     2082     6973     6975     6968     6976     7999     8001     7994     8002     7998     8000     7985     7993
      301     1722     1718     1720     1723     2082     2078     2080     2083     6968     6966     6969     6971     7994     7992     7995     7997     7993     7985     7991     7996
      302     1718     1719     1721     1720     2078     2079     2081     2080     6960     6962     6964     6966     7986     7988     7990     7992     7985     7987     7989     7991
      303     1715     1707     1708     1717     2075     2067     2068     2077     6951     6933     6956     6958     7977     7960     7982     7984     7978     7961     7959     7983
      304     1707     1715     1716     1710     2067     2075     2076     2070     6951     6953     6955     6938     7977     7979     7981     7965     7961     7978     7980     7966
      305     1709     1710     1714     1713     2069     2070     2074     2073     6940     6946     6948     6950     7967     7973     2680     7976     7963     7966     7974     7975
      306     1711       78       77     1712     2071      163      162     2072     6942     2934     6943     6945     7969     3114     7970     7972     7968     3115     3113     7971
      307     1709     1705     1707     1710     2069     2065     2067     2070     6937     6935     6938     6940     7964     7962     7965     7967     7963     7955     7961     7966
      308     1705     1706     1708     1707     2065     2066     2068     2067     6929     6931     6933     6935     7956     7958     7960     7962     7955     7957     7959     7961
      309     1701     1704     1527     1526     2061     2064     1887     1886     6927     6926     6381     6916     7954     7953     7431     7943     7942     7951     7402     7397
      310     1704     1703     1528     1527     2064     2063     1888     1887     6925     6923     6354     6926     7952     7950     7404     7953     7951     7948     7405     7402
      311     1703     1702     1536     1528     2063     2062     1896     1888     6922     6920     6380     6923     7949     7947     7430     7950     7948     7945     7427     7405
      312     1702     1389     1388     1536     2062     1749     1748     1896     6919     5980     6818     6920     7946     7030     7868     7947     7945     7031     7029     7427
      313     1384     1354     1350     1385     1744     1714     1710     1745     6917     5896     6822     5971     7944     6946     7872     7021     7020     6947     6939     7022
      314     1353     1701     1526     1349     1713     2061     1886     1709     6914     6916     6346     5900     7941     7943     7396     6950     6949     7942     7397     6936
      315     1390     1700     1530     1391     1750     2060     1890     1751     6913     6912     6844     5984     7940     7939     7894     7034     7033     7937     7409     7035
      316     1700     1699     1516     1530     2060     2059     1876     1890     6911     6909     6360     6912     7938     7936     7410     7939     7937     7934     7369     7409
      317     1699     1698     1480     1516     2059     2058     1840     1876     6908     6906     6320     6909     7935     7933     7370     7936     7934     7931     7270     7369
      318     1698     1697     1481     1480     2058     2057     1841     1840     6905     6903     6222     6906     7932     7930     7272     7933     7931     7928     7273     7270
      319     1697     1696     1515     1481     2057     2056     1875     1841     6902     6900     6318     6903     7929     7927     7368     7930     7928     7925     7365     7273
      320     1696     1695     1514     1515     2056     2055     1874     1875     6899     6897     6316     6900     7926     7924     7366     7927     7925     7922     7362     7365
      321     1695     1395     1394     1514     2055     1755     1754     1874     6896     5993     6840     6897     7923     7043     7890     7924     7922     7044     7042     7362
      322       87       89     1577     1537       88       90     1937     1897     2714     6894     6847     6849     2961     7921     7897     7898     2956     2960     7539     7432
      323       89       91     1575     1577       90       92     1935     1937     2713     6892     6490     6894     2965     7920     7540     7921     2960     2964     7534     7539
      324       91       93     1573     1575       92       94     1933     1935     2712     6890     6485     6892     2969     7919     7535     7920     2964     2968     7529     7534
      325       93       95     1571     1573       94       96     1931     1933     2711     6888     6480     6890     2973     7918     7530     7919     2968     2972     7524     7529
      326       95       97     1567     1571       96       98     1927     1931     2710     6886     6475     6888     2977     7917     7525     7918     2972     2976     7514     7524
      327       97       99     1565     1567       98      100     1925     1927     2709     6884     6465     6886     2981     7916     7515     7917     2976     2980     7509     7514
      328       99      101     1563     1565      100      102     1923     1925     2708     6882     6460     6884     2985     7915     7510     7916     2980     2984     7504     7509
      329      101      103     1561     1563      102      104     1921     1923     2707     6880     6455     6882     2989     7914     7505     7915     2984     2988     7499     7504
      330      103      105     1559     1561      104      106     1919     1921     2706     6878     6450     6880     2993     7913     7500     7914     2988     2992     7494     7499
      331      105      107     1555     1559      106      108     1915     1919     2705     6876     6445     6878     2997     7912     7495     7913     2992     2996     7484     7494
      332      107      109     1553     1555      108      110     1913     1915     2704     6874     6435     6876     3001     7911     7485     7912     2996     3000     7479     7484
      333      109      111     1551     1553      110      112     1911     1913     2703     6872     6430     6874     3005     7910     7480     7911     3000     3004     7474     7479
      334      111      113     1549     1551      112      114     1909     1911     2630     6870     6425     6872     3009     7909     7475     7910     3004     3008     7469     7474
      335      113      115     1547     1549      114      116     1907     1909     2629     6868     6420     6870     3013     7908     7470     7909     3008     3012     7464     7469
      336      115      117     1545     1547      116      118     1905     1907     2628     6866     6415     6868     3017     7907     7465     7908     3012     3016     7458     7464
      337      117      119     1544     1545      118      120     1904     1905     2627     6864     6409     6866     3021     7906     7459     7907     3016     3020     7455     7458
      338      119      121     1543     1544      120      122     1903     1904     2626     6862     6406     6864     3025     7905     7456     7906     3020     3024     7452     7455
      339      121      123     1542     1543      122      124     1902     1903     2625     6860     6403     6862     3029     7904     7453     7905     3024     3028     7449     7452
      340      123       75     1351     1542      124       78     1711     1902     2624     5891     6400     6860     3032     6942     7450     7904     3028     2936     6941     7449
      341       74       73     1372     1352       77       76     1732     1712     2639     6858     5940     5893     2932     7903     6990     6943     2933     2931     6991     6944
      342       73       79     1371     1372       76       80     1731     1732     2638     6856     5942     6858     2941     7902     6992     7903     2931     2940     6993     6991
      343       79       81     1541     1371       80       82     1901     1731     2637     6854     6396     6856     2945     7901     7446     7902     2940     2944     7443     6993
      344       81       83     1540     1541       82       84     1900     1901     2636     6852     6394     6854     2949     7900     7444     7901     2944     2948     7440     7443
      345       83       85     1539     1540       84       86     1899     1900     2635     6850     6391     6852     2953     7899     7441     7900     2948     2952     7437     7440
      346       85       87     1537     1539       86       88     1897     1899     2634     6849     6388     6850     2957     7898     7438     7899     2952     2956     7432     7437
      347     1537     1577     1578     1538     1897     1937     1938     1898     6847     6493     6651     6383     7897     7543     7701     7433     7432     7539     7542     7434
      348     1684     1694     1529     1531     2044     2054     1889     1891     6846     6845     6363     6806     7896     7895     7413     7856     7855     7892     7407     7412
      349     1694     1391     1530     1529     2054     1751     1890     1889     6843     6844     6358     6845     7893     7894     7408     7895     7892     7035     7409     7407
      350     1393     1693     1394     1392     1753     2053     1754     1752     6841     6839     5991     5988     7891     7889     7041     7038     7037     7886     7042     7039
      351     1394     1693     1513     1514     1754     2053     1873     1874     6839     6838     6313     6840     7889     7888     7363     7890     7042     7886     7359     7362
      352     1693     1692     1512     1513     2053     2052     1872     1873     6837     6835     6310     6838     7887     7885     7360     7888     7886     7883     7356     7359
      353     1692     1691     1511     1512     2052     2051     1871     1872     6834     6832     6307     6835     7884     7882     7357     7885     7883     7880     7353     7356
      354     1691     1690     1510     1511     2051     2050     1870     1871     6831     6829     6304     6832     7881     7879     7354     7882     7880     7877     7350     7353
      355     1690     1689     1509     1510     2050     2049     1869     1870     6828     6826     6301     6829     7878     7876     7351     7879     7877     7874     7347     7350
      356     1689     1688     1356     1509     2049     2048     1716     1869     6825     6823     6298     6826     7875     7873     7348     7876     7874     7870     6954     7347
      357     1688     1385     1350     1356     2048     1745     1710     1716     6821     6822     5905     6823     7871     7872     6955     7873     7870     7022     6939     6954
      358     1387     1687     1388     1386     1747     2047     1748     1746     6819     6817     5978     5975     7869     7867     7028     7025     7024     7864     7029     7026
      359     1388     1687     1535     1536     1748     2047     1895     1896     6817     6816     6378     6818     7867     7866     7428     7868     7029     7864     7424     7427
      360     1687     1686     1534     1535     2047     2046     1894     1895     6815     6813     6375     6816     7865     7863     7425     7866     7864     7861     7421     7424
      361     1686     1685     1533     1534     2046     2045     1893     1894     6812     6810     6372     6813     7862     7860     7422     7863     7861     7858     7418     7421
      362     1685     1683     1532     1533     2045     2043     1892     1893     6809     6807     6369     6810     7859     7857     7419     7860     7858     7853     7415     7418
      363     1683     1684     1531     1532     2043     2044     1891     1892     6804     6806     6366     6807     7854     7856     7416     7857     7853     7855     7412     7415
      364     1580     1682     1470     1472     1940     2042     1830     1832     6802     6801     6200     6496     7852     7851     7250     7546     7545     7849     7244     7249
      365     1682     1681     1469     1470     2042     2041     1829     1830     6800     6798     6195     6801     7850     7848     7245     7851     7849     7846     7241     7244
      366     1681     1680     1468     1469     2041     2040     1828     1829     6797     6795     6192     6798     7847     7845     7242     7848     7846     7843     7238     7241
      367     1680     1679     1467     1468     2040     2039     1827     1828     6794     6792     6189     6795     7844     7842     7239     7845     7843     7840     7235     7238
      368     1679     1678     1466     1467     2039     2038     1826     1827     6791     6789     6186     6792     7841     7839     7236     7842     7840     7837     7232     7235
      369     1678     1677     1465     1466     2038     2037     1825     1826     6788     6786     6183     6789     7838     7836     7233     7839     7837     7834     7229     7232
      370     1677     1676     1464     1465     2037     2036     1824     1825     6785     6783     6180     6786     7835     7833     7230     7836     7834     7831     7226     7229
      371     1676     1675     1463     1464     2036     2035     1823     1824     6782     6780     6177     6783     7832     7830     7227     7833     7831     7828     7223     7226
      372     1675     1674     1462     1463     2035     2034     1822     1823     6779     6777     6174     6780     7829     7827     7224     7830     7828     7825     7219     7223
      373     1674     1673     1460     1462     2034     2033     1820     1822     6776     6774     6170     6777     7826     7824     7220     7827     7825     7822     7214     7219
      374     1673     1672     1458     1460     2033     2032     1818     1820     6773     6771     6165     6774     7823     7821     7215     7824     7822     7819     7209     7214
      375     1672     1671     1456     1458     2032     2031     1816     1818     6770     6768     6160     6771     7820     7818     7210     7821     7819     7816     7204     7209
      376     1671     1670     1454     1456     2031     2030     1814     1816     6767     6765     6155     6768     7817     7815     7205     7818     7816     7813     7199     7204
      377     1670     1669     1452     1454     2030     2029     1812     1814     6764     6762     6150     6765     7814     7812     7200     7815     7813     7810     7194     7199
      378     1669     1668     1450     1452     2029     2028     1810     1812     6761     6759     6145     6762     7811     7809     7195     7812     7810     7807     7189     7194
      379     1668     1667     1448     1450     2028     2027     1808     1810     6758     6756     6140     6759     7808     7806     7190     7809     7807     7804     7184     7189
      380     1667     1666     1446     1448     2027     2026     1806     1808     6755     6753     6135     6756     7805     7803     7185     7806     7804     7801     7179     7184
      381     1666     1665     1444     1446     2026     2025     1804     1806     6752     6750     6130     6753     7802     7800     7180     7803     7801     7798     7174     7179
      382     1665     1664     1442     1444     2025     2024     1802     1804     6749     6747     6125     6750     7799     7797     7175     7800     7798     7795     7169     7174
      383     1664     1663     1440     1442     2024     2023     1800     1802     6746     6744     6120     6747     7796     7794     7170     7797     7795     7792     7164     7169
      384     1663     1662     1438     1440     2023     2022     1798     1800     6743     6741     6115     6744     7793     7791     7165     7794     7792     7789     7159     7164
      385     1662     1661     1436     1438     2022     2021     1796     1798     6740     6738     6110     6741     7790     7788     7160     7791     7789     7786     7154     7159
      386     1661     1660     1435     1436     2021     2020     1795     1796     6737     6735     6105     6738     7787     7785     7155     7788     7786     7783     7151     7154
      387     1660     1659     1434     1435     2020     2019     1794     1795     6734     6732     6102     6735     7784     7782     7152     7785     7783     7780     7148     7151
      388     1659     1658     1360     1434     2019     2018     1720     1794     6731     6729     6099     6732     7781     7779     7149     7782     7780     7777     6965     7148
      389     1658     1657     1363     1360     2018     2017     1723     1720     6728     6726     5919     6729     7778     7776     6969     7779     7777     7774     6970     6965
      390     1657     1656     1433     1363     2017     2016     1793     1723     6725     6723     6097     6726     7775     7773     7147     7776     7774     7771     7143     6970
      391     1656     1655     1431     1433     2016     2015     1791     1793     6722     6720     6094     6723     7772     7770     7144     7773     7771     7768     7138     7143
      392     1655     1654     1429     1431     2015     2014     1789     1791     6719     6717     6089     6720     7769     7767     7139     7770     7768     2452     7133     7138
      393     1654     1653     1428     1429     2014     2013     1788     1789     6716     6715     6084     6717     7766     7765     7134     7767     2452     7763     7131     7133
      394     1653     1652     1423     1428     2013     2012     1783     1788     6714     6712     6082     6715     7764     7762     7132     7765     7763     7760     7120     7131
      395     1652     1651     1424     1423     2012     2011     1784     1783     6711     6709     6071     6712     7761     7759     7121     7762     7760     7757     7122     7120
      396     1651     1650     1546     1424     2011     2010     1906     1784     6708     6706     6413     6709     7758     7756     7463     7759     7757     7754     7461     7122
      397     1650     1649     1548     1546     2010     2009     1908     1906     6705     6703     6416     6706     7755     7753     7466     7756     7754     7751     7467     7461
      398     1649     1648     1550     1548     2009     2008     1910     1908     6702     6700     6421     6703     7752     7750     7471     7753     7751     7748     7472     7467
      399     1648     1647     1552     1550     2008     2007     1912     1910     6699     6697     6426     6700     7749     7747     7476     7750     7748     7745     7477     7472
      400     1647     1646     1554     1552     2007     2006     1914     1912     6696     6694     6431     6697     7746     7744     7481     7747     7745     7742     7482     7477
      401     1646     1645     1556     1554     2006     2005     1916     1914     6693     6691     6436     6694     7743     7741     7486     7744     7742     7739     7487     7482
      402     1645     1644     1558     1556     2005     2004     1918     1916     6690     6688     6441     6691     7740     7738     7491     7741     7739     7736     7492     7487
      403     1644     1643     1557     1558     2004     2003     1917     1918     6687     6685     6443     6688     7737     7735     7493     7738     7736     7733     7489     7492
      404     1643     1642     1560     1557     2003     2002     1920     1917     6684     6682     6446     6685     7734     7732     7496     7735     7733     7730     7497     7489
      405     1642     1641     1562     1560     2002     2001     1922     1920     6681     6679     6451     6682     7731     7729     7501     7732     7730     7727     7502     7497
      406     1641     1640     1564     1562     2001     2000     1924     1922     6678     6676     6456     6679     7728     7726     7506     7729     7727     7724     7507     7502
      407     1640     1639     1566     1564     2000     1999     1926     1924     6675     6673     6461     6676     7725     7723     7511     7726     7724     7721     7512     7507
      408     1639     1638     1568     1566     1999     1998     1928     1926     6672     6670     6466     6673     7722     7720     7516     7723     7721     7718     7517     7512
      409     1638     1637     1570     1568     1998     1997     1930     1928     6669     6667     6471     6670     7719     7717     7521     7720     7718     7715     7522     7517
      410     1637     1636     1569     1570     1997     1996     1929     1930     6666     6664     6473     6667     7716     7714     7523     7717     7715     7712     7519     7522
      411     1636     1635     1572     1569     1996     1995     1932     1929     6663     6661     6476     6664     7713     7711     7526     7714     7712     7709     7527     7519
      412     1635     1634     1574     1572     1995     1994     1934     1932     6660     6658     6481     6661     7710     7708     7531     7711     7709     7706     7532     7527
      413     1634     1633     1576     1574     1994     1993     1936     1934     6657     6655     6486     6658     7707     7705     7536     7708     7706     7703     7537     7532
      414     1633     1632     1578     1576     1993     1992     1938     1936     6654     6652     6491     6655     7704     7702     7541     7705     7703     2570     7542     7537
      415     1632     1631     1538     1578     1992     1991     1898     1938     6650     6649     6651     6652     7700     7699     7701     7702     2570     7697     7434     7542
      416     1631     1630     1413     1538     1991     1990     1773     1898     6648     6646     6385     6649     7698     7696     7435     7699     7697     7694     7093     7434
      417     1630     1629     1412     1413     1990     1989     1772     1773     6645     6643     6044     6646     7695     7693     7094     7696     7694     7691     7090     7093
      418     1629     1628     1411     1412     1989     1988     1771     1772     6642     6640     6041     6643     7692     7690     7091     7693     7691     7688     7087     7090
      419     1628     1627     1410     1411     1988     1987     1770     1771     6639     6637     6038     6640     7689     7687     7088     7690     7688     7685     7084     7087
      420     1627     1626     1408     1410     1987     1986     1768     1770     6636     6634     6035     6637     7686     7684     7085     7687     7685     7682     7079     7084
      421     1626     1625     1409     1408     1986     1985     1769     1768     6633     6631     6030     6634     7683     7681     7080     7684     7682     7679     7081     7079
      422     1625     1624     1437     1409     1985     1984     1797     1769     6630     6628     6106     6631     7680     7678     7156     7681     7679     7676     7157     7081
      423     1624     1623     1439     1437     1984     1983     1799     1797     6627     6625     6111     6628     7677     7675     7161     7678     7676     7673     7162     7157
      424     1623     1622     1441     1439     1983     1982     1801     1799     6624     6622     6116     6625     7674     7672     7166     7675     7673     7670     7167     7162
      425     1622     1621     1443     1441     1982     1981     1803     1801     6621     6619     6121     6622     7671     7669     7171     7672     7670     7667     7172     7167
      426     1621     1620     1445     1443     1981     1980     1805     1803     6618     6616     6126     6619     7668     7666     7176     7669     7667     7664     7177     7172
      427     1620     1619     1447     1445     1980     1979     1807     1805     6615     6613     6131     6616     7665     7663     7181     7666     7664     7661     7182     7177
      428     1619     1618     1449     1447     1979     1978     1809     1807     6612     6610     6136     6613     7662     7660     7186     7663     7661     7658     7187     7182
      429     1618     1617     1451     1449     1978     1977     1811     1809     6609     6607     6141     6610     7659     7657     7191     7660     7658     7655     7192     7187
      430     1617     1616     1453     1451     1977     1976     1813     1811     6606     6604     6146     6607     7656     7654     7196     7657     7655     7652     7197     7192
      431     1616     1615     1455     1453     1976     1975     1815     1813     6603     6601     6151     6604     7653     7651     7201     7654     7652     7649     7202     7197
      432     1615     1614     1457     1455     1975     1974     1817     1815     6600     6598     6156     6601     7650     7648     7206     7651     7649     7646     7207     7202
      433     1614     1613     1459     1457     1974     1973     1819     1817     6597     6595     6161     6598     7647     7645     7211     7648     7646     7643     7212     7207
      434     1613     1612     1461     1459     1973     1972     1821     1819     6594     6592     6166     6595     7644     7642     7216     7645     7643     7640     7217     7212
      435     1612     1611     1421     1461     1972     1971     1781     1821     6591     6589     6171     6592     7641     7639     7221     7642     7640     7637     7115     7217
      436     1611     1610     1419     1421     1971     1970     1779     1781     6588     6586     6066     6589     7638     7636     7116     7639     7637     7634     7110     7115
      437     1610     1609     1418     1419     1970     1969     1778     1779     6585     6583     6061     6586     7635     7633     7111     7636     7634     7631     7107     7110
      438     1609     1608     1417     1418     1969     1968     1777     1778     6582     6580     6058     6583     7632     7630     7108     7633     7631     7628     7104     7107
      439     1608     1607     1416     1417     1968     1967     1776     1777     6579     6577     6055     6580     7629     7627     7105     7630     7628     7625     7101     7104
      440     1607     1606     1376     1416     1967     1966     1736     1776     6576     6574     6052     6577     7626     7624     7102     7627     7625     7622     7002     7101
      441     1606     1605     1378     1376     1966     1965     1738     1736     6573     6571     5953     6574     7623     7621     7003     7624     7622     7619     7004     7002
      442     1605     1604     1519     1378     1965     1964     1879     1738     6570     6568     6328     6571     7620     7618     7378     7621     7619     7616     7379     7004
      443     1604     1603     1521     1519     1964     1963     1881     1879     6567     6565     6333     6568     7617     7615     7383     7618     7616     7613     7384     7379
      444     1603     1602     1523     1521     1963     1962     1883     1881     6564     6562     6338     6565     7614     7612     7388     7615     7613     2538     7389     7384
      445     1602     1601     1525     1523     1962     1961     1885     1883     6561     6560     6343     6562     7611     7610     7393     7612     2538     7608     7394     7389
      446     1601     1600     1507     1525     1961     1960     1867     1885     6559     6557     6350     6560     7609     7607     7400     7610     7608     7605     7342     7394
      447     1600     1599     1505     1507     1960     1959     1865     1867     6556     6554     6293     6557     7606     7604     7343     7607     7605     7602     7337     7342
      448     1599     1598     1503     1505     1959     1958     1863     1865     6553     6551     6288     6554     7603     7601     7338     7604     7602     7599     7332     7337
      449     1598     1597     1502     1503     1958     1957     1862     1863     6550     6548     6283     6551     7600     7598     7333     7601     7599     7596     7329     7332
      450     1597     1596     1501     1502     1957     1956     1861     1862     6547     6545     6280     6548     7597     7595     7330     7598     7596     7593     7326     7329
      451     1596     1595     1500     1501     1956     1955     1860     1861     6544     6542     6277     6545     7594     7592     7327     7595     7593     7590     7323     7326
      452     1595     1594     1499     1500     1955     1954     1859     1860     6541     6539     6274     6542     7591     7589     7324     7592     7590     7587     7320     7323
      453     1594     1593     1498     1499     1954     1953     1858     1859     6538     6536     6271     6539     7588     7586     7321     7589     7587     7584     7317     7320
      454     1593     1592     1497     1498     1953     1952     1857     1858     6535     6533     6268     6536     7585     7583     7318     7586     7584     7581     7315     7317
      455     1592     1591     1496     1497     1952     1951     1856     1857     6532     6530     6266     6533     7582     7580     7316     7583     7581     7578     7312     7315
      456     1591     1590     1495     1496     1951     1950     1855     1856     6529     6527     6263     6530     7579     7577     7313     7580     7578     7575     7309     7312
      457     1590     1589     1494     1495     1950     1949     1854     1855     6526     6524     6260     6527     7576     7574     7310     7577     7575     7572     7305     7309
      458     1589     1588     1492     1494     1949     1948     1852     1854     6523     6521     6256     6524     7573     7571     7306     7574     7572     7569     7300     7305
      459     1588     1587     1490     1492     1948     1947     1850     1852     6520     6518     6251     6521     7570     7568     7301     7571     7569     7566     7295     7300
      460     1587     1586     1488     1490     1947     1946     1848     1850     6517     6515     6246     6518     7567     7565     7296     7568     7566     7563     7290     7295
      461     1586     1585     1486     1488     1946     1945     1846     1848     6514     6512     6241     6515     7564     7562     7291     7565     7563     7560     7285     7290
      462     1585     1584     1484     1486     1945     1944     1844     1846     6511     6509     6236     6512     7561     7559     7286     7562     7560     7557     7280     7285
      463     1584     1583     1483     1484     1944     1943     1843     1844     6508     6506     6231     6509     7558     7556     7281     7559     7557     7554     7277     7280
      464     1583     1582     1478     1483     1943     1942     1838     1843     6505     6503     6228     6506     7555     7553     7278     7556     7554     7551     7264     7277
      465     1582     1581     1476     1478     1942     1941     1836     1838     6502     6500     6215     6503     7552     7550     7265     7553     7551     7548     7259     7264
      466     1581     1579     1474     1476     1941     1939     1834     1836     6499     6497     6210     6500     7549     7547     7260     7550     7548     2484     7254     7259
      467     1579     1580     1472     1474     1939     1940     1832     1834     6494     6496     6205     6497     7544     7546     7255     7547     2484     7545     7249     7254
      468     1577     1575     1576     1578     1937     1935     1936     1938     6490     6488     6491     6493     7540     7538     7541     7543     7539     7534     7537     7542
      469     1575     1573     1574     1576     1935     1933     1934     1936     6485     6483     6486     6488     7535     7533     7536     7538     7534     7529     7532     7537
      470     1573     1571     1572     1574     1933     1931     1932     1934     6480     6478     6481     6483     7530     7528     7531     7533     7529     7524     7527     7532
      471     1571     1567     1569     1572     1931     1927     1929     1932     6475     6470     6476     6478     7525     7520     7526     7528     7524     7514     7519     7527
      472     1569     1567     1568     1570     1929     1927     1928     1930     6470     6468     6471     6473     7520     7518     7521     7523     7519     7514     7517     7522
      473     1567     1565     1566     1568     1927     1925     1926     1928     6465     6463     6466     6468     7515     7513     7516     7518     7514     7509     7512     7517
      474     1565     1563     1564     1566     1925     1923     1924     1926     6460     6458     6461     6463     7510     7508     7511     7513     7509     7504     7507     7512
      475     1563     1561     1562     1564     1923     1921     1922     1924     6455     6453     6456     6458     7505     7503     7506     7508     7504     7499     7502     7507
      476     1561     1559     1560     1562     1921     1919     1920     1922     6450     6448     6451     6453     7500     7498     7501     7503     7499     7494     7497     7502
      477     1559     1555     1557     1560     1919     1915     1917     1920     6445     6440     6446     6448     7495     7490     7496     7498     7494     7484     7489     7497
      478     1557     1555     1556     1558     1917     1915     1916     1918     6440     6438     6441     6443     7490     7488     7491     7493     7489     7484     7487     7492
      479     1555     1553     1554     1556     1915     1913     1914     1916     6435     6433     6436     6438     7485     7483     7486     7488     7484     7479     7482     7487
      480     1553     1551     1552     1554     1913     1911     1912     1914     6430     6428     6431     6433     7480     7478     7481     7483     7479     7474     7477     7482
      481     1551     1549     1550     1552     1911     1909     1910     1912     6425     6423     6426     6428     7475     7473     7476     7478     7474     7469     7472     7477
      482     1549     1547     1548     1550     1909     1907     1908     1910     6420     6418     6421     6423     7470     7468     7471     7473     7469     7464     7467     7472
      483     1547     1545     1546     1548     1907     1905     1906     1908     6415     6412     6416     6418     7465     7462     7466     7468     7464     7458     7461     7467
      484     1546     1545     1426     1424     1906     1905     1786     1784     6412     6410     6073     6413     7462     7460     7123     7463     7461     7458     7124     7122
      485     1545     1544     1425     1426     1905     1904     1785     1786     6409     6407     6075     6410     7459     7457     7125     7460     7458     7455     7126     7124
      486     1544     1543     1427     1425     1904     1903     1787     1785     6406     6404     6078     6407     7456     7454     7128     7457     7455     7452     7129     7126
      487     1543     1542     1430     1427     1903     1902     1790     1787     6403     6401     6085     6404     7453     7451     7135     7454     7452     7449     7136     7129
      488     1542     1351     1432     1430     1902     1711     1792     1790     6400     6398     6090     6401     7450     7448     7140     7451     7449     6941     7141     7136
      489     1351     1373     1374     1432     1711     1733     1734     1792     6397     5949     6095     6398     7447     6999     7145     7448     6941     6995     6998     7141
      490     1351     1352     1370     1373     1711     1712     1730     1733     5895     5939     6028     6397     6945     6989     7078     7447     6941     6944     6988     6995
      491     1371     1541     1369     1370     1731     1901     1729     1730     6396     6395     6027     5944     7446     7445     7077     6994     6993     7443     6985     6988
      492     1541     1540     1367     1369     1901     1900     1727     1729     6394     6392     5936     6395     7444     7442     6986     7445     7443     7440     6980     6985
      493     1540     1539     1368     1367     1900     1899     1728     1727     6391     6389     5931     6392     7441     7439     6981     7442     7440     7437     6982     6980
      494     1539     1537     1382     1368     1899     1897     1742     1728     6388     6386     5969     6389     7438     7436     7019     7439     7437     7432     7015     6982
      495     1537     1538     1413     1382     1897     1898     1773     1742     6383     6385     6045     6386     7433     7435     7095     7436     7432     7434     7093     7015
      496     1526     1527     1506     1504     1886     1887     1866     1864     6381     6351     6289     6348     7431     7401     7339     7398     7397     7402     7340     7335
      497     1528     1536     1520     1522     1888     1896     1880     1882     6380     6379     6337     6356     7430     7429     7387     7406     7405     7427     7381     7386
      498     1536     1535     1518     1520     1896     1895     1878     1880     6378     6376     6332     6379     7428     7426     7382     7429     7427     7424     7376     7381
      499     1535     1534     1377     1518     1895     1894     1737     1878     6375     6373     6327     6376     7425     7423     7377     7426     7424     7421     7006     7376
      500     1534     1533     1375     1377     1894     1893     1735     1737     6372     6370     5957     6373     7422     7420     7007     7423     7421     7418     7000     7006
      501     1533     1532     1379     1375     1893     1892     1739     1735     6369     6367     5964     6370     7419     7417     7014     7420     7418     7415     7008     7000
      502     1532     1531     1414     1379     1892     1891     1774     1739     6366     6364     6046     6367     7416     7414     7096     7417     7415     7412     7097     7008
      503     1531     1529     1517     1414     1891     1889     1877     1774     6363     6361     6325     6364     7413     7411     7375     7414     7412     7407     7372     7097
      504     1529     1530     1516     1517     1889     1890     1876     1877     6358     6360     6323     6361     7408     7410     7373     7411     7407     7409     7369     7372
      505     1527     1528     1522     1524     1887     1888     1882     1884     6354     6356     6342     6353     7404     7406     7392     7403     7402     7405     7386     7391
      506     1506     1527     1524     1508     1866     1887     1884     1868     6351     6353     6349     6294     7401     7403     7399     7344     7340     7402     7391     7345
      507     1508     1524     1525     1507     1868     1884     1885     1867     6349     6345     6350     6296     7399     7395     7400     7346     7345     7391     7394     7342
      508     1349     1526     1504     1345     1709     1886     1864     1705     6346     6348     6284     5886     7396     7398     7334     6937     6936     7397     7335     6928
      509     1524     1522     1523     1525     1884     1882     1883     1885     6342     6340     6343     6345     7392     7390     7393     7395     7391     7386     7389     7394
      510     1522     1520     1521     1523     1882     1880     1881     1883     6337     6335     6338     6340     7387     7385     7388     7390     7386     7381     7384     7389
      511     1520     1518     1519     1521     1880     1878     1879     1881     6332     6330     6333     6335     7382     7380     7383     7385     7381     7376     7379     7384
      512     1518     1377     1378     1519     1878     1737     1738     1879     6327     5955     6328     6330     7377     7005     7378     7380     7376     7006     7004     7379
      513     1414     1517     1471     1415     1774     1877     1831     1775     6325     6324     6196     6048     7375     7374     7246     7098     7097     7372     7247     7099
      514     1517     1516     1473     1471     1877     1876     1833     1831     6323     6321     6201     6324     7373     7371     7251     7374     7372     7369     7252     7247
      515     1516     1480     1475     1473     1876     1840     1835     1833     6320     6219     6206     6321     7370     7269     7256     7371     7369     7270     7257     7252
      516     1481     1515     1485     1482     1841     1875     1845     1842     6318     6317     6232     6224     7368     7367     7282     7274     7273     7365     7283     7275
      517     1515     1514     1487     1485     1875     1874     1847     1845     6316     6314     6237     6317     7366     7364     7287     7367     7365     7362     7288     7283
      518     1514     1513     1489     1487     1874     1873     1849     1847     6313     6311     6242     6314     7363     7361     7292     7364     7362     7359     7293     7288
      519     1513     1512     1491     1489     1873     1872     1851     1849     6310     6308     6247     6311     7360     7358     7297     7361     7359     7356     7298     7293
      520     1512     1511     1493     1491     1872     1871     1853     1851     6307     6305     6252     6308     7357     7355     7302     7358     7356     7353     7303     7298
      521     1511     1510     1407     1493     1871     1870     1767     1853     6304     6302     6257     6305     7354     7352     7307     7355     7353     7350     7071     7303
      522     1510     1509     1406     1407     1870     1869     1766     1767     6301     6299     6022     6302     7351     7349     7072     7352     7350     7347     7073     7071
      523     1509     1356     1355     1406     1869     1716     1715     1766     6298     5903     6026     6299     7348     6953     7076     7349     7347     6954     6952     7073
      524     1507     1505     1506     1508     1867     1865     1866     1868     6293     6291     6294     6296     7343     7341     7344     7346     7342     7337     7340     7345
      525     1505     1503     1504     1506     1865     1863     1864     1866     6288     6286     6289     6291     7338     7336     7339     7341     7337     7332     7335     7340
      526     1503     1502     1345     1504     1863     1862     1705     1864     6283     6281     6284     6286     7333     7331     7334     7336     7332     7329     6928     7335
      527     1502     1501     1346     1345     1862     1861     1706     1705     6280     6278     5878     6281     7330     7328     6929     7331     7329     7326     6930     6928
      528     1501     1500     1348     1346     1861     1860     1708     1706     6277     6275     5880     6278     7327     7325     6931     7328     7326     7323     6932     6930
      529     1500     1499     1357     1348     1860     1859     1717     1708     6274     6272     5906     6275     7324     7322     6956     7325     7323     7320     6957     6932
      530     1499     1498     1404     1357     1859     1858     1764     1717     6271     6269     6025     6272     7321     7319     7075     7322     7320     7317     7067     6957
      531     1498     1497     1405     1404     1858     1857     1765     1764     6268     6264     6018     6269     7318     7314     7068     7319     7317     7315     7069     7067
      532     1496     1495     1405     1497     1856     1855     1765     1857     6263     6261     6264     6266     7313     7311     7314     7316     7312     7309     7069     7315
      533     1495     1494     1407     1405     1855     1854     1767     1765     6260     6258     6020     6261     7310     7308     7070     7311     7309     7305     7071     7069
      534     1494     1492     1493     1407     1854     1852     1853     1767     6256     6254     6257     6258     7306     7304     7307     7308     7305     7300     7303     7071
      535     1492     1490     1491     1493     1852     1850     1851     1853     6251     6249     6252     6254     7301     7299     7302     7304     7300     7295     7298     7303
      536     1490     1488     1489     1491     1850     1848     1849     1851     6246     6244     6247     6249     7296     7294     7297     7299     7295     7290     7293     7298
      537     1488     1486     1487     1489     1848     1846     1847     1849     6241     6239     6242     6244     7291     7289     7292     7294     7290     7285     7288     7293
      538     1486     1484     1485     1487     1846     1844     1845     1847     6236     6234     6237     6239     7286     7284     7287     7289     7285     7280     7283     7288
      539     1484     1483     1482     1485     1844     1843     1842     1845     6231     6229     6232     6234     7281     7279     7282     7284     7280     7277     7275     7283
      540     1483     1478     1479     1482     1843     1838     1839     1842     6228     6218     6226     6229     7278     7268     7276     7279     7277     7264     7267     7275
      541     1480     1481     1482     1479     1840     1841     1842     1839     6222     6224     6226     6221     7272     7274     7276     7271     7270     7273     7275     7267
      542     1475     1480     1479     1477     1835     1840     1839     1837     6219     6221     6216     6211     7269     7271     7266     7261     7257     7270     7267     7262
      543     1478     1476     1477     1479     1838     1836     1837     1839     6215     6213     6216     6218     7265     7263     7266     7268     7264     7259     7262     7267
      544     1476     1474     1475     1477     1836     1834     1835     1837     6210     6208     6211     6213     7260     7258     7261     7263     7259     7254     7257     7262
      545     1474     1472     1473     1475     1834     1832     1833     1835     6205     6203     6206     6208     7255     7253     7256     7258     7254     7249     7252     7257
      546     1472     1470     1471     1473     1832     1830     1831     1833     6200     6198     6201     6203     7250     7248     7251     7253     7249     7244     7247     7252
      547     1470     1469     1415     1471     1830     1829     1775     1831     6195     6193     6196     6198     7245     7243     7246     7248     7244     7241     7099     7247
      548     1469     1468     1380     1415     1829     1828     1740     1775     6192     6190     6050     6193     7242     7240     7100     7243     7241     7238     7010     7099
      549     1468     1467     1401     1380     1828     1827     1761     1740     6189     6187     6009     6190     7239     7237     7059     7240     7238     7235     7060     7010
      550     1467     1466     1403     1401     1827     1826     1763     1761     6186     6184     6014     6187     7236     7234     7064     7237     7235     7232     7065     7060
      551     1466     1465     1402     1403     1826     1825     1762     1763     6183     6181     6016     6184     7233     7231     7066     7234     7232     7229     7062     7065
      552     1465     1464     1420     1402     1825     1824     1780     1762     6180     6178     6062     6181     7230     7228     7112     7231     7229     7226     7113     7062
      553     1464     1463     1422     1420     1824     1823     1782     1780     6177     6175     6067     6178     7227     7225     7117     7228     7226     7223     7118     7113
      554     1463     1462     1421     1422     1823     1822     1781     1782     6174     6172     6069     6175     7224     7222     7119     7225     7223     7219     7115     7118
      555     1462     1460     1461     1421     1822     1820     1821     1781     6170     6168     6171     6172     7220     7218     7221     7222     7219     7214     7217     7115
      556     1460     1458     1459     1461     1820     1818     1819     1821     6165     6163     6166     6168     7215     7213     7216     7218     7214     7209     7212     7217
      557     1458     1456     1457     1459     1818     1816     1817     1819     6160     6158     6161     6163     7210     7208     7211     7213     7209     7204     7207     7212
      558     1456     1454     1455     1457     1816     1814     1815     1817     6155     6153     6156     6158     7205     7203     7206     7208     7204     7199     7202     7207
      559     1454     1452     1453     1455     1814     1812     1813     1815     6150     6148     6151     6153     7200     7198     7201     7203     7199     7194     7197     7202
      560     1452     1450     1451     1453     1812     1810     1811     1813     6145     6143     6146     6148     7195     7193     7196     7198     7194     7189     7192     7197
      561     1450     1448     1449     1451     1810     1808     1809     1811     6140     6138     6141     6143     7190     7188     7191     7193     7189     7184     7187     7192
      562     1448     1446     1447     1449     1808     1806     1807     1809     6135     6133     6136     6138     7185     7183     7186     7188     7184     7179     7182     7187
      563     1446     1444     1445     1447     1806     1804     1805     1807     6130     6128     6131     6133     7180     7178     7181     7183     7179     7174     7177     7182
      564     1444     1442     1443     1445     1804     1802     1803     1805     6125     6123     6126     6128     7175     7173     7176     7178     7174     7169     7172     7177
      565     1442     1440     1441     1443     1802     1800     1801     1803     6120     6118     6121     6123     7170     7168     7171     7173     7169     7164     7167     7172
      566     1440     1438     1439     1441     1800     1798     1799     1801     6115     6113     6116     6118     7165     7163     7166     7168     7164     7159     7162     7167
      567     1438     1436     1437     1439     1798     1796     1797     1799     6110     6108     6111     6113     7160     7158     7161     7163     7159     7154     7157     7162
      568     1436     1435     1409     1437     1796     1795     1769     1797     6105     6103     6106     6108     7155     7153     7156     7158     7154     7151     7081     7157
      569     1435     1434     1397     1409     1795     1794     1757     1769     6102     6100     6032     6103     7152     7150     7082     7153     7151     7148     7051     7081
      570     1434     1360     1361     1397     1794     1720     1721     1757     6099     5914     6002     6100     7149     6964     7052     7150     7148     6965     6963     7051
      571     1363     1433     1374     1362     1723     1793     1734     1722     6097     6096     5947     5921     7147     7146     6997     6971     6970     7143     6998     6967
      572     1433     1431     1432     1374     1793     1791     1792     1734     6094     6092     6095     6096     7144     7142     7145     7146     7143     7138     7141     6998
      573     1431     1429     1430     1432     1791     1789     1790     1792     6089     6087     6090     6092     7139     7137     7140     7142     7138     7133     7136     7141
      574     1429     1428     1427     1430     1789     1788     1787     1790     6084     6080     6085     6087     7134     7130     7135     7137     7133     7131     7129     7136
      575     1425     1427     1428     1423     1785     1787     1788     1783     6078     6080     6082     6077     7128     7130     7132     7127     7126     7129     7131     7120
      576     1423     1424     1426     1425     1783     1784     1786     1785     6071     6073     6075     6077     7121     7123     7125     7127     7120     7122     7124     7126
      577     1421     1419     1420     1422     1781     1779     1780     1782     6066     6064     6067     6069     7116     7114     7117     7119     7115     7110     7113     7118
      578     1419     1418     1402     1420     1779     1778     1762     1780     6061     6059     6062     6064     7111     7109     7112     7114     7110     7107     7062     7113
      579     1418     1417     1400     1402     1778     1777     1760     1762     6058     6056     6013     6059     7108     7106     7063     7109     7107     7104     7057     7062
      580     1417     1416     1381     1400     1777     1776     1741     1760     6055     6053     6008     6056     7105     7103     7058     7106     7104     7101     7012     7057
      581     1416     1376     1375     1381     1776     1736     1735     1741     6052     5951     5963     6053     7102     7001     7013     7103     7101     7002     7000     7012
      582     1379     1414     1415     1380     1739     1774     1775     1740     6046     6048     6050     5959     7096     7098     7100     7009     7008     7097     7099     7010
      583     1413     1412     1383     1382     1773     1772     1743     1742     6044     6042     5966     6045     7094     7092     7016     7095     7093     7090     7017     7015
      584     1412     1411     1399     1383     1772     1771     1759     1743     6041     6039     6006     6042     7091     7089     7056     7092     7090     7087     7053     7017
      585     1411     1410     1396     1399     1771     1770     1756     1759     6038     6036     6004     6039     7088     7086     7054     7089     7087     7084     7047     7053
      586     1410     1408     1398     1396     1770     1768     1758     1756     6035     6033     5998     6036     7085     7083     7048     7086     7084     7079     7049     7047
      587     1408     1409     1397     1398     1768     1769     1757     1758     6030     6032     6000     6033     7080     7082     7050     7083     7079     7081     7051     7049
      588     1370     1369     1364     1373     1730     1729     1724     1733     6027     5937     5946     6028     7077     6987     6996     7078     6988     6985     6972     6995
      589     1357     1404     1406     1355     1717     1764     1766     1715     6025     6024     6026     5908     7075     7074     7076     6958     6957     7067     7073     6952
      590     1404     1405     1407     1406     1764     1765     1767     1766     6018     6020     6022     6024     7068     7070     7072     7074     7067     7069     7071     7073
      591     1402     1400     1401     1403     1762     1760     1761     1763     6013     6011     6014     6016     7063     7061     7064     7066     7062     7057     7060     7065
      592     1400     1381     1380     1401     1760     1741     1740     1761     6008     5961     6009     6011     7058     7011     7059     7061     7057     7012     7010     7060
      593     1383     1399     1359     1366     1743     1759     1719     1726     6006     6005     5929     5968     7056     7055     6979     7018     7017     7053     6961     6978
      594     1399     1396     1361     1359     1759     1756     1721     1719     6004     5996     5912     6005     7054     7046     6962     7055     7053     7047     6963     6961
      595     1361     1396     1398     1397     1721     1756     1758     1757     5996     5998     6000     6002     7046     7048     7050     7052     6963     7047     7049     7051
      596     1392     1394     1395     1390     1752     1754     1755     1750     5991     5993     5995     5990     7041     7043     7045     7040     7039     7042     7044     7033
      597     1390     1391     1393     1392     1750     1751     1753     1752     5984     5986     5988     5990     7034     7036     7038     7040     7033     7035     7037     7039
      598     1386     1388     1389     1384     1746     1748     1749     1744     5978     5980     5982     5977     7028     7030     7032     7027     7026     7029     7031     7020
      599     1384     1385     1387     1386     1744     1745     1747     1746     5971     5973     5975     5977     7021     7023     7025     7027     7020     7022     7024     7026
      600     1382     1383     1366     1368     1742     1743     1726     1728     5966     5968     5933     5969     7016     7018     6983     7019     7015     7017     6978     6982
      601     1379     1380     1381     1375     1739     1740     1741     1735     5959     5961     5963     5964     7009     7011     7013     7014     7008     7010     7012     7000
      602     1375     1376     1378     1377     1735     1736     1738     1737     5951     5953     5955     5957     7001     7003     7005     7007     7000     7002     7004     7006
      603     1373     1364     1362     1374     1733     1724     1722     1734     5946     5926     5947     5949     6996     6976     6997     6999     6995     6972     6967     6998
      604     1370     1352     1372     1371     1730     1712     1732     1731     5939     5940     5942     5944     6989     6990     6992     6994     6988     6944     6991     6993
      605     1369     1367     1365     1364     1729     1727     1725     1724     5936     5934     5923     5937     6986     6984     6973     6987     6985     6980     6974     6972
      606     1367     1368     1366     1365     1727     1728     1726     1725     5931     5933     5927     5934     6981     6983     6977     6984     6980     6982     6978     6974
      607     1365     1366     1359     1358     1725     1726     1719     1718     5927     5929     5910     5925     6977     6979     6960     6975     6974     6978     6961     6959
      608     1364     1365     1358     1362     1724     1725     1718     1722     5923     5925     5918     5926     6973     6975     6968     6976     6972     6974     6959     6967
      609     1362     1358     1360     1363     1722     1718     1720     1723     5918     5916     5919     5921     6968     6966     6969     6971     6967     6959     6965     6970
      610     1358     1359     1361     1360     1718     1719     1721     1720     5910     5912     5914     5916     6960     6962     6964     6966     6959     6961     6963     6965
      611     1355     1347     1348     1357     1715     1707     1708     1717     5901     5882     5906     5908     6951     6933     6956     6958     6952     6934     6932     6957
      612     1347     1355     1356     1350     1707     1715     1716     1710     5901     5903     5905     5887     6951     6953     6955     6938     6934     6952     6954     6939
      613     1349     1350     1354     1353     1709     1710     1714     1713     5889     5896     5898     5900     6940     6946     6948     6950     6936     6939     6947     6949
      614     1351       75       74     1352     1711       78       77     1712     5891     2623     5893     5895     6942     2934     6943     6945     6941     2936     2933     6944
      615     1349     1345     1347     1350     1709     1705     1707     1710     5886     5884     5887     5889     6937     6935     6938     6940     6936     6928     6934     6939
      616     1345     1346     1348     1347     1705     1706     1708     1707     5878     5880     5882     5884     6929     6931     6933     6935     6928     6930     6932     6934
      617     1341     1344     1143     1142     1701     1704     1527     1526     5876     5875     5305     5865     6927     6926     6381     6916     6915     6924     6352     6347
      618     1344     1343     1144     1143     1704     1703     1528     1527     5874     5872     5278     5875     6925     6923     6354     6926     6924     6921     6355     6352
      619     1343     1342     1152     1144     1703     1702     1536     1528     5871     5869     5304     5872     6922     6920     6380     6923     6921     6918     6377     6355
      620     1342     1005     1004     1152     1702     1389     1388     1536     5868     4904     5742     5869     6919     5980     6818     6920     6918     5981     5979     6377
      621     1000      970      964     1001     1384     1354     1350     1385     5866     4820     5746     4895     6917     5896     6822     5971     5970     5897     5888     5972
      622      969     1341     1142      963     1353     1701     1526     1349     5863     5865     5270     4824     6914     6916     6346     5900     5899     6915     6347     5885
      623     1006     1340     1146     1007     1390     1700     1530     1391     5862     5861     5768     4908     6913     6912     6844     5984     5983     6910     6359     5985
      624     1340     1339     1132     1146     1700     1699     1516     1530     5860     5858     5284     5861     6911     6909     6360     6912     6910     6907     6319     6359
      625     1339     1338     1096     1132     1699     1698     1480     1516     5857     5855     5244     5858     6908     6906     6320     6909     6907     6904     6220     6319
      626     1338     1337     1097     1096     1698     1697     1481     1480     5854     5852     5146     5855     6905     6903     6222     6906     6904     6901     6223     6220
      627     1337     1336     1131     1097     1697     1696     1515     1481     5851     5849     5242     5852     6902     6900     6318     6903     6901     6898     6315     6223
      628     1336     1335     1130     1131     1696     1695     1514     1515     5848     5846     5240     5849     6899     6897     6316     6900     6898     6895     6312     6315
      629     1335     1011     1010     1130     1695     1395     1394     1514     5845     4917     5764     5846     6896     5993     6840     6897     6895     5994     5992     6312
      630     1312     1334     1193     1153       87       89     1577     1537     5843     5842     5771     5774     2714     6894     6847     6849     2640     6893     6489     6382
      631     1334     1333     1191     1193       89       91     1575     1577     5841     5839     5414     5842     2713     6892     6490     6894     6893     6891     6484     6489
      632     1333     1332     1189     1191       91       93     1573     1575     5838     5836     5409     5839     2712     6890     6485     6892     6891     6889     6479     6484
      633     1332     1331     1187     1189       93       95     1571     1573     5835     5833     5404     5836     2711     6888     6480     6890     6889     6887     6474     6479
      634     1331     1330     1183     1187       95       97     1567     1571     5832     5830     5399     5833     2710     6886     6475     6888     6887     6885     6464     6474
      635     1330     1329     1181     1183       97       99     1565     1567     5829     5827     5389     5830     2709     6884     6465     6886     6885     6883     6459     6464
      636     1329     1328     1179     1181       99      101     1563     1565     5826     5824     5384     5827     2708     6882     6460     6884     6883     6881     6454     6459
      637     1328     1327     1177     1179      101      103     1561     1563     5823     5821     5379     5824     2707     6880     6455     6882     6881     6879     6449     6454
      638     1327     1326     1175     1177      103      105     1559     1561     5820     5818     5374     5821     2706     6878     6450     6880     6879     6877     6444     6449
      639     1326     1325     1171     1175      105      107     1555     1559     5817     5815     5369     5818     2705     6876     6445     6878     6877     6875     6434     6444
      640     1325     1324     1169     1171      107      109     1553     1555     5814     5812     5359     5815     2704     6874     6435     6876     6875     6873     6429     6434
      641     1324     1323     1167     1169      109      111     1551     1553     5811     5809     5354     5812     2703     6872     6430     6874     6873     6871     6424     6429
      642     1323     1322     1165     1167      111      113     1549     1551     5808     5806     5349     5809     2630     6870     6425     6872     6871     6869     6419     6424
      643     1322     1321     1163     1165      113      115     1547     1549     5805     5803     5344     5806     2629     6868     6420     6870     6869     6867     6414     6419
      644     1321     1320     1161     1163      115      117     1545     1547     5802     5800     5339     5803     2628     6866     6415     6868     6867     6865     6408     6414
      645     1320     1319     1160     1161      117      119     1544     1545     5799     5797     5333     5800     2627     6864     6409     6866     6865     6863     6405     6408
      646     1319     1318     1159     1160      119      121     1543     1544     5796     5794     5330     5797     2626     6862     6406     6864     6863     6861     6402     6405
      647     1318     1317     1158     1159      121      123     1542     1543     5793     5791     5327     5794     2625     6860     6403     6862     6861     6859     6399     6402
      648     1317      966      965     1158      123       75     1351     1542     5790     4814     5324     5791     2624     5891     6400     6860     6859     5892     5890     6399
      649      968     1316      988      967       74       73     1372     1352     5788     5787     4864     4817     2639     6858     5940     5893     2631     6857     5941     5894
      650     1316     1315      987      988       73       79     1371     1372     5786     5784     4866     5787     2638     6856     5942     6858     6857     6855     5943     5941
      651     1315     1314     1157      987       79       81     1541     1371     5783     5781     5320     5784     2637     6854     6396     6856     6855     6853     6393     5943
      652     1314     1313     1156     1157       81       83     1540     1541     5780     5778     5318     5781     2636     6852     6394     6854     6853     6851     6390     6393
      653     1313     1311     1155     1156       83       85     1539     1540     5777     5775     5315     5778     2635     6850     6391     6852     6851     6848     6387     6390
      654     1311     1312     1153     1155       85       87     1537     1539     5773     5774     5312     5775     2634     6849     6388     6850     6848     2640     6382     6387
      655     1153     1193     1194     1154     1537     1577     1578     1538     5771     5417     5575     5307     6847     6493     6651     6383     6382     6489     6492     6384
      656     1300     1310     1145     1147     1684     1694     1529     1531     5770     5769     5287     5730     6846     6845     6363     6806     6805     6842     6357     6362
      657     1310     1007     1146     1145     1694     1391     1530     1529     5767     5768     5282     5769     6843     6844     6358     6845     6842     5985     6359     6357
      658     1009     1309     1010     1008     1393     1693     1394     1392     5765     5763     4915     4912     6841     6839     5991     5988     5987     6836     5992     5989
      659     1010     1309     1129     1130     1394     1693     1513     1514     5763     5762     5237     5764     6839     6838     6313     6840     5992     6836     6309     6312
      660     1309     1308     1128     1129     1693     1692     1512     1513     5761     5759     5234     5762     6837     6835     6310     6838     6836     6833     6306     6309
      661     1308     1307     1127     1128     1692     1691     1511     1512     5758     5756     5231     5759     6834     6832     6307     6835     6833     6830     6303     6306
      662     1307     1306     1126     1127     1691     1690     1510     1511     5755     5753     5228     5756     6831     6829     6304     6832     6830     6827     6300     6303
      663     1306     1305     1125     1126     1690     1689     1509     1510     5752     5750     5225     5753     6828     6826     6301     6829     6827     6824     6297     6300
      664     1305     1304      972     1125     1689     1688     1356     1509     5749     5747     5222     5750     6825     6823     6298     6826     6824     6820     5904     6297
      665     1304     1001      964      972     1688     1385     1350     1356     5745     5746     4829     5747     6821     6822     5905     6823     6820     5972     5888     5904
      666     1003     1303     1004     1002     1387     1687     1388     1386     5743     5741     4902     4899     6819     6817     5978     5975     5974     6814     5979     5976
      667     1004     1303     1151     1152     1388     1687     1535     1536     5741     5740     5302     5742     6817     6816     6378     6818     5979     6814     6374     6377
      668     1303     1302     1150     1151     1687     1686     1534     1535     5739     5737     5299     5740     6815     6813     6375     6816     6814     6811     6371     6374
      669     1302     1301     1149     1150     1686     1685     1533     1534     5736     5734     5296     5737     6812     6810     6372     6813     6811     6808     6368     6371
      670     1301     1299     1148     1149     1685     1683     1532     1533     5733     5731     5293     5734     6809     6807     6369     6810     6808     6803     6365     6368
      671     1299     1300     1147     1148     1683     1684     1531     1532     5728     5730     5290     5731     6804     6806     6366     6807     6803     6805     6362     6365
      672     1196     1298     1086     1088     1580     1682     1470     1472     5726     5725     5124     5420     6802     6801     6200     6496     6495     6799     6194     6199
      673     1298     1297     1085     1086     1682     1681     1469     1470     5724     5722     5119     5725     6800     6798     6195     6801     6799     6796     6191     6194
      674     1297     1296     1084     1085     1681     1680     1468     1469     5721     5719     5116     5722     6797     6795     6192     6798     6796     6793     6188     6191
      675     1296     1295     1083     1084     1680     1679     1467     1468     5718     5716     5113     5719     6794     6792     6189     6795     6793     6790     6185     6188
      676     1295     1294     1082     1083     1679     1678     1466     1467     5715     5713     5110     5716     6791     6789     6186     6792     6790     6787     6182     6185
      677     1294     1293     1081     1082     1678     1677     1465     1466     5712     5710     5107     5713     6788     6786     6183     6789     6787     6784     6179     6182
      678     1293     1292     1080     1081     1677     1676     1464     1465     5709     5707     5104     5710     6785     6783     6180     6786     6784     6781     6176     6179
      679     1292     1291     1079     1080     1676     1675     1463     1464     5706     5704     5101     5707     6782     6780     6177     6783     6781     6778     6173     6176
      680     1291     1290     1078     1079     1675     1674     1462     1463     5703     5701     5098     5704     6779     6777     6174     6780     6778     6775     6169     6173
      681     1290     1289     1076     1078     1674     1673     1460     1462     5700     5698     5094     5701     6776     6774     6170     6777     6775     6772     6164     6169
      682     1289     1288     1074     1076     1673     1672     1458     1460     5697     5695     5089     5698     6773     6771     6165     6774     6772     6769     6159     6164
      683     1288     1287     1072     1074     1672     1671     1456     1458     5694     5692     5084     5695     6770     6768     6160     6771     6769     6766     6154     6159
      684     1287     1286     1070     1072     1671     1670     1454     1456     5691     5689     5079     5692     6767     6765     6155     6768     6766     6763     6149     6154
      685     1286     1285     1068     1070     1670     1669     1452     1454     5688     5686     5074     5689     6764     6762     6150     6765     6763     6760     6144     6149
      686     1285     1284     1066     1068     1669     1668     1450     1452     5685     5683     5069     5686     6761     6759     6145     6762     6760     6757     6139     6144
      687     1284     1283     1064     1066     1668     1667     1448     1450     5682     5680     5064     5683     6758     6756     6140     6759     6757     6754     6134     6139
      688     1283     1282     1062     1064     1667     1666     1446     1448     5679     5677     5059     5680     6755     6753     6135     6756     6754     6751     6129     6134
      689     1282     1281     1060     1062     1666     1665     1444     1446     5676     5674     5054     5677     6752     6750     6130     6753     6751     6748     6124     6129
      690     1281     1280     1058     1060     1665     1664     1442     1444     5673     5671     5049     5674     6749     6747     6125     6750     6748     6745     6119     6124
      691     1280     1279     1056     1058     1664     1663     1440     1442     5670     5668     5044     5671     6746     6744     6120     6747     6745     6742     6114     6119
      692     1279     1278     1054     1056     1663     1662     1438     1440     5667     5665     5039     5668     6743     6741     6115     6744     6742     6739     6109     6114
      693     1278     1277     1052     1054     1662     1661     1436     1438     5664     5662     5034     5665     6740     6738     6110     6741     6739     6736     6104     6109
      694     1277     1276     1051     1052     1661     1660     1435     1436     5661     5659     5029     5662     6737     6735     6105     6738     6736     6733     6101     6104
      695     1276     1275     1050     1051     1660     1659     1434     1435     5658     5656     5026     5659     6734     6732     6102     6735     6733     6730     6098     6101
      696     1275     1274      976     1050     1659     1658     1360     1434     5655     5653     5023     5656     6731     6729     6099     6732     6730     6727     5915     6098
      697     1274     1273      979      976     1658     1657     1363     1360     5652     5650     4843     5653     6728     6726     5919     6729     6727     6724     5920     5915
      698     1273     1272     1049      979     1657     1656     1433     1363     5649     5647     5021     5650     6725     6723     6097     6726     6724     6721     6093     5920
      699     1272     1271     1047     1049     1656     1655     1431     1433     5646     5644     5018     5647     6722     6720     6094     6723     6721     6718     6088     6093
      700     1271     1270     1045     1047     1655     1654     1429     1431     5643     5641     5013     5644     6719     6717     6089     6720     6718     2759     6083     6088
      701     1270     1269     1044     1045     1654     1653     1428     1429     5640     5639     5008     5641     6716     6715     6084     6717     2759     6713     6081     6083
      702     1269     1268     1039     1044     1653     1652     1423     1428     5638     5636     5006     5639     6714     6712     6082     6715     6713     6710     6070     6081
      703     1268     1267     1040     1039     1652     1651     1424     1423     5635     5633     4995     5636     6711     6709     6071     6712     6710     6707     6072     6070
      704     1267     1266     1162     1040     1651     1650     1546     1424     5632     5630     5337     5633     6708     6706     6413     6709     6707     6704     6411     6072
      705     1266     1265     1164     1162     1650     1649     1548     1546     5629     5627     5340     5630     6705     6703     6416     6706     6704     6701     6417     6411
      706     1265     1264     1166     1164     1649     1648     1550     1548     5626     5624     5345     5627     6702     6700     6421     6703     6701     6698     6422     6417
      707     1264     1263     1168     1166     1648     1647     1552     1550     5623     5621     5350     5624     6699     6697     6426     6700     6698     6695     6427     6422
      708     1263     1262     1170     1168     1647     1646     1554     1552     5620     5618     5355     5621     6696     6694     6431     6697     6695     6692     6432     6427
      709     1262     1261     1172     1170     1646     1645     1556     1554     5617     5615     5360     5618     6693     6691     6436     6694     6692     6689     6437     6432
      710     1261     1260     1174     1172     1645     1644     1558     1556     5614     5612     5365     5615     6690     6688     6441     6691     6689     6686     6442     6437
      711     1260     1259     1173     1174     1644     1643     1557     1558     5611     5609     5367     5612     6687     6685     6443     6688     6686     6683     6439     6442
      712     1259     1258     1176     1173     1643     1642     1560     1557     5608     5606     5370     5609     6684     6682     6446     6685     6683     6680     6447     6439
      713     1258     1257     1178     1176     1642     1641     1562     1560     5605     5603     5375     5606     6681     6679     6451     6682     6680     6677     6452     6447
      714     1257     1256     1180     1178     1641     1640     1564     1562     5602     5600     5380     5603     6678     6676     6456     6679     6677     6674     6457     6452
      715     1256     1255     1182     1180     1640     1639     1566     1564     5599     5597     5385     5600     6675     6673     6461     6676     6674     6671     6462     6457
      716     1255     1254     1184     1182     1639     1638     1568     1566     5596     5594     5390     5597     6672     6670     6466     6673     6671     6668     6467     6462
      717     1254     1253     1186     1184     1638     1637     1570     1568     5593     5591     5395     5594     6669     6667     6471     6670     6668     6665     6472     6467
      718     1253     1252     1185     1186     1637     1636     1569     1570     5590     5588     5397     5591     6666     6664     6473     6667     6665     6662     6469     6472
      719     1252     1251     1188     1185     1636     1635     1572     1569     5587     5585     5400     5588     6663     6661     6476     6664     6662     6659     6477     6469
      720     1251     1250     1190     1188     1635     1634     1574     1572     5584     5582     5405     5585     6660     6658     6481     6661     6659     6656     6482     6477
      721     1250     1249     1192     1190     1634     1633     1576     1574     5581     5579     5410     5582     6657     6655     6486     6658     6656     6653     6487     6482
      722     1249     1248     1194     1192     1633     1632     1578     1576     5578     5576     5415     5579     6654     6652     6491     6655     6653     2768     6492     6487
      723     1248     1247     1154     1194     1632     1631     1538     1578     5574     5573     5575     5576     6650     6649     6651     6652     2768     6647     6384     6492
      724     1247     1246     1029     1154     1631     1630     1413     1538     5572     5570     5309     5573     6648     6646     6385     6649     6647     6644     6043     6384
      725     1246     1245     1028     1029     1630     1629     1412     1413     5569     5567     4968     5570     6645     6643     6044     6646     6644     6641     6040     6043
      726     1245     1244     1027     1028     1629     1628     1411     1412     5566     5564     4965     5567     6642     6640     6041     6643     6641     6638     6037     6040
      727     1244     1243     1026     1027     1628     1627     1410     1411     5563     5561     4962     5564     6639     6637     6038     6640     6638     6635     6034     6037
      728     1243     1242     1024     1026     1627     1626     1408     1410     5560     5558     4959     5561     6636     6634     6035     6637     6635     6632     6029     6034
      729     1242     1241     1025     1024     1626     1625     1409     1408     5557     5555     4954     5558     6633     6631     6030     6634     6632     6629     6031     6029
      730     1241     1240     1053     1025     1625     1624     1437     1409     5554     5552     5030     5555     6630     6628     6106     6631     6629     6626     6107     6031
      731     1240     1239     1055     1053     1624     1623     1439     1437     5551     5549     5035     5552     6627     6625     6111     6628     6626     6623     6112     6107
      732     1239     1238     1057     1055     1623     1622     1441     1439     5548     5546     5040     5549     6624     6622     6116     6625     6623     6620     6117     6112
      733     1238     1237     1059     1057     1622     1621     1443     1441     5545     5543     5045     5546     6621     6619     6121     6622     6620     6617     6122     6117
      734     1237     1236     1061     1059     1621     1620     1445     1443     5542     5540     5050     5543     6618     6616     6126     6619     6617     6614     6127     6122
      735     1236     1235     1063     1061     1620     1619     1447     1445     5539     5537     5055     5540     6615     6613     6131     6616     6614     6611     6132     6127
      736     1235     1234     1065     1063     1619     1618     1449     1447     5536     5534     5060     5537     6612     6610     6136     6613     6611     6608     6137     6132
      737     1234     1233     1067     1065     1618     1617     1451     1449     5533     5531     5065     5534     6609     6607     6141     6610     6608     6605     6142     6137
      738     1233     1232     1069     1067     1617     1616     1453     1451     5530     5528     5070     5531     6606     6604     6146     6607     6605     6602     6147     6142
      739     1232     1231     1071     1069     1616     1615     1455     1453     5527     5525     5075     5528     6603     6601     6151     6604     6602     6599     6152     6147
      740     1231     1230     1073     1071     1615     1614     1457     1455     5524     5522     5080     5525     6600     6598     6156     6601     6599     6596     6157     6152
      741     1230     1229     1075     1073     1614     1613     1459     1457     5521     5519     5085     5522     6597     6595     6161     6598     6596     6593     6162     6157
      742     1229     1228     1077     1075     1613     1612     1461     1459     5518     5516     5090     5519     6594     6592     6166     6595     6593     6590     6167     6162
      743     1228     1227     1037     1077     1612     1611     1421     1461     5515     5513     5095     5516     6591     6589     6171     6592     6590     6587     6065     6167
      744     1227     1226     1035     1037     1611     1610     1419     1421     5512     5510     4990     5513     6588     6586     6066     6589     6587     6584     6060     6065
      745     1226     1225     1034     1035     1610     1609     1418     1419     5509     5507     4985     5510     6585     6583     6061     6586     6584     6581     6057     6060
      746     1225     1224     1033     1034     1609     1608     1417     1418     5506     5504     4982     5507     6582     6580     6058     6583     6581     6578     6054     6057
      747     1224     1223     1032     1033     1608     1607     1416     1417     5503     5501     4979     5504     6579     6577     6055     6580     6578     6575     6051     6054
      748     1223     1222      992     1032     1607     1606     1376     1416     5500     5498     4976     5501     6576     6574     6052     6577     6575     6572     5952     6051
      749     1222     1221      994      992     1606     1605     1378     1376     5497     5495     4877     5498     6573     6571     5953     6574     6572     6569     5954     5952
      750     1221     1220     1135      994     1605     1604     1519     1378     5494     5492     5252     5495     6570     6568     6328     6571     6569     6566     6329     5954
      751     1220     1219     1137     1135     1604     1603     1521     1519     5491     5489     5257     5492     6567     6565     6333     6568     6566     6563     6334     6329
      752     1219     1218     1139     1137     1603     1602     1523     1521     5488     5486     5262     5489     6564     6562     6338     6565     6563     2765     6339     6334
      753     1218     1217     1141     1139     1602     1601     1525     1523     5485     5484     5267     5486     6561     6560     6343     6562     2765     6558     6344     6339
      754     1217     1216     1123     1141     1601     1600     1507     1525     5483     5481     5274     5484     6559     6557     6350     6560     6558     6555     6292     6344
      755     1216     1215     1121     1123     1600     1599     1505     1507     5480     5478     5217     5481     6556     6554     6293     6557     6555     6552     6287     6292
      756     1215     1214     1119     1121     1599     1598     1503     1505     5477     5475     5212     5478     6553     6551     6288     6554     6552     6549     6282     6287
      757     1214     1213     1118     1119     1598     1597     1502     1503     5474     5472     5207     5475     6550     6548     6283     6551     6549     6546     6279     6282
      758     1213     1212     1117     1118     1597     1596     1501     1502     5471     5469     5204     5472     6547     6545     6280     6548     6546     6543     6276     6279
      759     1212     1211     1116     1117     1596     1595     1500     1501     5468     5466     5201     5469     6544     6542     6277     6545     6543     6540     6273     6276
      760     1211     1210     1115     1116     1595     1594     1499     1500     5465     5463     5198     5466     6541     6539     6274     6542     6540     6537     6270     6273
      761     1210     1209     1114     1115     1594     1593     1498     1499     5462     5460     5195     5463     6538     6536     6271     6539     6537     6534     6267     6270
      762     1209     1208     1113     1114     1593     1592     1497     1498     5459     5457     5192     5460     6535     6533     6268     6536     6534     6531     6265     6267
      763     1208     1207     1112     1113     1592     1591     1496     1497     5456     5454     5190     5457     6532     6530     6266     6533     6531     6528     6262     6265
      764     1207     1206     1111     1112     1591     1590     1495     1496     5453     5451     5187     5454     6529     6527     6263     6530     6528     6525     6259     6262
      765     1206     1205     1110     1111     1590     1589     1494     1495     5450     5448     5184     5451     6526     6524     6260     6527     6525     6522     6255     6259
      766     1205     1204     1108     1110     1589     1588     1492     1494     5447     5445     5180     5448     6523     6521     6256     6524     6522     6519     6250     6255
      767     1204     1203     1106     1108     1588     1587     1490     1492     5444     5442     5175     5445     6520     6518     6251     6521     6519     6516     6245     6250
      768     1203     1202     1104     1106     1587     1586     1488     1490     5441     5439     5170     5442     6517     6515     6246     6518     6516     6513     6240     6245
      769     1202     1201     1102     1104     1586     1585     1486     1488     5438     5436     5165     5439     6514     6512     6241     6515     6513     6510     6235     6240
      770     1201     1200     1100     1102     1585     1584     1484     1486     5435     5433     5160     5436     6511     6509     6236     6512     6510     6507     6230     6235
      771     1200     1199     1099     1100     1584     1583     1483     1484     5432     5430     5155     5433     6508     6506     6231     6509     6507     6504     6227     6230
      772     1199     1198     1094     1099     1583     1582     1478     1483     5429     5427     5152     5430     6505     6503     6228     6506     6504     6501     6214     6227
      773     1198     1197     1092     1094     1582     1581     1476     1478     5426     5424     5139     5427     6502     6500     6215     6503     6501     6498     6209     6214
      774     1197     1195     1090     1092     1581     1579     1474     1476     5423     5421     5134     5424     6499     6497     6210     6500     6498     2762     6204     6209
      775     1195     1196     1088     1090     1579     1580     1472     1474     5418     5420     5129     5421     6494     6496     6205     6497     2762     6495     6199     6204
      776     1193     1191     1192     1194     1577     1575     1576     1578     5414     5412     5415     5417     6490     6488     6491     6493     6489     6484     6487     6492
      777     1191     1189     1190     1192     1575     1573     1574     1576     5409     5407     5410     5412     6485     6483     6486     6488     6484     6479     6482     6487
      778     1189     1187     1188     1190     1573     1571     1572     1574     5404     5402     5405     5407     6480     6478     6481     6483     6479     6474     6477     6482
      779     1187     1183     1185     1188     1571     1567     1569     1572     5399     5394     5400     5402     6475     6470     6476     6478     6474     6464     6469     6477
      780     1185     1183     1184     1186     1569     1567     1568     1570     5394     5392     5395     5397     6470     6468     6471     6473     6469     6464     6467     6472
      781     1183     1181     1182     1184     1567     1565     1566     1568     5389     5387     5390     5392     6465     6463     6466     6468     6464     6459     6462     6467
      782     1181     1179     1180     1182     1565     1563     1564     1566     5384     5382     5385     5387     6460     6458     6461     6463     6459     6454     6457     6462
      783     1179     1177     1178     1180     1563     1561     1562     1564     5379     5377     5380     5382     6455     6453     6456     6458     6454     6449     6452     6457
      784     1177     1175     1176     1178     1561     1559     1560     1562     5374     5372     5375     5377     6450     6448     6451     6453     6449     6444     6447     6452
      785     1175     1171     1173     1176     1559     1555     1557     1560     5369     5364     5370     5372     6445     6440     6446     6448     6444     6434     6439     6447
      786     1173     1171     1172     1174     1557     1555     1556     1558     5364     5362     5365     5367     6440     6438     6441     6443     6439     6434     6437     6442
      787     1171     1169     1170     1172     1555     1553     1554     1556     5359     5357     5360     5362     6435     6433     6436     6438     6434     6429     6432     6437
      788     1169     1167     1168     1170     1553     1551     1552     1554     5354     5352     5355     5357     6430     6428     6431     6433     6429     6424     6427     6432
      789     1167     1165     1166     1168     1551     1549     1550     1552     5349     5347     5350     5352     6425     6423     6426     6428     6424     6419     6422     6427
      790     1165     1163     1164     1166     1549     1547     1548     1550     5344     5342     5345     5347     6420     6418     6421     6423     6419     6414     6417     6422
      791     1163     1161     1162     1164     1547     1545     1546     1548     5339     5336     5340     5342     6415     6412     6416     6418     6414     6408     6411     6417
      792     1162     1161     1042     1040     1546     1545     1426     1424     5336     5334     4997     5337     6412     6410     6073     6413     6411     6408     6074     6072
      793     1161     1160     1041     1042     1545     1544     1425     1426     5333     5331     4999     5334     6409     6407     6075     6410     6408     6405     6076     6074
      794     1160     1159     1043     1041     1544     1543     1427     1425     5330     5328     5002     5331     6406     6404     6078     6407     6405     6402     6079     6076
      795     1159     1158     1046     1043     1543     1542     1430     1427     5327     5325     5009     5328     6403     6401     6085     6404     6402     6399     6086     6079
      796     1158      965     1048     1046     1542     1351     1432     1430     5324     5322     5014     5325     6400     6398     6090     6401     6399     5890     6091     6086
      797      965      989      990     1048     1351     1373     1374     1432     5321     4873     5019     5322     6397     5949     6095     6398     5890     5945     5948     6091
      798      965      967      986      989     1351     1352     1370     1373     4819     4863     4952     5321     5895     5939     6028     6397     5890     5894     5938     5945
      799      987     1157      985      986     1371     1541     1369     1370     5320     5319     4951     4868     6396     6395     6027     5944     5943     6393     5935     5938
      800     1157     1156      983      985     1541     1540     1367     1369     5318     5316     4860     5319     6394     6392     5936     6395     6393     6390     5930     5935
      801     1156     1155      984      983     1540     1539     1368     1367     5315     5313     4855     5316     6391     6389     5931     6392     6390     6387     5932     5930
      802     1155     1153      998      984     1539     1537     1382     1368     5312     5310     4893     5313     6388     6386     5969     6389     6387     6382     5965     5932
      803     1153     1154     1029      998     1537     1538     1413     1382     5307     5309     4969     5310     6383     6385     6045     6386     6382     6384     6043     5965
      804     1142     1143     1122     1120     1526     1527     1506     1504     5305     5275     5213     5272     6381     6351     6289     6348     6347     6352     6290     6285
      805     1144     1152     1136     1138     1528     1536     1520     1522     5304     5303     5261     5280     6380     6379     6337     6356     6355     6377     6331     6336
      806     1152     1151     1134     1136     1536     1535     1518     1520     5302     5300     5256     5303     6378     6376     6332     6379     6377     6374     6326     6331
      807     1151     1150      993     1134     1535     1534     1377     1518     5299     5297     5251     5300     6375     6373     6327     6376     6374     6371     5956     6326
      808     1150     1149      991      993     1534     1533     1375     1377     5296     5294     4881     5297     6372     6370     5957     6373     6371     6368     5950     5956
      809     1149     1148      995      991     1533     1532     1379     1375     5293     5291     4888     5294     6369     6367     5964     6370     6368     6365     5958     5950
      810     1148     1147     1030      995     1532     1531     1414     1379     5290     5288     4970     5291     6366     6364     6046     6367     6365     6362     6047     5958
      811     1147     1145     1133     1030     1531     1529     1517     1414     5287     5285     5249     5288     6363     6361     6325     6364     6362     6357     6322     6047
      812     1145     1146     1132     1133     1529     1530     1516     1517     5282     5284     5247     5285     6358     6360     6323     6361     6357     6359     6319     6322
      813     1143     1144     1138     1140     1527     1528     1522     1524     5278     5280     5266     5277     6354     6356     6342     6353     6352     6355     6336     6341
      814     1122     1143     1140     1124     1506     1527     1524     1508     5275     5277     5273     5218     6351     6353     6349     6294     6290     6352     6341     6295
      815     1124     1140     1141     1123     1508     1524     1525     1507     5273     5269     5274     5220     6349     6345     6350     6296     6295     6341     6344     6292
      816      963     1142     1120      959     1349     1526     1504     1345     5270     5272     5208     4809     6346     6348     6284     5886     5885     6347     6285     5877
      817     1140     1138     1139     1141     1524     1522     1523     1525     5266     5264     5267     5269     6342     6340     6343     6345     6341     6336     6339     6344
      818     1138     1136     1137     1139     1522     1520     1521     1523     5261     5259     5262     5264     6337     6335     6338     6340     6336     6331     6334     6339
      819     1136     1134     1135     1137     1520     1518     1519     1521     5256     5254     5257     5259     6332     6330     6333     6335     6331     6326     6329     6334
      820     1134      993      994     1135     1518     1377     1378     1519     5251     4879     5252     5254     6327     5955     6328     6330     6326     5956     5954     6329
      821     1030     1133     1087     1031     1414     1517     1471     1415     5249     5248     5120     4972     6325     6324     6196     6048     6047     6322     6197     6049
      822     1133     1132     1089     1087     1517     1516     1473     1471     5247     5245     5125     5248     6323     6321     6201     6324     6322     6319     6202     6197
      823     1132     1096     1091     1089     1516     1480     1475     1473     5244     5143     5130     5245     6320     6219     6206     6321     6319     6220     6207     6202
      824     1097     1131     1101     1098     1481     1515     1485     1482     5242     5241     5156     5148     6318     6317     6232     6224     6223     6315     6233     6225
      825     1131     1130     1103     1101     1515     1514     1487     1485     5240     5238     5161     5241     6316     6314     6237     6317     6315     6312     6238     6233
      826     1130     1129     1105     1103     1514     1513     1489     1487     5237     5235     5166     5238     6313     6311     6242     6314     6312     6309     6243     6238
      827     1129     1128     1107     1105     1513     1512     1491     1489     5234     5232     5171     5235     6310     6308     6247     6311     6309     6306     6248     6243
      828     1128     1127     1109     1107     1512     1511     1493     1491     5231     5229     5176     5232     6307     6305     6252     6308     6306     6303     6253     6248
      829     1127     1126     1023     1109     1511     1510     1407     1493     5228     5226     5181     5229     6304     6302     6257     6305     6303     6300     6021     6253
      830     1126     1125     1022     1023     1510     1509     1406     1407     5225     5223     4946     5226     6301     6299     6022     6302     6300     6297     6023     6021
      831     1125      972      971     1022     1509     1356     1355     1406     5222     4827     4950     5223     6298     5903     6026     6299     6297     5904     5902     6023
      832     1123     1121     1122     1124     1507     1505     1506     1508     5217     5215     5218     5220     6293     6291     6294     6296     6292     6287     6290     6295
      833     1121     1119     1120     1122     1505     1503     1504     1506     5212     5210     5213     5215     6288     6286     6289     6291     6287     6282     6285     6290
      834     1119     1118      959     1120     1503     1502     1345     1504     5207     5205     5208     5210     6283     6281     6284     6286     6282     6279     5877     6285
      835     1118     1117      960      959     1502     1501     1346     1345     5204     5202     4801     5205     6280     6278     5878     6281     6279     6276     5879     5877
      836     1117     1116      962      960     1501     1500     1348     1346     5201     5199     4803     5202     6277     6275     5880     6278     6276     6273     5881     5879
      837     1116     1115      973      962     1500     1499     1357     1348     5198     5196     4830     5199     6274     6272     5906     6275     6273     6270     5907     5881
      838     1115     1114     1020      973     1499     1498     1404     1357     5195     5193     4949     5196     6271     6269     6025     6272     6270     6267     6017     5907
      839     1114     1113     1021     1020     1498     1497     1405     1404     5192     5188     4942     5193     6268     6264     6018     6269     6267     6265     6019     6017
      840     1112     1111     1021     1113     1496     1495     1405     1497     5187     5185     5188     5190     6263     6261     6264     6266     6262     6259     6019     6265
      841     1111     1110     1023     1021     1495     1494     1407     1405     5184     5182     4944     5185     6260     6258     6020     6261     6259     6255     6021     6019
      842     1110     1108     1109     1023     1494     1492     1493     1407     5180     5178     5181     5182     6256     6254     6257     6258     6255     6250     6253     6021
      843     1108     1106     1107     1109     1492     1490     1491     1493     5175     5173     5176     5178     6251     6249     6252     6254     6250     6245     6248     6253
      844     1106     1104     1105     1107     1490     1488     1489     1491     5170     5168     5171     5173     6246     6244     6247     6249     6245     6240     6243     6248
      845     1104     1102     1103     1105     1488     1486     1487     1489     5165     5163     5166     5168     6241     6239     6242     6244     6240     6235     6238     6243
      846     1102     1100     1101     1103     1486     1484     1485     1487     5160     5158     5161     5163     6236     6234     6237     6239     6235     6230     6233     6238
      847     1100     1099     1098     1101     1484     1483     1482     1485     5155     5153     5156     5158     6231     6229     6232     6234     6230     6227     6225     6233
      848     1099     1094     1095     1098     1483     1478     1479     1482     5152     5142     5150     5153     6228     6218     6226     6229     6227     6214     6217     6225
      849     1096     1097     1098     1095     1480     1481     1482     1479     5146     5148     5150     5145     6222     6224     6226     6221     6220     6223     6225     6217
      850     1091     1096     1095     1093     1475     1480     1479     1477     5143     5145     5140     5135     6219     6221     6216     6211     6207     6220     6217     6212
      851     1094     1092     1093     1095     1478     1476     1477     1479     5139     5137     5140     5142     6215     6213     6216     6218     6214     6209     6212     6217
      852     1092     1090     1091     1093     1476     1474     1475     1477     5134     5132     5135     5137     6210     6208     6211     6213     6209     6204     6207     6212
      853     1090     1088     1089     1091     1474     1472     1473     1475     5129     5127     5130     5132     6205     6203     6206     6208     6204     6199     6202     6207
      854     1088     1086     1087     1089     1472     1470     1471     1473     5124     5122     5125     5127     6200     6198     6201     6203     6199     6194     6197     6202
      855     1086     1085     1031     1087     1470     1469     1415     1471     5119     5117     5120     5122     6195     6193     6196     6198     6194     6191     6049     6197
      856     1085     1084      996     1031     1469     1468     1380     1415     5116     5114     4974     5117     6192     6190     6050     6193     6191     6188     5960     6049
      857     1084     1083     1017      996     1468     1467     1401     1380     5113     5111     4933     5114     6189     6187     6009     6190     6188     6185     6010     5960
      858     1083     1082     1019     1017     1467     1466     1403     1401     5110     5108     4938     5111     6186     6184     6014     6187     6185     6182     6015     6010
      859     1082     1081     1018     1019     1466     1465     1402     1403     5107     5105     4940     5108     6183     6181     6016     6184     6182     6179     6012     6015
      860     1081     1080     1036     1018     1465     1464     1420     1402     5104     5102     4986     5105     6180     6178     6062     6181     6179     6176     6063     6012
      861     1080     1079     1038     1036     1464     1463     1422     1420     5101     5099     4991     5102     6177     6175     6067     6178     6176     6173     6068     6063
      862     1079     1078     1037     1038     1463     1462     1421     1422     5098     5096     4993     5099     6174     6172     6069     6175     6173     6169     6065     6068
      863     1078     1076     1077     1037     1462     1460     1461     1421     5094     5092     5095     5096     6170     6168     6171     6172     6169     6164     6167     6065
      864     1076     1074     1075     1077     1460     1458     1459     1461     5089     5087     5090     5092     6165     6163     6166     6168     6164     6159     6162     6167
      865     1074     1072     1073     1075     1458     1456     1457     1459     5084     5082     5085     5087     6160     6158     6161     6163     6159     6154     6157     6162
      866     1072     1070     1071     1073     1456     1454     1455     1457     5079     5077     5080     5082     6155     6153     6156     6158     6154     6149     6152     6157
      867     1070     1068     1069     1071     1454     1452     1453     1455     5074     5072     5075     5077     6150     6148     6151     6153     6149     6144     6147     6152
      868     1068     1066     1067     1069     1452     1450     1451     1453     5069     5067     5070     5072     6145     6143     6146     6148     6144     6139     6142     6147
      869     1066     1064     1065     1067     1450     1448     1449     1451     5064     5062     5065     5067     6140     6138     6141     6143     6139     6134     6137     6142
      870     1064     1062     1063     1065     1448     1446     1447     1449     5059     5057     5060     5062     6135     6133     6136     6138     6134     6129     6132     6137
      871     1062     1060     1061     1063     1446     1444     1445     1447     5054     5052     5055     5057     6130     6128     6131     6133     6129     6124     6127     6132
      872     1060     1058     1059     1061     1444     1442     1443     1445     5049     5047     5050     5052     6125     6123     6126     6128     6124     6119     6122     6127
      873     1058     1056     1057     1059     1442     1440     1441     1443     5044     5042     5045     5047     6120     6118     6121     6123     6119     6114     6117     6122
      874     1056     1054     1055     1057     1440     1438     1439     1441     5039     5037     5040     5042     6115     6113     6116     6118     6114     6109     6112     6117
      875     1054     1052     1053     1055     1438     1436     1437     1439     5034     5032     5035     5037     6110     6108     6111     6113     6109     6104     6107     6112
      876     1052     1051     1025     1053     1436     1435     1409     1437     5029     5027     5030     5032     6105     6103     6106     6108     6104     6101     6031     6107
      877     1051     1050     1013     1025     1435     1434     1397     1409     5026     5024     4956     5027     6102     6100     6032     6103     6101     6098     6001     6031
      878     1050      976      977     1013     1434     1360     1361     1397     5023     4838     4926     5024     6099     5914     6002     6100     6098     5915     5913     6001
      879      979     1049      990      978     1363     1433     1374     1362     5021     5020     4871     4845     6097     6096     5947     5921     5920     6093     5948     5917
      880     1049     1047     1048      990     1433     1431     1432     1374     5018     5016     5019     5020     6094     6092     6095     6096     6093     6088     6091     5948
      881     1047     1045     1046     1048     1431     1429     1430     1432     5013     5011     5014     5016     6089     6087     6090     6092     6088     6083     6086     6091
      882     1045     1044     1043     1046     1429     1428     1427     1430     5008     5004     5009     5011     6084     6080     6085     6087     6083     6081     6079     6086
      883     1041     1043     1044     1039     1425     1427     1428     1423     5002     5004     5006     5001     6078     6080     6082     6077     6076     6079     6081     6070
      884     1039     1040     1042     1041     1423     1424     1426     1425     4995     4997     4999     5001     6071     6073     6075     6077     6070     6072     6074     6076
      885     1037     1035     1036     1038     1421     1419     1420     1422     4990     4988     4991     4993     6066     6064     6067     6069     6065     6060     6063     6068
      886     1035     1034     1018     1036     1419     1418     1402     1420     4985     4983     4986     4988     6061     6059     6062     6064     6060     6057     6012     6063
      887     1034     1033     1016     1018     1418     1417     1400     1402     4982     4980     4937     4983     6058     6056     6013     6059     6057     6054     6007     6012
      888     1033     1032      997     1016     1417     1416     1381     1400     4979     4977     4932     4980     6055     6053     6008     6056     6054     6051     5962     6007
      889     1032      992      991      997     1416     1376     1375     1381     4976     4875     4887     4977     6052     5951     5963     6053     6051     5952     5950     5962
      890      995     1030     1031      996     1379     1414     1415     1380     4970     4972     4974     4883     6046     6048     6050     5959     5958     6047     6049     5960
      891     1029     1028      999      998     1413     1412     1383     1382     4968     4966     4890     4969     6044     6042     5966     6045     6043     6040     5967     5965
      892     1028     1027     1015      999     1412     1411     1399     1383     4965     4963     4930     4966     6041     6039     6006     6042     6040     6037     6003     5967
      893     1027     1026     1012     1015     1411     1410     1396     1399     4962     4960     4928     4963     6038     6036     6004     6039     6037     6034     5997     6003
      894     1026     1024     1014     1012     1410     1408     1398     1396     4959     4957     4922     4960     6035     6033     5998     6036     6034     6029     5999     5997
      895     1024     1025     1013     1014     1408     1409     1397     1398     4954     4956     4924     4957     6030     6032     6000     6033     6029     6031     6001     5999
      896      986      985      980      989     1370     1369     1364     1373     4951     4861     4870     4952     6027     5937     5946     6028     5938     5935     5922     5945
      897      973     1020     1022      971     1357     1404     1406     1355     4949     4948     4950     4832     6025     6024     6026     5908     5907     6017     6023     5902
      898     1020     1021     1023     1022     1404     1405     1407     1406     4942     4944     4946     4948     6018     6020     6022     6024     6017     6019     6021     6023
      899     1018     1016     1017     1019     1402     1400     1401     1403     4937     4935     4938     4940     6013     6011     6014     6016     6012     6007     6010     6015
      900     1016      997      996     1017     1400     1381     1380     1401     4932     4885     4933     4935     6008     5961     6009     6011     6007     5962     5960     6010
      901      999     1015      975      982     1383     1399     1359     1366     4930     4929     4853     4892     6006     6005     5929     5968     5967     6003     5911     5928
      902     1015     1012      977      975     1399     1396     1361     1359     4928     4920     4836     4929     6004     5996     5912     6005     6003     5997     5913     5911
      903      977     1012     1014     1013     1361     1396     1398     1397     4920     4922     4924     4926     5996     5998     6000     6002     5913     5997     5999     6001
      904     1008     1010     1011     1006     1392     1394     1395     1390     4915     4917     4919     4914     5991     5993     5995     5990     5989     5992     5994     5983
      905     1006     1007     1009     1008     1390     1391     1393     1392     4908     4910     4912     4914     5984     5986     5988     5990     5983     5985     5987     5989
      906     1002     1004     1005     1000     1386     1388     1389     1384     4902     4904     4906     4901     5978     5980     5982     5977     5976     5979     5981     5970
      907     1000     1001     1003     1002     1384     1385     1387     1386     4895     4897     4899     4901     5971     5973     5975     5977     5970     5972     5974     5976
      908      998      999      982      984     1382     1383     1366     1368     4890     4892     4857     4893     5966     5968     5933     5969     5965     5967     5928     5932
      909      995      996      997      991     1379     1380     1381     1375     4883     4885     4887     4888     5959     5961     5963     5964     5958     5960     5962     5950
      910      991      992      994      993     1375     1376     1378     1377     4875     4877     4879     4881     5951     5953     5955     5957     5950     5952     5954     5956
      911      989      980      978      990     1373     1364     1362     1374     4870     4850     4871     4873     5946     5926     5947     5949     5945     5922     5917     5948
      912      986      967      988      987     1370     1352     1372     1371     4863     4864     4866     4868     5939     5940     5942     5944     5938     5894     5941     5943
      913      985      983      981      980     1369     1367     1365     1364     4860     4858     4847     4861     5936     5934     5923     5937     5935     5930     5924     5922
      914      983      984      982      981     1367     1368     1366     1365     4855     4857     4851     4858     5931     5933     5927     5934     5930     5932     5928     5924
      915      981      982      975      974     1365     1366     1359     1358     4851     4853     4834     4849     5927     5929     5910     5925     5924     5928     5911     5909
      916      980      981      974      978     1364     1365     1358     1362     4847     4849     4842     4850     5923     5925     5918     5926     5922     5924     5909     5917
      917      978      974      976      979     1362     1358     1360     1363     4842     4840     4843     4845     5918     5916     5919     5921     5917     5909     5915     5920
      918      974      975      977      976     1358     1359     1361     1360     4834     4836     4838     4840     5910     5912     5914     5916     5909     5911     5913     5915
      919      971      961      962      973     1355     1347     1348     1357     4825     4805     4830     4832     5901     5882     5906     5908     5902     5883     5881     5907
      920      961      971      972      964     1347     1355     1356     1350     4825     4827     4829     4810     5901     5903     5905     5887     5883     5902     5904     5888
      921      963      964      970      969     1349     1350     1354     1353     4812     4820     4822     4824     5889     5896     5898     5900     5885     5888     5897     5899
      922      965      966      968      967     1351       75       74     1352     4814     4816     4817     4819     5891     2623     5893     5895     5890     5892     2631     5894
      923      963      959      961      964     1349     1345     1347     1350     4809     4807     4810     4812     5886     5884     5887     5889     5885     5877     5883     5888
      924      959      960      962      961     1345     1346     1348     1347     4801     4803     4805     4807     5878     5880     5882     5884     5877     5879     5881     5883
      925      952      958      556      554     1341     1344     1143     1142     4799     4798     4000     4785     5876     5875     5305     5865     5864     5873     5276     5271
      926      958      956      558      556     1344     1343     1144     1143     4796     4794     3955     4798     5874     5872     5278     5875     5873     5870     5279     5276
      927      956      954      574      558     1343     1342     1152     1144     4792     4790     3998     4794     5871     5869     5304     5872     5870     5867     5301     5279
      928      954      280      279      574     1342     1005     1004     1152     4788     3349     4619     4790     5868     4904     5742     5869     5867     4905     4903     5301
      929      273      210      198      274     1000      970      964     1001     4786     3219     4624     3336     5866     4820     5746     4895     4894     4821     4811     4896
      930      209      952      554      197      969     1341     1142      963     4782     4785     3941     3224     5863     5865     5270     4824     4823     5864     5271     4808
      931      285      950      562      286     1006     1340     1146     1007     4781     4780     4655     3354     5862     5861     5768     4908     4907     5859     5283     4909
      932      950      948      534      562     1340     1339     1132     1146     4778     4776     3964     4780     5860     5858     5284     5861     5859     5856     5243     5283
      933      948      946      462      534     1339     1338     1096     1132     4774     4772     3898     4776     5857     5855     5244     5858     5856     5853     5144     5243
      934      946      944      465      462     1338     1337     1097     1096     4770     4768     3738     4772     5854     5852     5146     5855     5853     5850     5147     5144
      935      944      942      532      465     1337     1336     1131     1097     4766     4764     3895     4768     5851     5849     5242     5852     5850     5847     5239     5147
      936      942      940      530      532     1336     1335     1130     1131     4762     4760     3891     4764     5848     5846     5240     5849     5847     5844     5236     5239
      937      940      292      291      530     1335     1011     1010     1130     4758     3367     4650     4760     5845     4917     5764     5846     5844     4918     4916     5236
      938      894      938      657      577     1312     1334     1193     1153     4756     4755     4660     4664     5843     5842     5771     5774     2641     5840     5413     5306
      939      938      936      653      657     1334     1333     1191     1193     4753     4751     4177     4755     5841     5839     5414     5842     5840     5837     5408     5413
      940      936      934      649      653     1333     1332     1189     1191     4749     4747     4169     4751     5838     5836     5409     5839     5837     5834     5403     5408
      941      934      932      645      649     1332     1331     1187     1189     4745     4743     4161     4747     5835     5833     5404     5836     5834     5831     5398     5403
      942      932      930      637      645     1331     1330     1183     1187     4741     4739     4153     4743     5832     5830     5399     5833     5831     5828     5388     5398
      943      930      928      633      637     1330     1329     1181     1183     4737     4735     4137     4739     5829     5827     5389     5830     5828     5825     5383     5388
      944      928      926      629      633     1329     1328     1179     1181     4733     4731     4129     4735     5826     5824     5384     5827     5825     5822     5378     5383
      945      926      924      625      629     1328     1327     1177     1179     4729     4727     4121     4731     5823     5821     5379     5824     5822     5819     5373     5378
      946      924      922      621      625     1327     1326     1175     1177     4725     4723     4113     4727     5820     5818     5374     5821     5819     5816     5368     5373
      947      922      920      613      621     1326     1325     1171     1175     4721     4719     4105     4723     5817     5815     5369     5818     5816     5813     5358     5368
      948      920      918      609      613     1325     1324     1169     1171     4717     4715     4089     4719     5814     5812     5359     5815     5813     5810     5353     5358
      949      918      916      605      609     1324     1323     1167     1169     4713     4711     4081     4715     5811     5809     5354     5812     5810     5807     5348     5353
      950      916      914      601      605     1323     1322     1165     1167     4709     4707     4073     4711     5808     5806     5349     5809     5807     5804     5343     5348
      951      914      912      597      601     1322     1321     1163     1165     4705     4703     4065     4707     5805     5803     5344     5806     5804     5801     5338     5343
      952      912      910      592      597     1321     1320     1161     1163     4701     4699     4057     4703     5802     5800     5339     5803     5801     5798     5332     5338
      953      910      908      590      592     1320     1319     1160     1161     4697     4695     4047     4699     5799     5797     5333     5800     5798     5795     5329     5332
      954      908      906      588      590     1319     1318     1159     1160     4693     4691     4042     4695     5796     5794     5330     5797     5795     5792     5326     5329
      955      906      904      586      588     1318     1317     1158     1159     4689     4687     4037     4691     5793     5791     5327     5794     5792     5789     5323     5326
      956      904      204      203      586     1317      966      965     1158     4685     3210     4032     4687     5790     4814     5324     5791     5789     4815     4813     5323
      957      206      902      246      205      968     1316      988      967     4683     4682     3288     3214     5788     5787     4864     4817     2632     5785     4865     4818
      958      902      900      245      246     1316     1315      987      988     4680     4678     3291     4682     5786     5784     4866     5787     5785     5782     4867     4865
      959      900      898      584      245     1315     1314     1157      987     4676     4674     4025     4678     5783     5781     5320     5784     5782     5779     5317     4867
      960      898      896      582      584     1314     1313     1156     1157     4672     4670     4021     4674     5780     5778     5318     5781     5779     5776     5314     5317
      961      896      893      580      582     1313     1311     1155     1156     4668     4666     4016     4670     5777     5775     5315     5778     5776     5772     5311     5314
      962      893      894      577      580     1311     1312     1153     1155     4662     4664     4011     4666     5773     5774     5312     5775     5772     2641     5306     5311
      963      577      657      658      578     1153     1193     1194     1154     4660     4182     4394     4003     5771     5417     5575     5307     5306     5413     5416     5308
      964      870      890      561      564     1300     1310     1145     1147     4658     4657     3969     4601     5770     5769     5287     5730     5729     5766     5281     5286
      965      890      286      562      561     1310     1007     1146     1145     4653     4655     3961     4657     5767     5768     5282     5769     5766     4909     5283     5281
      966      288      888      291      287     1009     1309     1010     1008     4651     4648     3364     3359     5765     5763     4915     4912     4911     5760     4916     4913
      967      291      888      528      530     1010     1309     1129     1130     4648     4646     3886     4650     5763     5762     5237     5764     4916     5760     5233     5236
      968      888      886      526      528     1309     1308     1128     1129     4644     4642     3881     4646     5761     5759     5234     5762     5760     5757     5230     5233
      969      886      884      524      526     1308     1307     1127     1128     4640     4638     3876     4642     5758     5756     5231     5759     5757     5754     5227     5230
      970      884      882      522      524     1307     1306     1126     1127     4636     4634     3871     4638     5755     5753     5228     5756     5754     5751     5224     5227
      971      882      880      520      522     1306     1305     1125     1126     4632     4630     3866     4634     5752     5750     5225     5753     5751     5748     5221     5224
      972      880      878      214      520     1305     1304      972     1125     4628     4626     3861     4630     5749     5747     5222     5750     5748     5744     4828     5221
      973      878      274      198      214     1304     1001      964      972     4622     4624     3232     4626     5745     5746     4829     5747     5744     4896     4811     4828
      974      276      876      279      275     1003     1303     1004     1002     4620     4617     3346     3341     5743     5741     4902     4899     4898     5738     4903     4900
      975      279      876      572      574     1004     1303     1151     1152     4617     4615     3994     4619     5741     5740     5302     5742     4903     5738     5298     5301
      976      876      874      570      572     1303     1302     1150     1151     4613     4611     3989     4615     5739     5737     5299     5740     5738     5735     5295     5298
      977      874      872      568      570     1302     1301     1149     1150     4609     4607     3984     4611     5736     5734     5296     5737     5735     5732     5292     5295
      978      872      869      566      568     1301     1299     1148     1149     4605     4603     3979     4607     5733     5731     5293     5734     5732     5727     5289     5292
      979      869      870      564      566     1299     1300     1147     1148     4598     4601     3974     4603     5728     5730     5290     5731     5727     5729     5286     5289
      980      662      866      443      447     1196     1298     1086     1088     4596     4595     3702     4186     5726     5725     5124     5420     5419     5723     5118     5123
      981      866      864      440      443     1298     1297     1085     1086     4593     4591     3694     4595     5724     5722     5119     5725     5723     5720     5115     5118
      982      864      862      438      440     1297     1296     1084     1085     4589     4587     3689     4591     5721     5719     5116     5722     5720     5717     5112     5115
      983      862      860      436      438     1296     1295     1083     1084     4585     4583     3684     4587     5718     5716     5113     5719     5717     5714     5109     5112
      984      860      858      434      436     1295     1294     1082     1083     4581     4579     3679     4583     5715     5713     5110     5716     5714     5711     5106     5109
      985      858      856      432      434     1294     1293     1081     1082     4577     4575     3674     4579     5712     5710     5107     5713     5711     5708     5103     5106
      986      856      854      430      432     1293     1292     1080     1081     4573     4571     3669     4575     5709     5707     5104     5710     5708     5705     5100     5103
      987      854      852      428      430     1292     1291     1079     1080     4569     4567     3664     4571     5706     5704     5101     5707     5705     5702     5097     5100
      988      852      850      426      428     1291     1290     1078     1079     4565     4563     3659     4567     5703     5701     5098     5704     5702     5699     5093     5097
      989      850      848      423      426     1290     1289     1076     1078     4561     4559     3652     4563     5700     5698     5094     5701     5699     5696     5088     5093
      990      848      846      419      423     1289     1288     1074     1076     4557     4555     3644     4559     5697     5695     5089     5698     5696     5693     5083     5088
      991      846      844      415      419     1288     1287     1072     1074     4553     4551     3636     4555     5694     5692     5084     5695     5693     5690     5078     5083
      992      844      842      411      415     1287     1286     1070     1072     4549     4547     3628     4551     5691     5689     5079     5692     5690     5687     5073     5078
      993      842      840      407      411     1286     1285     1068     1070     4545     4543     3620     4547     5688     5686     5074     5689     5687     5684     5068     5073
      994      840      838      403      407     1285     1284     1066     1068     4541     4539     3612     4543     5685     5683     5069     5686     5684     5681     5063     5068
      995      838      836      399      403     1284     1283     1064     1066     4537     4535     3604     4539     5682     5680     5064     5683     5681     5678     5058     5063
      996      836      834      395      399     1283     1282     1062     1064     4533     4531     3596     4535     5679     5677     5059     5680     5678     5675     5053     5058
      997      834      832      391      395     1282     1281     1060     1062     4529     4527     3588     4531     5676     5674     5054     5677     5675     5672     5048     5053
      998      832      830      387      391     1281     1280     1058     1060     4525     4523     3580     4527     5673     5671     5049     5674     5672     5669     5043     5048
      999      830      828      383      387     1280     1279     1056     1058     4521     4519     3572     4523     5670     5668     5044     5671     5669     5666     5038     5043
     1000      828      826      379      383     1279     1278     1054     1056     4517     4515     3564     4519     5667     5665     5039     5668     5666     5663     5033     5038
     1001      826      824      375      379     1278     1277     1052     1054     4513     4511     3556     4515     5664     5662     5034     5665     5663     5660     5028     5033
     1002      824      822      372      375     1277     1276     1051     1052     4509     4507     3548     4511     5661     5659     5029     5662     5660     5657     5025     5028
     1003      822      820      370      372     1276     1275     1050     1051     4505     4503     3543     4507     5658     5656     5026     5659     5657     5654     5022     5025
     1004      820      818      223      370     1275     1274      976     1050     4501     4499     3538     4503     5655     5653     5023     5656     5654     5651     4839     5022
     1005      818      816      228      223     1274     1273      979      976     4497     4495     3254     4499     5652     5650     4843     5653     5651     5648     4844     4839
     1006      816      814      368      228     1273     1272     1049      979     4493     4491     3535     4495     5649     5647     5021     5650     5648     5645     5017     4844
     1007      814      812      365      368     1272     1271     1047     1049     4489     4487     3529     4491     5646     5644     5018     5647     5645     5642     5012     5017
     1008      812      810      361      365     1271     1270     1045     1047     4485     4483     3521     4487     5643     5641     5013     5644     5642     2760     5007     5012
     1009      810      808      358      361     1270     1269     1044     1045     4481     4480     3513     4483     5640     5639     5008     5641     2760     5637     5005     5007
     1010      808      806      351      358     1269     1268     1039     1044     4478     4476     3510     4480     5638     5636     5006     5639     5637     5634     4994     5005
     1011      806      804      352      351     1268     1267     1040     1039     4474     4472     3493     4476     5635     5633     4995     5636     5634     5631     4996     4994
     1012      804      802      594      352     1267     1266     1162     1040     4470     4468     4054     4472     5632     5630     5337     5633     5631     5628     5335     4996
     1013      802      800      598      594     1266     1265     1164     1162     4466     4464     4059     4468     5629     5627     5340     5630     5628     5625     5341     5335
     1014      800      798      602      598     1265     1264     1166     1164     4462     4460     4067     4464     5626     5624     5345     5627     5625     5622     5346     5341
     1015      798      796      606      602     1264     1263     1168     1166     4458     4456     4075     4460     5623     5621     5350     5624     5622     5619     5351     5346
     1016      796      794      610      606     1263     1262     1170     1168     4454     4452     4083     4456     5620     5618     5355     5621     5619     5616     5356     5351
     1017      794      792      614      610     1262     1261     1172     1170     4450     4448     4091     4452     5617     5615     5360     5618     5616     5613     5361     5356
     1018      792      790      618      614     1261     1260     1174     1172     4446     4444     4099     4448     5614     5612     5365     5615     5613     5610     5366     5361
     1019      790      788      617      618     1260     1259     1173     1174     4442     4440     4102     4444     5611     5609     5367     5612     5610     5607     5363     5366
     1020      788      786      622      617     1259     1258     1176     1173     4438     4436     4107     4440     5608     5606     5370     5609     5607     5604     5371     5363
     1021      786      784      626      622     1258     1257     1178     1176     4434     4432     4115     4436     5605     5603     5375     5606     5604     5601     5376     5371
     1022      784      782      630      626     1257     1256     1180     1178     4430     4428     4123     4432     5602     5600     5380     5603     5601     5598     5381     5376
     1023      782      780      634      630     1256     1255     1182     1180     4426     4424     4131     4428     5599     5597     5385     5600     5598     5595     5386     5381
     1024      780      778      638      634     1255     1254     1184     1182     4422     4420     4139     4424     5596     5594     5390     5597     5595     5592     5391     5386
     1025      778      776      642      638     1254     1253     1186     1184     4418     4416     4147     4420     5593     5591     5395     5594     5592     5589     5396     5391
     1026      776      774      641      642     1253     1252     1185     1186     4414     4412     4150     4416     5590     5588     5397     5591     5589     5586     5393     5396
     1027      774      772      646      641     1252     1251     1188     1185     4410     4408     4155     4412     5587     5585     5400     5588     5586     5583     5401     5393
     1028      772      770      650      646     1251     1250     1190     1188     4406     4404     4163     4408     5584     5582     5405     5585     5583     5580     5406     5401
     1029      770      768      654      650     1250     1249     1192     1190     4402     4400     4171     4404     5581     5579     5410     5582     5580     5577     5411     5406
     1030      768      766      658      654     1249     1248     1194     1192     4398     4396     4179     4400     5578     5576     5415     5579     5577     2769     5416     5411
     1031      766      764      578      658     1248     1247     1154     1194     4392     4391     4394     4396     5574     5573     5575     5576     2769     5571     5308     5416
     1032      764      762      328      578     1247     1246     1029     1154     4389     4387     4006     4391     5572     5570     5309     5573     5571     5568     4967     5308
     1033      762      760      326      328     1246     1245     1028     1029     4385     4383     3449     4387     5569     5567     4968     5570     5568     5565     4964     4967
     1034      760      758      324      326     1245     1244     1027     1028     4381     4379     3444     4383     5566     5564     4965     5567     5565     5562     4961     4964
     1035      758      756      322      324     1244     1243     1026     1027     4377     4375     3439     4379     5563     5561     4962     5564     5562     5559     4958     4961
     1036      756      754      319      322     1243     1242     1024     1026     4373     4371     3434     4375     5560     5558     4959     5561     5559     5556     4953     4958
     1037      754      752      320      319     1242     1241     1025     1024     4369     4367     3426     4371     5557     5555     4954     5558     5556     5553     4955     4953
     1038      752      750      376      320     1241     1240     1053     1025     4365     4363     3550     4367     5554     5552     5030     5555     5553     5550     5031     4955
     1039      750      748      380      376     1240     1239     1055     1053     4361     4359     3558     4363     5551     5549     5035     5552     5550     5547     5036     5031
     1040      748      746      384      380     1239     1238     1057     1055     4357     4355     3566     4359     5548     5546     5040     5549     5547     5544     5041     5036
     1041      746      744      388      384     1238     1237     1059     1057     4353     4351     3574     4355     5545     5543     5045     5546     5544     5541     5046     5041
     1042      744      742      392      388     1237     1236     1061     1059     4349     4347     3582     4351     5542     5540     5050     5543     5541     5538     5051     5046
     1043      742      740      396      392     1236     1235     1063     1061     4345     4343     3590     4347     5539     5537     5055     5540     5538     5535     5056     5051
     1044      740      738      400      396     1235     1234     1065     1063     4341     4339     3598     4343     5536     5534     5060     5537     5535     5532     5061     5056
     1045      738      736      404      400     1234     1233     1067     1065     4337     4335     3606     4339     5533     5531     5065     5534     5532     5529     5066     5061
     1046      736      734      408      404     1233     1232     1069     1067     4333     4331     3614     4335     5530     5528     5070     5531     5529     5526     5071     5066
     1047      734      732      412      408     1232     1231     1071     1069     4329     4327     3622     4331     5527     5525     5075     5528     5526     5523     5076     5071
     1048      732      730      416      412     1231     1230     1073     1071     4325     4323     3630     4327     5524     5522     5080     5525     5523     5520     5081     5076
     1049      730      728      420      416     1230     1229     1075     1073     4321     4319     3638     4323     5521     5519     5085     5522     5520     5517     5086     5081
     1050      728      726      424      420     1229     1228     1077     1075     4317     4315     3646     4319     5518     5516     5090     5519     5517     5514     5091     5086
     1051      726      724      345      424     1228     1227     1037     1077     4313     4311     3654     4315     5515     5513     5095     5516     5514     5511     4989     5091
     1052      724      722      341      345     1227     1226     1035     1037     4309     4307     3485     4311     5512     5510     4990     5513     5511     5508     4984     4989
     1053      722      720      338      341     1226     1225     1034     1035     4305     4303     3477     4307     5509     5507     4985     5510     5508     5505     4981     4984
     1054      720      718      336      338     1225     1224     1033     1034     4301     4299     3472     4303     5506     5504     4982     5507     5505     5502     4978     4981
     1055      718      716      334      336     1224     1223     1032     1033     4297     4295     3467     4299     5503     5501     4979     5504     5502     5499     4975     4978
     1056      716      714      256      334     1223     1222      992     1032     4293     4291     3462     4295     5500     5498     4976     5501     5499     5496     4876     4975
     1057      714      712      258      256     1222     1221      994      992     4289     4287     3308     4291     5497     5495     4877     5498     5496     5493     4878     4876
     1058      712      710      540      258     1221     1220     1135      994     4285     4283     3912     4287     5494     5492     5252     5495     5493     5490     5253     4878
     1059      710      708      544      540     1220     1219     1137     1135     4281     4279     3920     4283     5491     5489     5257     5492     5490     5487     5258     5253
     1060      708      706      548      544     1219     1218     1139     1137     4277     4275     3928     4279     5488     5486     5262     5489     5487     2766     5263     5258
     1061      706      704      552      548     1218     1217     1141     1139     4273     4272     3936     4275     5485     5484     5267     5486     2766     5482     5268     5263
     1062      704      702      517      552     1217     1216     1123     1141     4270     4268     3948     4272     5483     5481     5274     5484     5482     5479     5216     5268
     1063      702      700      513      517     1216     1215     1121     1123     4266     4264     3853     4268     5480     5478     5217     5481     5479     5476     5211     5216
     1064      700      698      509      513     1215     1214     1119     1121     4262     4260     3845     4264     5477     5475     5212     5478     5476     5473     5206     5211
     1065      698      696      506      509     1214     1213     1118     1119     4258     4256     3837     4260     5474     5472     5207     5475     5473     5470     5203     5206
     1066      696      694      504      506     1213     1212     1117     1118     4254     4252     3832     4256     5471     5469     5204     5472     5470     5467     5200     5203
     1067      694      692      502      504     1212     1211     1116     1117     4250     4248     3827     4252     5468     5466     5201     5469     5467     5464     5197     5200
     1068      692      690      500      502     1211     1210     1115     1116     4246     4244     3822     4248     5465     5463     5198     5466     5464     5461     5194     5197
     1069      690      688      498      500     1210     1209     1114     1115     4242     4240     3817     4244     5462     5460     5195     5463     5461     5458     5191     5194
     1070      688      686      496      498     1209     1208     1113     1114     4238     4236     3812     4240     5459     5457     5192     5460     5458     5455     5189     5191
     1071      686      684      495      496     1208     1207     1112     1113     4234     4232     3809     4236     5456     5454     5190     5457     5455     5452     5186     5189
     1072      684      682      492      495     1207     1206     1111     1112     4230     4228     3804     4232     5453     5451     5187     5454     5452     5449     5183     5186
     1073      682      680      490      492     1206     1205     1110     1111     4226     4224     3799     4228     5450     5448     5184     5451     5449     5446     5179     5183
     1074      680      678      487      490     1205     1204     1108     1110     4222     4220     3792     4224     5447     5445     5180     5448     5446     5443     5174     5179
     1075      678      676      483      487     1204     1203     1106     1108     4218     4216     3784     4220     5444     5442     5175     5445     5443     5440     5169     5174
     1076      676      674      479      483     1203     1202     1104     1106     4214     4212     3776     4216     5441     5439     5170     5442     5440     5437     5164     5169
     1077      674      672      475      479     1202     1201     1102     1104     4210     4208     3768     4212     5438     5436     5165     5439     5437     5434     5159     5164
     1078      672      670      471      475     1201     1200     1100     1102     4206     4204     3760     4208     5435     5433     5160     5436     5434     5431     5154     5159
     1079      670      668      468      471     1200     1199     1099     1100     4202     4200     3752     4204     5432     5430     5155     5433     5431     5428     5151     5154
     1080      668      666      459      468     1199     1198     1094     1099     4198     4196     3747     4200     5429     5427     5152     5430     5428     5425     5138     5151
     1081      666      664      455      459     1198     1197     1092     1094     4194     4192     3726     4196     5426     5424     5139     5427     5425     5422     5133     5138
     1082      664      661      451      455     1197     1195     1090     1092     4190     4188     3718     4192     5423     5421     5134     5424     5422     2763     5128     5133
     1083      661      662      447      451     1195     1196     1088     1090     4183     4186     3710     4188     5418     5420     5129     5421     2763     5419     5123     5128
     1084      657      653      654      658     1193     1191     1192     1194     4177     4174     4179     4182     5414     5412     5415     5417     5413     5408     5411     5416
     1085      653      649      650      654     1191     1189     1190     1192     4169     4166     4171     4174     5409     5407     5410     5412     5408     5403     5406     5411
     1086      649      645      646      650     1189     1187     1188     1190     4161     4158     4163     4166     5404     5402     5405     5407     5403     5398     5401     5406
     1087      645      637      641      646     1187     1183     1185     1188     4153     4145     4155     4158     5399     5394     5400     5402     5398     5388     5393     5401
     1088      641      637      638      642     1185     1183     1184     1186     4145     4142     4147     4150     5394     5392     5395     5397     5393     5388     5391     5396
     1089      637      633      634      638     1183     1181     1182     1184     4137     4134     4139     4142     5389     5387     5390     5392     5388     5383     5386     5391
     1090      633      629      630      634     1181     1179     1180     1182     4129     4126     4131     4134     5384     5382     5385     5387     5383     5378     5381     5386
     1091      629      625      626      630     1179     1177     1178     1180     4121     4118     4123     4126     5379     5377     5380     5382     5378     5373     5376     5381
     1092      625      621      622      626     1177     1175     1176     1178     4113     4110     4115     4118     5374     5372     5375     5377     5373     5368     5371     5376
     1093      621      613      617      622     1175     1171     1173     1176     4105     4097     4107     4110     5369     5364     5370     5372     5368     5358     5363     5371
     1094      617      613      614      618     1173     1171     1172     1174     4097     4094     4099     4102     5364     5362     5365     5367     5363     5358     5361     5366
     1095      613      609      610      614     1171     1169     1170     1172     4089     4086     4091     4094     5359     5357     5360     5362     5358     5353     5356     5361
     1096      609      605      606      610     1169     1167     1168     1170     4081     4078     4083     4086     5354     5352     5355     5357     5353     5348     5351     5356
     1097      605      601      602      606     1167     1165     1166     1168     4073     4070     4075     4078     5349     5347     5350     5352     5348     5343     5346     5351
     1098      601      597      598      602     1165     1163     1164     1166     4065     4062     4067     4070     5344     5342     5345     5347     5343     5338     5341     5346
     1099      597      592      594      598     1163     1161     1162     1164     4057     4052     4059     4062     5339     5336     5340     5342     5338     5332     5335     5341
     1100      594      592      354      352     1162     1161     1042     1040     4052     4049     3496     4054     5336     5334     4997     5337     5335     5332     4998     4996
     1101      592      590      353      354     1161     1160     1041     1042     4047     4044     3499     4049     5333     5331     4999     5334     5332     5329     5000     4998
     1102      590      588      357      353     1160     1159     1043     1041     4042     4039     3504     4044     5330     5328     5002     5331     5329     5326     5003     5000
     1103      588      586      362      357     1159     1158     1046     1043     4037     4034     3515     4039     5327     5325     5009     5328     5326     5323     5010     5003
     1104      586      203      366      362     1158      965     1048     1046     4032     4029     3523     4034     5324     5322     5014     5325     5323     4813     5015     5010
     1105      203      249      250      366      965      989      990     1048     4027     3302     3531     4029     5321     4873     5019     5322     4813     4869     4872     5015
     1106      203      205      244      249      965      967      986      989     3217     3286     3423     4027     4819     4863     4952     5321     4813     4818     4862     4869
     1107      245      584      240      244      987     1157      985      986     4025     4023     3421     3294     5320     5319     4951     4868     4867     5317     4859     4862
     1108      584      582      237      240     1157     1156      983      985     4021     4018     3281     4023     5318     5316     4860     5319     5317     5314     4854     4859
     1109      582      580      238      237     1156     1155      984      983     4016     4013     3273     4018     5315     5313     4855     5316     5314     5311     4856     4854
     1110      580      577      267      238     1155     1153      998      984     4011     4008     3333     4013     5312     5310     4893     5313     5311     5306     4889     4856
     1111      577      578      328      267     1153     1154     1029      998     4003     4006     3451     4008     5307     5309     4969     5310     5306     5308     4967     4889
     1112      554      556      514      510     1142     1143     1122     1120     4000     3950     3847     3944     5305     5275     5213     5272     5271     5276     5214     5209
     1113      558      574      543      547     1144     1152     1136     1138     3998     3996     3926     3958     5304     5303     5261     5280     5279     5301     5255     5260
     1114      574      572      539      543     1152     1151     1134     1136     3994     3991     3918     3996     5302     5300     5256     5303     5301     5298     5250     5255
     1115      572      570      257      539     1151     1150      993     1134     3989     3986     3910     3991     5299     5297     5251     5300     5298     5295     4880     5250
     1116      570      568      255      257     1150     1149      991      993     3984     3981     3314     3986     5296     5294     4881     5297     5295     5292     4874     4880
     1117      568      566      262      255     1149     1148      995      991     3979     3976     3325     3981     5293     5291     4888     5294     5292     5289     4882     4874
     1118      566      564      331      262     1148     1147     1030      995     3974     3971     3453     3976     5290     5288     4970     5291     5289     5286     4971     4882
     1119      564      561      536      331     1147     1145     1133     1030     3969     3966     3907     3971     5287     5285     5249     5288     5286     5281     5246     4971
     1120      561      562      534      536     1145     1146     1132     1133     3961     3964     3903     3966     5282     5284     5247     5285     5281     5283     5243     5246
     1121      556      558      547      551     1143     1144     1138     1140     3955     3958     3934     3953     5278     5280     5266     5277     5276     5279     5260     5265
     1122      514      556      551      518     1122     1143     1140     1124     3950     3953     3946     3855     5275     5277     5273     5218     5214     5276     5265     5219
     1123      518      551      552      517     1124     1140     1141     1123     3946     3939     3948     3858     5273     5269     5274     5220     5219     5265     5268     5216
     1124      197      554      510      191      963     1142     1120      959     3941     3944     3839     3202     5270     5272     5208     4809     4808     5271     5209     4800
     1125      551      547      548      552     1140     1138     1139     1141     3934     3931     3936     3939     5266     5264     5267     5269     5265     5260     5263     5268
     1126      547      543      544      548     1138     1136     1137     1139     3926     3923     3928     3931     5261     5259     5262     5264     5260     5255     5258     5263
     1127      543      539      540      544     1136     1134     1135     1137     3918     3915     3920     3923     5256     5254     5257     5259     5255     5250     5253     5258
     1128      539      257      258      540     1134      993      994     1135     3910     3311     3912     3915     5251     4879     5252     5254     5250     4880     4878     5253
     1129      331      536      444      332     1030     1133     1087     1031     3907     3905     3696     3456     5249     5248     5120     4972     4971     5246     5121     4973
     1130      536      534      448      444     1133     1132     1089     1087     3903     3900     3704     3905     5247     5245     5125     5248     5246     5243     5126     5121
     1131      534      462      452      448     1132     1096     1091     1089     3898     3733     3712     3900     5244     5143     5130     5245     5243     5144     5131     5126
     1132      465      532      472      466     1097     1131     1101     1098     3895     3893     3754     3741     5242     5241     5156     5148     5147     5239     5157     5149
     1133      532      530      476      472     1131     1130     1103     1101     3891     3888     3762     3893     5240     5238     5161     5241     5239     5236     5162     5157
     1134      530      528      480      476     1130     1129     1105     1103     3886     3883     3770     3888     5237     5235     5166     5238     5236     5233     5167     5162
     1135      528      526      484      480     1129     1128     1107     1105     3881     3878     3778     3883     5234     5232     5171     5235     5233     5230     5172     5167
     1136      526      524      488      484     1128     1127     1109     1107     3876     3873     3786     3878     5231     5229     5176     5232     5230     5227     5177     5172
     1137      524      522      316      488     1127     1126     1023     1109     3871     3868     3794     3873     5228     5226     5181     5229     5227     5224     4945     5177
     1138      522      520      315      316     1126     1125     1022     1023     3866     3863     3412     3868     5225     5223     4946     5226     5224     5221     4947     4945
     1139      520      214      213      315     1125      972      971     1022     3861     3229     3419     3863     5222     4827     4950     5223     5221     4828     4826     4947
     1140      517      513      514      518     1123     1121     1122     1124     3853     3850     3855     3858     5217     5215     5218     5220     5216     5211     5214     5219
     1141      513      509      510      514     1121     1119     1120     1122     3845     3842     3847     3850     5212     5210     5213     5215     5211     5206     5209     5214
     1142      509      506      191      510     1119     1118      959     1120     3837     3834     3839     3842     5207     5205     5208     5210     5206     5203     4800     5209
     1143      506      504      192      191     1118     1117      960      959     3832     3829     3190     3834     5204     5202     4801     5205     5203     5200     4802     4800
     1144      504      502      194      192     1117     1116      962      960     3827     3824     3193     3829     5201     5199     4803     5202     5200     5197     4804     4802
     1145      502      500      216      194     1116     1115      973      962     3822     3819     3234     3824     5198     5196     4830     5199     5197     5194     4831     4804
     1146      500      498      313      216     1115     1114     1020      973     3817     3814     3417     3819     5195     5193     4949     5196     5194     5191     4941     4831
     1147      498      496      314      313     1114     1113     1021     1020     3812     3806     3406     3814     5192     5188     4942     5193     5191     5189     4943     4941
     1148      495      492      314      496     1112     1111     1021     1113     3804     3801     3806     3809     5187     5185     5188     5190     5186     5183     4943     5189
     1149      492      490      316      314     1111     1110     1023     1021     3799     3796     3409     3801     5184     5182     4944     5185     5183     5179     4945     4943
     1150      490      487      488      316     1110     1108     1109     1023     3792     3789     3794     3796     5180     5178     5181     5182     5179     5174     5177     4945
     1151      487      483      484      488     1108     1106     1107     1109     3784     3781     3786     3789     5175     5173     5176     5178     5174     5169     5172     5177
     1152      483      479      480      484     1106     1104     1105     1107     3776     3773     3778     3781     5170     5168     5171     5173     5169     5164     5167     5172
     1153      479      475      476      480     1104     1102     1103     1105     3768     3765     3770     3773     5165     5163     5166     5168     5164     5159     5162     5167
     1154      475      471      472      476     1102     1100     1101     1103     3760     3757     3762     3765     5160     5158     5161     5163     5159     5154     5157     5162
     1155      471      468      466      472     1100     1099     1098     1101     3752     3749     3754     3757     5155     5153     5156     5158     5154     5151     5149     5157
     1156      468      459      460      466     1099     1094     1095     1098     3747     3731     3744     3749     5152     5142     5150     5153     5151     5138     5141     5149
     1157      462      465      466      460     1096     1097     1098     1095     3738     3741     3744     3736     5146     5148     5150     5145     5144     5147     5149     5141
     1158      452      462      460      456     1091     1096     1095     1093     3733     3736     3728     3720     5143     5145     5140     5135     5131     5144     5141     5136
     1159      459      455      456      460     1094     1092     1093     1095     3726     3723     3728     3731     5139     5137     5140     5142     5138     5133     5136     5141
     1160      455      451      452      456     1092     1090     1091     1093     3718     3715     3720     3723     5134     5132     5135     5137     5133     5128     5131     5136
     1161      451      447      448      452     1090     1088     1089     1091     3710     3707     3712     3715     5129     5127     5130     5132     5128     5123     5126     5131
     1162      447      443      444      448     1088     1086     1087     1089     3702     3699     3704     3707     5124     5122     5125     5127     5123     5118     5121     5126
     1163      443      440      332      444     1086     1085     1031     1087     3694     3691     3696     3699     5119     5117     5120     5122     5118     5115     4973     5121
     1164      440      438      263      332     1085     1084      996     1031     3689     3686     3459     3691     5116     5114     4974     5117     5115     5112     4884     4973
     1165      438      436      304      263     1084     1083     1017      996     3684     3681     3392     3686     5113     5111     4933     5114     5112     5109     4934     4884
     1166      436      434      308      304     1083     1082     1019     1017     3679     3676     3400     3681     5110     5108     4938     5111     5109     5106     4939     4934
     1167      434      432      307      308     1082     1081     1018     1019     3674     3671     3403     3676     5107     5105     4940     5108     5106     5103     4936     4939
     1168      432      430      342      307     1081     1080     1036     1018     3669     3666     3479     3671     5104     5102     4986     5105     5103     5100     4987     4936
     1169      430      428      346      342     1080     1079     1038     1036     3664     3661     3487     3666     5101     5099     4991     5102     5100     5097     4992     4987
     1170      428      426      345      346     1079     1078     1037     1038     3659     3656     3490     3661     5098     5096     4993     5099     5097     5093     4989     4992
     1171      426      423      424      345     1078     1076     1077     1037     3652     3649     3654     3656     5094     5092     5095     5096     5093     5088     5091     4989
     1172      423      419      420      424     1076     1074     1075     1077     3644     3641     3646     3649     5089     5087     5090     5092     5088     5083     5086     5091
     1173      419      415      416      420     1074     1072     1073     1075     3636     3633     3638     3641     5084     5082     5085     5087     5083     5078     5081     5086
     1174      415      411      412      416     1072     1070     1071     1073     3628     3625     3630     3633     5079     5077     5080     5082     5078     5073     5076     5081
     1175      411      407      408      412     1070     1068     1069     1071     3620     3617     3622     3625     5074     5072     5075     5077     5073     5068     5071     5076
     1176      407      403      404      408     1068     1066     1067     1069     3612     3609     3614     3617     5069     5067     5070     5072     5068     5063     5066     5071
     1177      403      399      400      404     1066     1064     1065     1067     3604     3601     3606     3609     5064     5062     5065     5067     5063     5058     5061     5066
     1178      399      395      396      400     1064     1062     1063     1065     3596     3593     3598     3601     5059     5057     5060     5062     5058     5053     5056     5061
     1179      395      391      392      396     1062     1060     1061     1063     3588     3585     3590     3593     5054     5052     5055     5057     5053     5048     5051     5056
     1180      391      387      388      392     1060     1058     1059     1061     3580     3577     3582     3585     5049     5047     5050     5052     5048     5043     5046     5051
     1181      387      383      384      388     1058     1056     1057     1059     3572     3569     3574     3577     5044     5042     5045     5047     5043     5038     5041     5046
     1182      383      379      380      384     1056     1054     1055     1057     3564     3561     3566     3569     5039     5037     5040     5042     5038     5033     5036     5041
     1183      379      375      376      380     1054     1052     1053     1055     3556     3553     3558     3561     5034     5032     5035     5037     5033     5028     5031     5036
     1184      375      372      320      376     1052     1051     1025     1053     3548     3545     3550     3553     5029     5027     5030     5032     5028     5025     4955     5031
     1185      372      370      297      320     1051     1050     1013     1025     3543     3540     3429     3545     5026     5024     4956     5027     5025     5022     4925     4955
     1186      370      223      224      297     1050      976      977     1013     3538     3246     3380     3540     5023     4838     4926     5024     5022     4839     4837     4925
     1187      228      368      250      227      979     1049      990      978     3535     3533     3299     3257     5021     5020     4871     4845     4844     5017     4872     4841
     1188      368      365      366      250     1049     1047     1048      990     3529     3526     3531     3533     5018     5016     5019     5020     5017     5012     5015     4872
     1189      365      361      362      366     1047     1045     1046     1048     3521     3518     3523     3526     5013     5011     5014     5016     5012     5007     5010     5015
     1190      361      358      357      362     1045     1044     1043     1046     3513     3507     3515     3518     5008     5004     5009     5011     5007     5005     5003     5010
     1191      353      357      358      351     1041     1043     1044     1039     3504     3507     3510     3502     5002     5004     5006     5001     5000     5003     5005     4994
     1192      351      352      354      353     1039     1040     1042     1041     3493     3496     3499     3502     4995     4997     4999     5001     4994     4996     4998     5000
     1193      345      341      342      346     1037     1035     1036     1038     3485     3482     3487     3490     4990     4988     4991     4993     4989     4984     4987     4992
     1194      341      338      307      342     1035     1034     1018     1036     3477     3474     3479     3482     4985     4983     4986     4988     4984     4981     4936     4987
     1195      338      336      303      307     1034     1033     1016     1018     3472     3469     3398     3474     4982     4980     4937     4983     4981     4978     4931     4936
     1196      336      334      264      303     1033     1032      997     1016     3467     3464     3390     3469     4979     4977     4932     4980     4978     4975     4886     4931
     1197      334      256      255      264     1032      992      991      997     3462     3305     3323     3464     4976     4875     4887     4977     4975     4876     4874     4886
     1198      262      331      332      263      995     1030     1031      996     3453     3456     3459     3317     4970     4972     4974     4883     4882     4971     4973     4884
     1199      328      326      268      267     1029     1028      999      998     3449     3446     3328     3451     4968     4966     4890     4969     4967     4964     4891     4889
     1200      326      324      300      268     1028     1027     1015      999     3444     3441     3387     3446     4965     4963     4930     4966     4964     4961     4927     4891
     1201      324      322      296      300     1027     1026     1012     1015     3439     3436     3383     3441     4962     4960     4928     4963     4961     4958     4921     4927
     1202      322      319      298      296     1026     1024     1014     1012     3434     3431     3374     3436     4959     4957     4922     4960     4958     4953     4923     4921
     1203      319      320      297      298     1024     1025     1013     1014     3426     3429     3377     3431     4954     4956     4924     4957     4953     4955     4925     4923
     1204      244      240      231      249      986      985      980      989     3421     3283     3297     3423     4951     4861     4870     4952     4862     4859     4846     4869
     1205      216      313      315      213      973     1020     1022      971     3417     3415     3419     3237     4949     4948     4950     4832     4831     4941     4947     4826
     1206      313      314      316      315     1020     1021     1023     1022     3406     3409     3412     3415     4942     4944     4946     4948     4941     4943     4945     4947
     1207      307      303      304      308     1018     1016     1017     1019     3398     3395     3400     3403     4937     4935     4938     4940     4936     4931     4934     4939
     1208      303      264      263      304     1016      997      996     1017     3390     3320     3392     3395     4932     4885     4933     4935     4931     4886     4884     4934
     1209      268      300      222      234      999     1015      975      982     3387     3385     3270     3331     4930     4929     4853     4892     4891     4927     4835     4852
     1210      300      296      224      222     1015     1012      977      975     3383     3371     3243     3385     4928     4920     4836     4929     4927     4921     4837     4835
     1211      224      296      298      297      977     1012     1014     1013     3371     3374     3377     3380     4920     4922     4924     4926     4837     4921     4923     4925
     1212      287      291      292      285     1008     1010     1011     1006     3364     3367     3369     3362     4915     4917     4919     4914     4913     4916     4918     4907
     1213      285      286      288      287     1006     1007     1009     1008     3354     3356     3359     3362     4908     4910     4912     4914     4907     4909     4911     4913
     1214      275      279      280      273     1002     1004     1005     1000     3346     3349     3351     3344     4902     4904     4906     4901     4900     4903     4905     4894
     1215      273      274      276      275     1000     1001     1003     1002     3336     3338     3341     3344     4895     4897     4899     4901     4894     4896     4898     4900
     1216      267      268      234      238      998      999      982      984     3328     3331     3276     3333     4890     4892     4857     4893     4889     4891     4852     4856
     1217      262      263      264      255      995      996      997      991     3317     3320     3323     3325     4883     4885     4887     4888     4882     4884     4886     4874
     1218      255      256      258      257      991      992      994      993     3305     3308     3311     3314     4875     4877     4879     4881     4874     4876     4878     4880
     1219      249      231      227      250      989      980      978      990     3297     3265     3299     3302     4870     4850     4871     4873     4869     4846     4841     4872
     1220      244      205      246      245      986      967      988      987     3286     3288     3291     3294     4863     4864     4866     4868     4862     4818     4865     4867
     1221      240      237      232      231      985      983      981      980     3281     3278     3260     3283     4860     4858     4847     4861     4859     4854     4848     4846
     1222      237      238      234      232      983      984      982      981     3273     3276     3267     3278     4855     4857     4851     4858     4854     4856     4852     4848
     1223      232      234      222      221      981      982      975      974     3267     3270     3240     3263     4851     4853     4834     4849     4848     4852     4835     4833
     1224      231      232      221      227      980      981      974      978     3260     3263     3252     3265     4847     4849     4842     4850     4846     4848     4833     4841
     1225      227      221      223      228      978      974      976      979     3252     3249     3254     3257     4842     4840     4843     4845     4841     4833     4839     4844
     1226      221      222      224      223      974      975      977      976     3240     3243     3246     3249     4834     4836     4838     4840     4833     4835     4837     4839
     1227      213      193      194      216      971      961      962      973     3226     3196     3234     3237     4825     4805     4830     4832     4826     4806     4804     4831
     1228      193      213      214      198      961      971      972      964     3226     3229     3232     3204     4825     4827     4829     4810     4806     4826     4828     4811
     1229      197      198      210      209      963      964      970      969     3207     3219     3221     3224     4812     4820     4822     4824     4808     4811     4821     4823
     1230      203      204      206      205      965      966      968      967     3210     3212     3214     3217     4814     4816     4817     4819     4813     4815     2632     4818
     1231      197      191      193      198      963      959      961      964     3202     3199     3204     3207     4809     4807     4810     4812     4808     4800     4806     4811
     1232      191      192      194      193      959      960      962      961     3190     3193     3196     3199     4801     4803     4805     4807     4800     4802     4804     4806
     1233      951      957      555      553      952      958      556      554     2774     4797     3999     4783     4799     4798     4000     4785     4784     4795     3952     3943
     1234      957      955      557      555      958      956      558      556     2685     4793     3954     4797     4796     4794     3955     4798     4795     4791     3957     3952
     1235      955      953      573      557      956      954      574      558     2686     4789     3997     4793     4792     4790     3998     4794     4791     4787     3993     3957
     1236      953      278      277      573      954      280      279      574     2687     3347     4618     4789     4788     3349     4619     4790     4787     3350     3348     3993
     1237      269      208      196      270      273      210      198      274     2689     3218     4623     3334     4786     3219     4624     3336     3335     3220     3206     3337
     1238      207      951      553      195      209      952      554      197     2773     4783     3940     3222     4782     4785     3941     3224     3223     4784     3943     3201
     1239      281      949      560      282      285      950      562      286     2673     4779     4654     3352     4781     4780     4655     3354     3353     4777     3963     3355
     1240      949      947      533      560      950      948      534      562     2674     4775     3962     4779     4778     4776     3964     4780     4777     4773     3897     3963
     1241      947      945      461      533      948      946      462      534     2675     4771     3896     4775     4774     4772     3898     4776     4773     4769     3735     3897
     1242      945      943      463      461      946      944      465      462     2676     4767     3737     4771     4770     4768     3738     4772     4769     4765     3740     3735
     1243      943      941      531      463      944      942      532      465     2677     4763     3894     4767     4766     4764     3895     4768     4765     4761     3890     3740
     1244      941      939      529      531      942      940      530      532     2678     4759     3889     4763     4762     4760     3891     4764     4761     4757     3885     3890
     1245      939      290      289      529      940      292      291      530     2771     3365     4649     4759     4758     3367     4650     4760     4757     3368     3366     3885
     1246      892      937      655      575      894      938      657      577     2696     4754     4659     4663     4756     4755     4660     4664     2642     4752     4176     4002
     1247      937      935      651      655      938      936      653      657     2695     4750     4175     4754     4753     4751     4177     4755     4752     4748     4168     4176
     1248      935      933      647      651      936      934      649      653     2694     4746     4167     4750     4749     4747     4169     4751     4748     4744     4160     4168
     1249      933      931      643      647      934      932      645      649     2693     4742     4159     4746     4745     4743     4161     4747     4744     4740     4152     4160
     1250      931      929      635      643      932      930      637      645     2692     4738     4151     4742     4741     4739     4153     4743     4740     4736     4136     4152
     1251      929      927      631      635      930      928      633      637     2691     4734     4135     4738     4737     4735     4137     4739     4736     4732     4128     4136
     1252      927      925      627      631      928      926      629      633     2702     4730     4127     4734     4733     4731     4129     4735     4732     4728     4120     4128
     1253      925      923      623      627      926      924      625      629     2701     4726     4119     4730     4729     4727     4121     4731     4728     4724     4112     4120
     1254      923      921      619      623      924      922      621      625     2700     4722     4111     4726     4725     4723     4113     4727     4724     4720     4104     4112
     1255      921      919      611      619      922      920      613      621     2699     4718     4103     4722     4721     4719     4105     4723     4720     4716     4088     4104
     1256      919      917      607      611      920      918      609      613     2698     4714     4087     4718     4717     4715     4089     4719     4716     4712     4080     4088
     1257      917      915      603      607      918      916      605      609     2697     4710     4079     4714     4713     4711     4081     4715     4712     4708     4072     4080
     1258      915      913      599      603      916      914      601      605     2450     4706     4071     4710     4709     4707     4073     4711     4708     4704     4064     4072
     1259      913      911      595      599      914      912      597      601     2449     4702     4063     4706     4705     4703     4065     4707     4704     4700     4056     4064
     1260      911      909      591      595      912      910      592      597     2448     4698     4055     4702     4701     4699     4057     4703     4700     4696     4046     4056
     1261      909      907      589      591      910      908      590      592     2447     4694     4045     4698     4697     4695     4047     4699     4696     4692     4041     4046
     1262      907      905      587      589      908      906      588      590     2446     4690     4040     4694     4693     4691     4042     4695     4692     4688     4036     4041
     1263      905      903      585      587      906      904      586      588     2445     4686     4035     4690     4689     4687     4037     4691     4688     4684     4031     4036
     1264      903      200      199      585      904      204      203      586     2444     3208     4030     4686     4685     3210     4032     4687     4684     3211     3209     4031
     1265      202      901      243      201      206      902      246      205     2442     4681     3287     3213     4683     4682     3288     3214     2633     4679     3290     3216
     1266      901      899      242      243      902      900      245      246     2441     4677     3289     4681     4680     4678     3291     4682     4679     4675     3293     3290
     1267      899      897      583      242      900      898      584      245     2440     4673     4024     4677     4676     4674     4025     4678     4675     4671     4020     3293
     1268      897      895      581      583      898      896      582      584     2439     4669     4019     4673     4672     4670     4021     4674     4671     4667     4015     4020
     1269      895      891      579      581      896      893      580      582     2438     4665     4014     4669     4668     4666     4016     4670     4667     4661     4010     4015
     1270      891      892      575      579      893      894      577      580     2437     4663     4009     4665     4662     4664     4011     4666     4661     2642     4002     4010
     1271      575      655      656      576      577      657      658      578     4659     4180     4393     4001     4660     4182     4394     4003     4002     4176     4181     4005
     1272      868      889      559      563      870      890      561      564     2426     4656     3967     4599     4658     4657     3969     4601     4600     4652     3960     3968
     1273      889      282      560      559      890      286      562      561     2427     4654     3959     4656     4653     4655     3961     4657     4652     3355     3963     3960
     1274      284      887      289      283      288      888      291      287     2643     4647     3363     3357     4651     4648     3364     3359     3358     4643     3366     3361
     1275      289      887      527      529      291      888      528      530     4647     4645     3884     4649     4648     4646     3886     4650     3366     4643     3880     3885
     1276      887      885      525      527      888      886      526      528     2644     4641     3879     4645     4644     4642     3881     4646     4643     4639     3875     3880
     1277      885      883      523      525      886      884      524      526     2645     4637     3874     4641     4640     4638     3876     4642     4639     4635     3870     3875
     1278      883      881      521      523      884      882      522      524     2646     4633     3869     4637     4636     4634     3871     4638     4635     4631     3865     3870
     1279      881      879      519      521      882      880      520      522     2647     4629     3864     4633     4632     4630     3866     4634     4631     4627     3860     3865
     1280      879      877      212      519      880      878      214      520     2648     4625     3859     4629     4628     4626     3861     4630     4627     4621     3231     3860
     1281      877      270      196      212      878      274      198      214     2649     4623     3230     4625     4622     4624     3232     4626     4621     3337     3206     3231
     1282      272      875      277      271      276      876      279      275     2651     4616     3345     3339     4620     4617     3346     3341     3340     4612     3348     3343
     1283      277      875      571      573      279      876      572      574     4616     4614     3992     4618     4617     4615     3994     4619     3348     4612     3988     3993
     1284      875      873      569      571      876      874      570      572     2652     4610     3987     4614     4613     4611     3989     4615     4612     4608     3983     3988
     1285      873      871      567      569      874      872      568      570     2653     4606     3982     4610     4609     4607     3984     4611     4608     4604     3978     3983
     1286      871      867      565      567      872      869      566      568     2654     4602     3977     4606     4605     4603     3979     4607     4604     4597     3973     3978
     1287      867      868      563      565      869      870      564      566     2425     4599     3972     4602     4598     4601     3974     4603     4597     4600     3968     3973
     1288      660      865      441      445      662      866      443      447     2497     4594     3700     4184     4596     4595     3702     4186     4185     4592     3693     3701
     1289      865      863      439      441      866      864      440      443     2498     4590     3692     4594     4593     4591     3694     4595     4592     4588     3688     3693
     1290      863      861      437      439      864      862      438      440     2499     4586     3687     4590     4589     4587     3689     4591     4588     4584     3683     3688
     1291      861      859      435      437      862      860      436      438     2500     4582     3682     4586     4585     4583     3684     4587     4584     4580     3678     3683
     1292      859      857      433      435      860      858      434      436     2501     4578     3677     4582     4581     4579     3679     4583     4580     4576     3673     3678
     1293      857      855      431      433      858      856      432      434     2502     4574     3672     4578     4577     4575     3674     4579     4576     4572     3668     3673
     1294      855      853      429      431      856      854      430      432     2503     4570     3667     4574     4573     4571     3669     4575     4572     4568     3663     3668
     1295      853      851      427      429      854      852      428      430     2504     4566     3662     4570     4569     4567     3664     4571     4568     4564     3658     3663
     1296      851      849      425      427      852      850      426      428     2505     4562     3657     4566     4565     4563     3659     4567     4564     4560     3651     3658
     1297      849      847      421      425      850      848      423      426     2506     4558     3650     4562     4561     4559     3652     4563     4560     4556     3643     3651
     1298      847      845      417      421      848      846      419      423     2507     4554     3642     4558     4557     4555     3644     4559     4556     4552     3635     3643
     1299      845      843      413      417      846      844      415      419     2508     4550     3634     4554     4553     4551     3636     4555     4552     4548     3627     3635
     1300      843      841      409      413      844      842      411      415     2509     4546     3626     4550     4549     4547     3628     4551     4548     4544     3619     3627
     1301      841      839      405      409      842      840      407      411     2510     4542     3618     4546     4545     4543     3620     4547     4544     4540     3611     3619
     1302      839      837      401      405      840      838      403      407     2511     4538     3610     4542     4541     4539     3612     4543     4540     4536     3603     3611
     1303      837      835      397      401      838      836      399      403     2512     4534     3602     4538     4537     4535     3604     4539     4536     4532     3595     3603
     1304      835      833      393      397      836      834      395      399     2513     4530     3594     4534     4533     4531     3596     4535     4532     4528     3587     3595
     1305      833      831      389      393      834      832      391      395     2514     4526     3586     4530     4529     4527     3588     4531     4528     4524     3579     3587
     1306      831      829      385      389      832      830      387      391     2515     4522     3578     4526     4525     4523     3580     4527     4524     4520     3571     3579
     1307      829      827      381      385      830      828      383      387     2516     4518     3570     4522     4521     4519     3572     4523     4520     4516     3563     3571
     1308      827      825      377      381      828      826      379      383     2517     4514     3562     4518     4517     4515     3564     4519     4516     4512     3555     3563
     1309      825      823      373      377      826      824      375      379     2518     4510     3554     4514     4513     4511     3556     4515     4512     4508     3547     3555
     1310      823      821      371      373      824      822      372      375     2519     4506     3546     4510     4509     4507     3548     4511     4508     4504     3542     3547
     1311      821      819      369      371      822      820      370      372     2520     4502     3541     4506     4505     4503     3543     4507     4504     4500     3537     3542
     1312      819      817      219      369      820      818      223      370     2521     4498     3536     4502     4501     4499     3538     4503     4500     4496     3248     3537
     1313      817      815      226      219      818      816      228      223     2522     4494     3253     4498     4497     4495     3254     4499     4496     4492     3256     3248
     1314      815      813      367      226      816      814      368      228     2523     4490     3534     4494     4493     4491     3535     4495     4492     4488     3528     3256
     1315      813      811      363      367      814      812      365      368     2524     4486     3527     4490     4489     4487     3529     4491     4488     4484     3520     3528
     1316      811      809      359      363      812      810      361      365     2525     4482     3519     4486     4485     4483     3521     4487     4484     2761     3512     3520
     1317      809      807      356      359      810      808      358      361     2758     4479     3511     4482     4481     4480     3513     4483     2761     4477     3509     3512
     1318      807      805      347      356      808      806      351      358     2757     4475     3508     4479     4478     4476     3510     4480     4477     4473     3492     3509
     1319      805      803      348      347      806      804      352      351     2756     4471     3491     4475     4474     4472     3493     4476     4473     4469     3495     3492
     1320      803      801      593      348      804      802      594      352     2755     4467     4053     4471     4470     4468     4054     4472     4469     4465     4051     3495
     1321      801      799      596      593      802      800      598      594     2754     4463     4058     4467     4466     4464     4059     4468     4465     4461     4061     4051
     1322      799      797      600      596      800      798      602      598     2753     4459     4066     4463     4462     4460     4067     4464     4461     4457     4069     4061
     1323      797      795      604      600      798      796      606      602     2752     4455     4074     4459     4458     4456     4075     4460     4457     4453     4077     4069
     1324      795      793      608      604      796      794      610      606     2751     4451     4082     4455     4454     4452     4083     4456     4453     4449     4085     4077
     1325      793      791      612      608      794      792      614      610     2750     4447     4090     4451     4450     4448     4091     4452     4449     4445     4093     4085
     1326      791      789      616      612      792      790      618      614     2749     4443     4098     4447     4446     4444     4099     4448     4445     4441     4101     4093
     1327      789      787      615      616      790      788      617      618     2748     4439     4100     4443     4442     4440     4102     4444     4441     4437     4096     4101
     1328      787      785      620      615      788      786      622      617     2622     4435     4106     4439     4438     4436     4107     4440     4437     4433     4109     4096
     1329      785      783      624      620      786      784      626      622     2621     4431     4114     4435     4434     4432     4115     4436     4433     4429     4117     4109
     1330      783      781      628      624      784      782      630      626     2620     4427     4122     4431     4430     4428     4123     4432     4429     4425     4125     4117
     1331      781      779      632      628      782      780      634      630     2619     4423     4130     4427     4426     4424     4131     4428     4425     4421     4133     4125
     1332      779      777      636      632      780      778      638      634     2618     4419     4138     4423     4422     4420     4139     4424     4421     4417     4141     4133
     1333      777      775      640      636      778      776      642      638     2617     4415     4146     4419     4418     4416     4147     4420     4417     4413     4149     4141
     1334      775      773      639      640      776      774      641      642     2616     4411     4148     4415     4414     4412     4150     4416     4413     4409     4144     4149
     1335      773      771      644      639      774      772      646      641     2615     4407     4154     4411     4410     4408     4155     4412     4409     4405     4157     4144
     1336      771      769      648      644      772      770      650      646     2614     4403     4162     4407     4406     4404     4163     4408     4405     4401     4165     4157
     1337      769      767      652      648      770      768      654      650     2613     4399     4170     4403     4402     4400     4171     4404     4401     4397     4173     4165
     1338      767      765      656      652      768      766      658      654     2612     4395     4178     4399     4398     4396     4179     4400     4397     2770     4181     4173
     1339      765      763      576      656      766      764      578      658     2582     4390     4393     4395     4392     4391     4394     4396     2770     4388     4005     4181
     1340      763      761      327      576      764      762      328      578     2583     4386     4004     4390     4389     4387     4006     4391     4388     4384     3448     4005
     1341      761      759      325      327      762      760      326      328     2584     4382     3447     4386     4385     4383     3449     4387     4384     4380     3443     3448
     1342      759      757      323      325      760      758      324      326     2585     4378     3442     4382     4381     4379     3444     4383     4380     4376     3438     3443
     1343      757      755      321      323      758      756      322      324     2586     4374     3437     4378     4377     4375     3439     4379     4376     4372     3433     3438
     1344      755      753      317      321      756      754      319      322     2587     4370     3432     4374     4373     4371     3434     4375     4372     4368     3425     3433
     1345      753      751      318      317      754      752      320      319     2588     4366     3424     4370     4369     4367     3426     4371     4368     4364     3428     3425
     1346      751      749      374      318      752      750      376      320     2589     4362     3549     4366     4365     4363     3550     4367     4364     4360     3552     3428
     1347      749      747      378      374      750      748      380      376     2590     4358     3557     4362     4361     4359     3558     4363     4360     4356     3560     3552
     1348      747      745      382      378      748      746      384      380     2591     4354     3565     4358     4357     4355     3566     4359     4356     4352     3568     3560
     1349      745      743      386      382      746      744      388      384     2592     4350     3573     4354     4353     4351     3574     4355     4352     4348     3576     3568
     1350      743      741      390      386      744      742      392      388     2593     4346     3581     4350     4349     4347     3582     4351     4348     4344     3584     3576
     1351      741      739      394      390      742      740      396      392     2594     4342     3589     4346     4345     4343     3590     4347     4344     4340     3592     3584
     1352      739      737      398      394      740      738      400      396     2595     4338     3597     4342     4341     4339     3598     4343     4340     4336     3600     3592
     1353      737      735      402      398      738      736      404      400     2596     4334     3605     4338     4337     4335     3606     4339     4336     4332     3608     3600
     1354      735      733      406      402      736      734      408      404     2597     4330     3613     4334     4333     4331     3614     4335     4332     4328     3616     3608
     1355      733      731      410      406      734      732      412      408     2598     4326     3621     4330     4329     4327     3622     4331     4328     4324     3624     3616
     1356      731      729      414      410      732      730      416      412     2599     4322     3629     4326     4325     4323     3630     4327     4324     4320     3632     3624
     1357      729      727      418      414      730      728      420      416     2600     4318     3637     4322     4321     4319     3638     4323     4320     4316     3640     3632
     1358      727      725      422      418      728      726      424      420     2601     4314     3645     4318     4317     4315     3646     4319     4316     4312     3648     3640
     1359      725      723      343      422      726      724      345      424     2602     4310     3653     4314     4313     4311     3654     4315     4312     4308     3484     3648
     1360      723      721      339      343      724      722      341      345     2603     4306     3483     4310     4309     4307     3485     4311     4308     4304     3476     3484
     1361      721      719      337      339      722      720      338      341     2604     4302     3475     4306     4305     4303     3477     4307     4304     4300     3471     3476
     1362      719      717      335      337      720      718      336      338     2605     4298     3470     4302     4301     4299     3472     4303     4300     4296     3466     3471
     1363      717      715      333      335      718      716      334      336     2606     4294     3465     4298     4297     4295     3467     4299     4296     4292     3461     3466
     1364      715      713      252      333      716      714      256      334     2607     4290     3460     4294     4293     4291     3462     4295     4292     4288     3307     3461
     1365      713      711      254      252      714      712      258      256     2608     4286     3306     4290     4289     4287     3308     4291     4288     4284     3310     3307
     1366      711      709      538      254      712      710      540      258     2609     4282     3911     4286     4285     4283     3912     4287     4284     4280     3914     3310
     1367      709      707      542      538      710      708      544      540     2610     4278     3919     4282     4281     4279     3920     4283     4280     4276     3922     3914
     1368      707      705      546      542      708      706      548      544     2611     4274     3927     4278     4277     4275     3928     4279     4276     2767     3930     3922
     1369      705      703      550      546      706      704      552      548     2736     4271     3935     4274     4273     4272     3936     4275     2767     4269     3938     3930
     1370      703      701      515      550      704      702      517      552     2735     4267     3947     4271     4270     4268     3948     4272     4269     4265     3852     3938
     1371      701      699      511      515      702      700      513      517     2734     4263     3851     4267     4266     4264     3853     4268     4265     4261     3844     3852
     1372      699      697      507      511      700      698      509      513     2733     4259     3843     4263     4262     4260     3845     4264     4261     4257     3836     3844
     1373      697      695      505      507      698      696      506      509     2732     4255     3835     4259     4258     4256     3837     4260     4257     4253     3831     3836
     1374      695      693      503      505      696      694      504      506     2731     4251     3830     4255     4254     4252     3832     4256     4253     4249     3826     3831
     1375      693      691      501      503      694      692      502      504     2730     4247     3825     4251     4250     4248     3827     4252     4249     4245     3821     3826
     1376      691      689      499      501      692      690      500      502     2729     4243     3820     4247     4246     4244     3822     4248     4245     4241     3816     3821
     1377      689      687      497      499      690      688      498      500     2728     4239     3815     4243     4242     4240     3817     4244     4241     4237     3811     3816
     1378      687      685      494      497      688      686      496      498     2727     4235     3810     4239     4238     4236     3812     4240     4237     4233     3808     3811
     1379      685      683      493      494      686      684      495      496     2726     4231     3807     4235     4234     4232     3809     4236     4233     4229     3803     3808
     1380      683      681      491      493      684      682      492      495     2536     4227     3802     4231     4230     4228     3804     4232     4229     4225     3798     3803
     1381      681      679      489      491      682      680      490      492     2535     4223     3797     4227     4226     4224     3799     4228     4225     4221     3791     3798
     1382      679      677      485      489      680      678      487      490     2534     4219     3790     4223     4222     4220     3792     4224     4221     4217     3783     3791
     1383      677      675      481      485      678      676      483      487     2533     4215     3782     4219     4218     4216     3784     4220     4217     4213     3775     3783
     1384      675      673      477      481      676      674      479      483     2532     4211     3774     4215     4214     4212     3776     4216     4213     4209     3767     3775
     1385      673      671      473      477      674      672      475      479     2531     4207     3766     4211     4210     4208     3768     4212     4209     4205     3759     3767
     1386      671      669      469      473      672      670      471      475     2530     4203     3758     4207     4206     4204     3760     4208     4205     4201     3751     3759
     1387      669      667      467      469      670      668      468      471     2529     4199     3750     4203     4202     4200     3752     4204     4201     4197     3746     3751
     1388      667      665      457      467      668      666      459      468     2528     4195     3745     4199     4198     4196     3747     4200     4197     4193     3725     3746
     1389      665      663      453      457      666      664      455      459     2527     4191     3724     4195     4194     4192     3726     4196     4193     4189     3717     3725
     1390      663      659      449      453      664      661      451      455     2526     4187     3716     4191     4190     4188     3718     4192     4189     2764     3709     3717
     1391      659      660      445      449      661      662      447      451     2496     4184     3708     4187     4183     4186     3710     4188     2764     4185     3701     3709
     1392      655      651      652      656      657      653      654      658     4175     4172     4178     4180     4177     4174     4179     4182     4176     4168     4173     4181
     1393      651      647      648      652      653      649      650      654     4167     4164     4170     4172     4169     4166     4171     4174     4168     4160     4165     4173
     1394      647      643      644      648      649      645      646      650     4159     4156     4162     4164     4161     4158     4163     4166     4160     4152     4157     4165
     1395      643      635      639      644      645      637      641      646     4151     4143     4154     4156     4153     4145     4155     4158     4152     4136     4144     4157
     1396      639      635      636      640      641      637      638      642     4143     4140     4146     4148     4145     4142     4147     4150     4144     4136     4141     4149
     1397      635      631      632      636      637      633      634      638     4135     4132     4138     4140     4137     4134     4139     4142     4136     4128     4133     4141
     1398      631      627      628      632      633      629      630      634     4127     4124     4130     4132     4129     4126     4131     4134     4128     4120     4125     4133
     1399      627      623      624      628      629      625      626      630     4119     4116     4122     4124     4121     4118     4123     4126     4120     4112     4117     4125
     1400      623      619      620      624      625      621      622      626     4111     4108     4114     4116     4113     4110     4115     4118     4112     4104     4109     4117
     1401      619      611      615      620      621      613      617      622     4103     4095     4106     4108     4105     4097     4107     4110     4104     4088     4096     4109
     1402      615      611      612      616      617      613      614      618     4095     4092     4098     4100     4097     4094     4099     4102     4096     4088     4093     4101
     1403      611      607      608      612      613      609      610      614     4087     4084     4090     4092     4089     4086     4091     4094     4088     4080     4085     4093
     1404      607      603      604      608      609      605      606      610     4079     4076     4082     4084     4081     4078     4083     4086     4080     4072     4077     4085
     1405      603      599      600      604      605      601      602      606     4071     4068     4074     4076     4073     4070     4075     4078     4072     4064     4069     4077
     1406      599      595      596      600      601      597      598      602     4063     4060     4066     4068     4065     4062     4067     4070     4064     4056     4061     4069
     1407      595      591      593      596      597      592      594      598     4055     4050     4058     4060     4057     4052     4059     4062     4056     4046     4051     4061
     1408      593      591      350      348      594      592      354      352     4050     4048     3494     4053     4052     4049     3496     4054     4051     4046     3498     3495
     1409      591      589      349      350      592      590      353      354     4045     4043     3497     4048     4047     4044     3499     4049     4046     4041     3501     3498
     1410      589      587      355      349      590      588      357      353     4040     4038     3503     4043     4042     4039     3504     4044     4041     4036     3506     3501
     1411      587      585      360      355      588      586      362      357     4035     4033     3514     4038     4037     4034     3515     4039     4036     4031     3517     3506
     1412      585      199      364      360      586      203      366      362     4030     4028     3522     4033     4032     4029     3523     4034     4031     3209     3525     3517
     1413      199      247      248      364      203      249      250      366     4026     3300     3530     4028     4027     3302     3531     4029     3209     3296     3301     3525
     1414      199      201      241      247      203      205      244      249     3215     3284     3422     4026     3217     3286     3423     4027     3209     3216     3285     3296
     1415      242      583      239      241      245      584      240      244     4024     4022     3420     3292     4025     4023     3421     3294     3293     4020     3280     3285
     1416      583      581      235      239      584      582      237      240     4019     4017     3279     4022     4021     4018     3281     4023     4020     4015     3272     3280
     1417      581      579      236      235      582      580      238      237     4014     4012     3271     4017     4016     4013     3273     4018     4015     4010     3275     3272
     1418      579      575      265      236      580      577      267      238     4009     4007     3332     4012     4011     4008     3333     4013     4010     4002     3327     3275
     1419      575      576      327      265      577      578      328      267     4001     4004     3450     4007     4003     4006     3451     4008     4002     4005     3448     3327
     1420      553      555      512      508      554      556      514      510     3999     3949     3846     3942     4000     3950     3847     3944     3943     3952     3849     3841
     1421      557      573      541      545      558      574      543      547     3997     3995     3924     3956     3998     3996     3926     3958     3957     3993     3917     3925
     1422      573      571      537      541      574      572      539      543     3992     3990     3916     3995     3994     3991     3918     3996     3993     3988     3909     3917
     1423      571      569      253      537      572      570      257      539     3987     3985     3908     3990     3989     3986     3910     3991     3988     3983     3313     3909
     1424      569      567      251      253      570      568      255      257     3982     3980     3312     3985     3984     3981     3314     3986     3983     3978     3304     3313
     1425      567      565      259      251      568      566      262      255     3977     3975     3324     3980     3979     3976     3325     3981     3978     3973     3316     3304
     1426      565      563      329      259      566      564      331      262     3972     3970     3452     3975     3974     3971     3453     3976     3973     3968     3455     3316
     1427      563      559      535      329      564      561      536      331     3967     3965     3906     3970     3969     3966     3907     3971     3968     3960     3902     3455
     1428      559      560      533      535      561      562      534      536     3959     3962     3901     3965     3961     3964     3903     3966     3960     3963     3897     3902
     1429      555      557      545      549      556      558      547      551     3954     3956     3932     3951     3955     3958     3934     3953     3952     3957     3925     3933
     1430      512      555      549      516      514      556      551      518     3949     3951     3945     3854     3950     3953     3946     3855     3849     3952     3933     3857
     1431      516      549      550      515      518      551      552      517     3945     3937     3947     3856     3946     3939     3948     3858     3857     3933     3938     3852
     1432      195      553      508      187      197      554      510      191     3940     3942     3838     3200     3941     3944     3839     3202     3201     3943     3841     3189
     1433      549      545      546      550      551      547      548      552     3932     3929     3935     3937     3934     3931     3936     3939     3933     3925     3930     3938
     1434      545      541      542      546      547      543      544      548     3924     3921     3927     3929     3926     3923     3928     3931     3925     3917     3922     3930
     1435      541      537      538      542      543      539      540      544     3916     3913     3919     3921     3918     3915     3920     3923     3917     3909     3914     3922
     1436      537      253      254      538      539      257      258      540     3908     3309     3911     3913     3910     3311     3912     3915     3909     3313     3310     3914
     1437      329      535      442      330      331      536      444      332     3906     3904     3695     3454     3907     3905     3696     3456     3455     3902     3698     3458
     1438      535      533      446      442      536      534      448      444     3901     3899     3703     3904     3903     3900     3704     3905     3902     3897     3706     3698
     1439      533      461      450      446      534      462      452      448     3896     3732     3711     3899     3898     3733     3712     3900     3897     3735     3714     3706
     1440      463      531      470      464      465      532      472      466     3894     3892     3753     3739     3895     3893     3754     3741     3740     3890     3756     3743
     1441      531      529      474      470      532      530      476      472     3889     3887     3761     3892     3891     3888     3762     3893     3890     3885     3764     3756
     1442      529      527      478      474      530      528      480      476     3884     3882     3769     3887     3886     3883     3770     3888     3885     3880     3772     3764
     1443      527      525      482      478      528      526      484      480     3879     3877     3777     3882     3881     3878     3778     3883     3880     3875     3780     3772
     1444      525      523      486      482      526      524      488      484     3874     3872     3785     3877     3876     3873     3786     3878     3875     3870     3788     3780
     1445      523      521      312      486      524      522      316      488     3869     3867     3793     3872     3871     3868     3794     3873     3870     3865     3411     3788
     1446      521      519      311      312      522      520      315      316     3864     3862     3410     3867     3866     3863     3412     3868     3865     3860     3414     3411
     1447      519      212      211      311      520      214      213      315     3859     3227     3418     3862     3861     3229     3419     3863     3860     3231     3228     3414
     1448      515      511      512      516      517      513      514      518     3851     3848     3854     3856     3853     3850     3855     3858     3852     3844     3849     3857
     1449      511      507      508      512      513      509      510      514     3843     3840     3846     3848     3845     3842     3847     3850     3844     3836     3841     3849
     1450      507      505      187      508      509      506      191      510     3835     3833     3838     3840     3837     3834     3839     3842     3836     3831     3189     3841
     1451      505      503      188      187      506      504      192      191     3830     3828     3188     3833     3832     3829     3190     3834     3831     3826     3192     3189
     1452      503      501      190      188      504      502      194      192     3825     3823     3191     3828     3827     3824     3193     3829     3826     3821     3195     3192
     1453      501      499      215      190      502      500      216      194     3820     3818     3233     3823     3822     3819     3234     3824     3821     3816     3236     3195
     1454      499      497      309      215      500      498      313      216     3815     3813     3416     3818     3817     3814     3417     3819     3816     3811     3405     3236
     1455      497      494      310      309      498      496      314      313     3810     3805     3404     3813     3812     3806     3406     3814     3811     3808     3408     3405
     1456      493      491      310      494      495      492      314      496     3802     3800     3805     3807     3804     3801     3806     3809     3803     3798     3408     3808
     1457      491      489      312      310      492      490      316      314     3797     3795     3407     3800     3799     3796     3409     3801     3798     3791     3411     3408
     1458      489      485      486      312      490      487      488      316     3790     3787     3793     3795     3792     3789     3794     3796     3791     3783     3788     3411
     1459      485      481      482      486      487      483      484      488     3782     3779     3785     3787     3784     3781     3786     3789     3783     3775     3780     3788
     1460      481      477      478      482      483      479      480      484     3774     3771     3777     3779     3776     3773     3778     3781     3775     3767     3772     3780
     1461      477      473      474      478      479      475      476      480     3766     3763     3769     3771     3768     3765     3770     3773     3767     3759     3764     3772
     1462      473      469      470      474      475      471      472      476     3758     3755     3761     3763     3760     3757     3762     3765     3759     3751     3756     3764
     1463      469      467      464      470      471      468      466      472     3750     3748     3753     3755     3752     3749     3754     3757     3751     3746     3743     3756
     1464      467      457      458      464      468      459      460      466     3745     3729     3742     3748     3747     3731     3744     3749     3746     3725     3730     3743
     1465      461      463      464      458      462      465      466      460     3737     3739     3742     3734     3738     3741     3744     3736     3735     3740     3743     3730
     1466      450      461      458      454      452      462      460      456     3732     3734     3727     3719     3733     3736     3728     3720     3714     3735     3730     3722
     1467      457      453      454      458      459      455      456      460     3724     3721     3727     3729     3726     3723     3728     3731     3725     3717     3722     3730
     1468      453      449      450      454      455      451      452      456     3716     3713     3719     3721     3718     3715     3720     3723     3717     3709     3714     3722
     1469      449      445      446      450      451      447      448      452     3708     3705     3711     3713     3710     3707     3712     3715     3709     3701     3706     3714
     1470      445      441      442      446      447      443      444      448     3700     3697     3703     3705     3702     3699     3704     3707     3701     3693     3698     3706
     1471      441      439      330      442      443      440      332      444     3692     3690     3695     3697     3694     3691     3696     3699     3693     3688     3458     3698
     1472      439      437      260      330      440      438      263      332     3687     3685     3457     3690     3689     3686     3459     3691     3688     3683     3319     3458
     1473      437      435      302      260      438      436      304      263     3682     3680     3391     3685     3684     3681     3392     3686     3683     3678     3394     3319
     1474      435      433      306      302      436      434      308      304     3677     3675     3399     3680     3679     3676     3400     3681     3678     3673     3402     3394
     1475      433      431      305      306      434      432      307      308     3672     3670     3401     3675     3674     3671     3403     3676     3673     3668     3397     3402
     1476      431      429      340      305      432      430      342      307     3667     3665     3478     3670     3669     3666     3479     3671     3668     3663     3481     3397
     1477      429      427      344      340      430      428      346      342     3662     3660     3486     3665     3664     3661     3487     3666     3663     3658     3489     3481
     1478      427      425      343      344      428      426      345      346     3657     3655     3488     3660     3659     3656     3490     3661     3658     3651     3484     3489
     1479      425      421      422      343      426      423      424      345     3650     3647     3653     3655     3652     3649     3654     3656     3651     3643     3648     3484
     1480      421      417      418      422      423      419      420      424     3642     3639     3645     3647     3644     3641     3646     3649     3643     3635     3640     3648
     1481      417      413      414      418      419      415      416      420     3634     3631     3637     3639     3636     3633     3638     3641     3635     3627     3632     3640
     1482      413      409      410      414      415      411      412      416     3626     3623     3629     3631     3628     3625     3630     3633     3627     3619     3624     3632
     1483      409      405      406      410      411      407      408      412     3618     3615     3621     3623     3620     3617     3622     3625     3619     3611     3616     3624
     1484      405      401      402      406      407      403      404      408     3610     3607     3613     3615     3612     3609     3614     3617     3611     3603     3608     3616
     1485      401      397      398      402      403      399      400      404     3602     3599     3605     3607     3604     3601     3606     3609     3603     3595     3600     3608
     1486      397      393      394      398      399      395      396      400     3594     3591     3597     3599     3596     3593     3598     3601     3595     3587     3592     3600
     1487      393      389      390      394      395      391      392      396     3586     3583     3589     3591     3588     3585     3590     3593     3587     3579     3584     3592
     1488      389      385      386      390      391      387      388      392     3578     3575     3581     3583     3580     3577     3582     3585     3579     3571     3576     3584
     1489      385      381      382      386      387      383      384      388     3570     3567     3573     3575     3572     3569     3574     3577     3571     3563     3568     3576
     1490      381      377      378      382      383      379      380      384     3562     3559     3565     3567     3564     3561     3566     3569     3563     3555     3560     3568
     1491      377      373      374      378      379      375      376      380     3554     3551     3557     3559     3556     3553     3558     3561     3555     3547     3552     3560
     1492      373      371      318      374      375      372      320      376     3546     3544     3549     3551     3548     3545     3550     3553     3547     3542     3428     3552
     1493      371      369      294      318      372      370      297      320     3541     3539     3427     3544     3543     3540     3429     3545     3542     3537     3379     3428
     1494      369      219      220      294      370      223      224      297     3536     3244     3378     3539     3538     3246     3380     3540     3537     3248     3245     3379
     1495      226      367      248      225      228      368      250      227     3534     3532     3298     3255     3535     3533     3299     3257     3256     3528     3301     3251
     1496      367      363      364      248      368      365      366      250     3527     3524     3530     3532     3529     3526     3531     3533     3528     3520     3525     3301
     1497      363      359      360      364      365      361      362      366     3519     3516     3522     3524     3521     3518     3523     3526     3520     3512     3517     3525
     1498      359      356      355      360      361      358      357      362     3511     3505     3514     3516     3513     3507     3515     3518     3512     3509     3506     3517
     1499      349      355      356      347      353      357      358      351     3503     3505     3508     3500     3504     3507     3510     3502     3501     3506     3509     3492
     1500      347      348      350      349      351      352      354      353     3491     3494     3497     3500     3493     3496     3499     3502     3492     3495     3498     3501
     1501      343      339      340      344      345      341      342      346     3483     3480     3486     3488     3485     3482     3487     3490     3484     3476     3481     3489
     1502      339      337      305      340      341      338      307      342     3475     3473     3478     3480     3477     3474     3479     3482     3476     3471     3397     3481
     1503      337      335      301      305      338      336      303      307     3470     3468     3396     3473     3472     3469     3398     3474     3471     3466     3389     3397
     1504      335      333      261      301      336      334      264      303     3465     3463     3388     3468     3467     3464     3390     3469     3466     3461     3322     3389
     1505      333      252      251      261      334      256      255      264     3460     3303     3321     3463     3462     3305     3323     3464     3461     3307     3304     3322
     1506      259      329      330      260      262      331      332      263     3452     3454     3457     3315     3453     3456     3459     3317     3316     3455     3458     3319
     1507      327      325      266      265      328      326      268      267     3447     3445     3326     3450     3449     3446     3328     3451     3448     3443     3330     3327
     1508      325      323      299      266      326      324      300      268     3442     3440     3386     3445     3444     3441     3387     3446     3443     3438     3382     3330
     1509      323      321      293      299      324      322      296      300     3437     3435     3381     3440     3439     3436     3383     3441     3438     3433     3373     3382
     1510      321      317      295      293      322      319      298      296     3432     3430     3372     3435     3434     3431     3374     3436     3433     3425     3376     3373
     1511      317      318      294      295      319      320      297      298     3424     3427     3375     3430     3426     3429     3377     3431     3425     3428     3379     3376
     1512      241      239      229      247      244      240      231      249     3420     3282     3295     3422     3421     3283     3297     3423     3285     3280     3259     3296
     1513      215      309      311      211      216      313      315      213     3416     3413     3418     3235     3417     3415     3419     3237     3236     3405     3414     3228
     1514      309      310      312      311      313      314      316      315     3404     3407     3410     3413     3406     3409     3412     3415     3405     3408     3411     3414
     1515      305      301      302      306      307      303      304      308     3396     3393     3399     3401     3398     3395     3400     3403     3397     3389     3394     3402
     1516      301      261      260      302      303      264      263      304     3388     3318     3391     3393     3390     3320     3392     3395     3389     3322     3319     3394
     1517      266      299      218      233      268      300      222      234     3386     3384     3268     3329     3387     3385     3270     3331     3330     3382     3242     3269
     1518      299      293      220      218      300      296      224      222     3381     3370     3241     3384     3383     3371     3243     3385     3382     3373     3245     3242
     1519      220      293      295      294      224      296      298      297     3370     3372     3375     3378     3371     3374     3377     3380     3245     3373     3376     3379
     1520      283      289      290      281      287      291      292      285     3363     3365     2772     3360     3364     3367     3369     3362     3361     3366     3368     3353
     1521      281      282      284      283      285      286      288      287     3352     2428     3357     3360     3354     3356     3359     3362     3353     3355     3358     3361
     1522      271      277      278      269      275      279      280      273     3345     3347     2688     3342     3346     3349     3351     3344     3343     3348     3350     3335
     1523      269      270      272      271      273      274      276      275     3334     2650     3339     3342     3336     3338     3341     3344     3335     3337     3340     3343
     1524      265      266      233      236      267      268      234      238     3326     3329     3274     3332     3328     3331     3276     3333     3327     3330     3269     3275
     1525      259      260      261      251      262      263      264      255     3315     3318     3321     3324     3317     3320     3323     3325     3316     3319     3322     3304
     1526      251      252      254      253      255      256      258      257     3303     3306     3309     3312     3305     3308     3311     3314     3304     3307     3310     3313
     1527      247      229      225      248      249      231      227      250     3295     3264     3298     3300     3297     3265     3299     3302     3296     3259     3251     3301
     1528      241      201      243      242      244      205      246      245     3284     3287     3289     3292     3286     3288     3291     3294     3285     3216     3290     3293
     1529      239      235      230      229      240      237      232      231     3279     3277     3258     3282     3281     3278     3260     3283     3280     3272     3262     3259
     1530      235      236      233      230      237      238      234      232     3271     3274     3266     3277     3273     3276     3267     3278     3272     3275     3269     3262
     1531      230      233      218      217      232      234      222      221     3266     3268     3238     3261     3267     3270     3240     3263     3262     3269     3242     3239
     1532      229      230      217      225      231      232      221      227     3258     3261     3250     3264     3260     3263     3252     3265     3259     3262     3239     3251
     1533      225      217      219      226      227      221      223      228     3250     3247     3253     3255     3252     3249     3254     3257     3251     3239     3248     3256
     1534      217      218      220      219      221      222      224      223     3238     3241     3244     3247     3240     3243     3246     3249     3239     3242     3245     3248
     1535      211      189      190      215      213      193      194      216     3225     3194     3233     3235     3226     3196     3234     3237     3228     3198     3195     3236
     1536      189      211      212      196      193      213      214      198     3225     3227     3230     3203     3226     3229     3232     3204     3198     3228     3231     3206
     1537      195      196      208      207      197      198      210      209     3205     3218     2690     3222     3207     3219     3221     3224     3201     3206     3220     3223
     1538      199      200      202      201      203      204      206      205     3208     2443     3213     3215     3210     3212     3214     3217     3209     3211     2633     3216
     1539      195      187      189      196      197      191      193      198     3200     3197     3203     3205     3202     3199     3204     3207     3201     3189     3198     3206
     1540      187      188      190      189      191      192      194      193     3188     3191     3194     3197     3190     3193     3196     3199     3189     3192     3195     3198
     1541       78      124       63       59      163      186      155      153     3032     3031     2905     2937     3187     3186     3097     3116     3115     3184     3094     3092
     1542      124      122       72       63      186      185      160      155     3029     3027     2921     3031     3185     3183     3106     3186     3184     3181     3107     3094
     1543      122      120       71       72      185      184      159      160     3025     3023     2924     3027     3182     3180     3108     3183     3181     3178     3104     3107
     1544      120      118       23       71      184      183      135      159     3021     3019     2927     3023     3179     3177     3109     3180     3178     3175     3053     3104
     1545      118      116       17       23      183      182      131      135     3017     3015     2832     3019     3176     3174     3054     3177     3175     3172     3045     3053
     1546      116      114       18       17      182      181      132      131     3013     3011     2820     3015     3173     3171     3046     3174     3172     3169     3047     3045
     1547      114      112       20       18      181      180      134      132     3009     3007     2823     3011     3170     3168     3048     3171     3169     3166     3049     3047
     1548      112      110       30       20      180      179      138      134     3005     3003     2930     3007     3167     3165     3110     3168     3166     3163     3059     3049
     1549      110      108       32       30      179      178      140      138     3001     2999     2842     3003     3164     3162     3060     3165     3163     3160     3061     3059
     1550      108      106       31       32      178      177      139      140     2997     2995     2845     2999     3161     3159     3062     3162     3160     3157     3063     3061
     1551      106      104       35       31      177      176      141      139     2993     2991     2850     2995     3158     3156     3065     3159     3157     3154     3066     3063
     1552      104      102       11       35      176      175      129      141     2989     2987     2858     2991     3155     3153     3069     3156     3154     3151     3041     3066
     1553      102      100        5       11      175      174      125      129     2985     2983     2813     2987     3152     3150     3042     3153     3151     3148     3033     3041
     1554      100       98        6        5      174      173      126      125     2981     2979     2801     2983     3149     3147     3034     3150     3148     3145     3035     3033
     1555       98       96        8        6      173      172      128      126     2977     2975     2804     2979     3146     3144     3036     3147     3145     3142     3037     3035
     1556       96       94       40        8      172      171      144      128     2973     2971     2862     2975     3143     3141     3071     3144     3142     3139     3072     3037
     1557       94       92       44       40      171      170      146      144     2969     2967     2869     2971     3140     3138     3075     3141     3139     3136     3076     3072
     1558       92       90       48       44      170      169      148      146     2965     2963     2877     2967     3137     3135     3080     3138     3136     3133     3081     3076
     1559       90       88       47       48      169      168      147      148     2961     2959     2880     2963     3134     3132     3082     3135     3133     3130     3078     3081
     1560       88       86       52       47      168      167      150      147     2957     2955     2884     2959     3131     3129     3084     3132     3130     3127     3085     3078
     1561       86       84       67       52      167      166      157      150     2953     2951     2916     2955     3128     3126     3103     3129     3127     3124     3098     3085
     1562       84       82       68       67      166      165      158      157     2949     2947     2908     2951     3125     3123     3099     3126     3124     3121     3100     3098
     1563       82       80       60       68      165      164      154      158     2945     2943     2911     2947     3122     3120     3101     3123     3121     3118     3090     3100
     1564       80       76       59       60      164      161      153      154     2941     2939     2895     2943     3119     3117     3091     3120     3118     3111     3092     3090
     1565       76       77       78       59      161      162      163      153     2932     2934     2937     2939     3112     3114     3116     3117     3111     3113     3115     3092
     1566       29       19       20       30      137      133      134      138     2928     2826     2930     2839     2779     3050     3110     3058     3057     3051     3049     3059
     1567       24       64       71       23      136      156      159      135     2925     2919     2927     2836     2786     3105     3109     3056     3055     3096     3104     3053
     1568       71       64       63       72      159      156      155      160     2919     2901     2921     2924     3105     3095     3106     3108     3104     3096     3094     3107
     1569       58       51       52       67      152      149      150      157     2914     2887     2916     2913     2783     3086     3103     3102     3088     3083     3085     3098
     1570       67       68       60       58      157      158      154      152     2908     2911     2892     2913     3099     3101     3089     3102     3098     3100     3090     3088
     1571       63       64       57       59      155      156      151      153     2901     2903     2898     2905     3095     2785     3093     3097     3094     3096     3087     3092
     1572       57       58       60       59      151      152      154      153     2889     2892     2895     2898     2784     3089     3091     3093     3087     3088     3090     3092
     1573       51       43       47       52      149      145      147      150     2882     2875     2884     2887     2782     3079     3084     3086     3083     3074     3078     3085
     1574       47       43       44       48      147      145      146      148     2875     2872     2877     2880     3079     3077     3080     3082     3078     3074     3076     3081
     1575       43       39       40       44      145      143      144      146     2867     2865     2869     2872     2781     3073     3075     3077     3074     3070     3072     3076
     1576       39        7        8       40      143      127      128      144     2860     2807     2862     2865     2777     3038     3071     3073     3070     3039     3037     3072
     1577       12       36       35       11      130      142      141      129     2856     2853     2858     2817     2775     3067     3069     3044     3043     3068     3066     3041
     1578       31       35       36       29      139      141      142      137     2850     2853     2855     2848     3065     3067     2780     3064     3063     3066     3068     3057
     1579       29       30       32       31      137      138      140      139     2839     2842     2845     2848     3058     3060     3062     3064     3057     3059     3061     3063
     1580       23       17       19       24      135      131      133      136     2832     2829     2833     2836     3054     3052     2778     3056     3053     3045     3051     3055
     1581       17       18       20       19      131      132      134      133     2820     2823     2826     2829     3046     3048     3050     3052     3045     3047     3049     3051
     1582       11        5        7       12      129      125      127      130     2813     2810     2814     2817     3042     3040     2776     3044     3041     3033     3039     3043
     1583        5        6        8        7      125      126      128      127     2801     2804     2807     2810     3034     3036     3038     3040     3033     3035     3037     3039
     1584       75      123       61       55       78      124       63       59     2624     3030     2904     2935     3032     3031     2905     2937     2936     3028     2900     2897
     1585      123      121       70       61      124      122       72       63     2625     3026     2920     3030     3029     3027     2921     3031     3028     3024     2923     2900
     1586      121      119       69       70      122      120       71       72     2626     3022     2922     3026     3025     3023     2924     3027     3024     3020     2918     2923
     1587      119      117       21       69      120      118       23       71     2627     3018     2926     3022     3021     3019     2927     3023     3020     3016     2831     2918
     1588      117      115       13       21      118      116       17       23     2628     3014     2830     3018     3017     3015     2832     3019     3016     3012     2819     2831
     1589      115      113       14       13      116      114       18       17     2629     3010     2818     3014     3013     3011     2820     3015     3012     3008     2822     2819
     1590      113      111       16       14      114      112       20       18     2630     3006     2821     3010     3009     3007     2823     3011     3008     3004     2825     2822
     1591      111      109       26       16      112      110       30       20     2703     3002     2929     3006     3005     3003     2930     3007     3004     3000     2841     2825
     1592      109      107       28       26      110      108       32       30     2704     2998     2840     3002     3001     2999     2842     3003     3000     2996     2844     2841
     1593      107      105       27       28      108      106       31       32     2705     2994     2843     2998     2997     2995     2845     2999     2996     2992     2847     2844
     1594      105      103       33       27      106      104       35       31     2706     2990     2849     2994     2993     2991     2850     2995     2992     2988     2852     2847
     1595      103      101        9       33      104      102       11       35     2707     2986     2857     2990     2989     2987     2858     2991     2988     2984     2812     2852
     1596      101       99        1        9      102      100        5       11     2708     2982     2811     2986     2985     2983     2813     2987     2984     2980     2800     2812
     1597       99       97        2        1      100       98        6        5     2709     2978     2799     2982     2981     2979     2801     2983     2980     2976     2803     2800
     1598       97       95        4        2       98       96        8        6     2710     2974     2802     2978     2977     2975     2804     2979     2976     2972     2806     2803
     1599       95       93       38        4       96       94       40        8     2711     2970     2861     2974     2973     2971     2862     2975     2972     2968     2864     2806
     1600       93       91       42       38       94       92       44       40     2712     2966     2868     2970     2969     2967     2869     2971     2968     2964     2871     2864
     1601       91       89       46       42       92       90       48       44     2713     2962     2876     2966     2965     2963     2877     2967     2964     2960     2879     2871
     1602       89       87       45       46       90       88       47       48     2714     2958     2878     2962     2961     2959     2880     2963     2960     2956     2874     2879
     1603       87       85       50       45       88       86       52       47     2634     2954     2883     2958     2957     2955     2884     2959     2956     2952     2886     2874
     1604       85       83       65       50       86       84       67       52     2635     2950     2915     2954     2953     2951     2916     2955     2952     2948     2907     2886
     1605       83       81       66       65       84       82       68       67     2636     2946     2906     2950     2949     2947     2908     2951     2948     2944     2910     2907
     1606       81       79       56       66       82       80       60       68     2637     2942     2909     2946     2945     2943     2911     2947     2944     2940     2894     2910
     1607       79       73       55       56       80       76       59       60     2638     2938     2893     2942     2941     2939     2895     2943     2940     2931     2897     2894
     1608       73       74       75       55       76       77       78       59     2639     2623     2935     2938     2932     2934     2937     2939     2931     2933     2936     2897
     1609       25       15       16       26       29       19       20       30     2794     2824     2929     2837     2928     2826     2930     2839     2838     2828     2825     2841
     1610       22       62       69       21       24       64       71       23     2789     2917     2926     2834     2925     2919     2927     2836     2835     2902     2918     2831
     1611       69       62       61       70       71       64       63       72     2917     2899     2920     2922     2919     2901     2921     2924     2918     2902     2900     2923
     1612       54       49       50       65       58       51       52       67     2798     2885     2915     2912     2914     2887     2916     2913     2891     2881     2886     2907
     1613       65       66       56       54       67       68       60       58     2906     2909     2890     2912     2908     2911     2892     2913     2907     2910     2894     2891
     1614       61       62       53       55       63       64       57       59     2899     2788     2896     2904     2901     2903     2898     2905     2900     2902     2888     2897
     1615       53       54       56       55       57       58       60       59     2787     2890     2893     2896     2889     2892     2895     2898     2888     2891     2894     2897
     1616       49       41       45       50       51       43       47       52     2797     2873     2883     2885     2882     2875     2884     2887     2881     2866     2874     2886
     1617       45       41       42       46       47       43       44       48     2873     2870     2876     2878     2875     2872     2877     2880     2874     2866     2871     2879
     1618       41       37       38       42       43       39       40       44     2796     2863     2868     2870     2867     2865     2869     2872     2866     2859     2864     2871
     1619       37        3        4       38       39        7        8       40     2792     2805     2861     2863     2860     2807     2862     2865     2859     2809     2806     2864
     1620       10       34       33        9       12       36       35       11     2790     2851     2857     2815     2856     2853     2858     2817     2816     2854     2852     2812
     1621       27       33       34       25       31       35       36       29     2849     2851     2795     2846     2850     2853     2855     2848     2847     2852     2854     2838
     1622       25       26       28       27       29       30       32       31     2837     2840     2843     2846     2839     2842     2845     2848     2838     2841     2844     2847
     1623       21       13       15       22       23       17       19       24     2830     2827     2793     2834     2832     2829     2833     2836     2831     2819     2828     2835
     1624       13       14       16       15       17       18       20       19     2818     2821     2824     2827     2820     2823     2826     2829     2819     2822     2825     2828
     1625        9        1        3       10       11        5        7       12     2811     2808     2791     2815     2813     2810     2814     2817     2812     2800     2809     2816
     1626        1        2        4        3        5        6        8        7     2799     2802     2805     2808     2801     2804     2807     2810     2800     2803     2806     2809
-1
secnum,1    ! reset the section ID to default
! Material Id = {17A4D303-7050-4EC4-AE26-B8713E12F936}
/wb,elem,end               !  done creating elements
toffst,459.67,      ! Temperature offset from absolute zero
/com,*********** Set Reference Temperature ***********
tref,71.6
/wb,mat,start              !  starting to send materials
/com,*********** Send Materials ***********
MP,EX,1,9999999.99889292,	! slinch s^-2 in^-1
MP,NUXY,1,0.33,
MP,UVID,1,bbf7034c-857f-4eaf-ad97-c623ff6b937c

/wb,mat,end                !  done sending materials
!************************* Model Summary ********************
! Bike Crank 2 rev 2011 x.375,	Al 6061-t6,	matid,	1
!************************* End Model Summary ********************
! get the diagonal of the bounding box. Needed later for other things
*get,_xmin,node,,mnloc,x
*get,_ymin,node,,mnloc,y
*get,_zmin,node,,mnloc,z
*get,_xmax,node,,mxloc,x
*get,_ymax,node,,mxloc,y
*get,_zmax,node,,mxloc,z
_ASMDIAG=(_xmax-_xmin)*(_xmax-_xmin)+(_ymax-_ymin)*(_ymax-_ymin)+(_zmax-_zmin)*(_zmax-_zmin)
_ASMDIAG=SQRT(_ASMDIAG)
/wb,contact,start          !  starting to send contact
/wb,contact,end            !  done creating contacts
/golist
/wb,load,start             !  starting to send loads
/com,*********** Fixed Supports ***********
CMBLOCK,_FIXEDSU,NODE,      327
(8i10)
       207      -210       269       270       272      -274       276       278
       280      -282       284      -286       288       290       292       867
      -890       939      -958       969       970      1000      1001      1003
      1005     -1007      1009      1011      1299     -1310      1335     -1344
      1353      1354      1384      1385      1387      1389     -1391      1393
      1395      1683     -1704      1713      1714      1744      1745      1747
      1749     -1751      1753      1755      2043     -2064      2073      2074
      2104      2105      2107      2109     -2111      2113      2115      2403
     -2436      2643     -2690      2771     -2774      3220      3221      3223
      3335      3337      3338      3340      3350      3351      3353      3355
      3356      3358      3368      3369      4597      4598      4600      4604
      4605      4608      4609      4612      4613      4620     -4622      4627
      4628      4631      4632      4635      4636      4639      4640      4643
      4644      4651     -4653      4658      4757      4758      4761      4762
      4765      4766      4769      4770      4773      4774      4777      4778
      4781      4782      4784      4786     -4788      4791      4792      4795
      4796      4799      4821     -4823      4894      4896     -4898      4905
     -4907      4909     -4911      4918      4919      5727     -5729      5732
      5733      5735      5736      5738      5739      5743     -5745      5748
      5749      5751      5752      5754      5755      5757      5758      5760
      5761      5765     -5767      5770      5844      5845      5847      5848
      5850      5851      5853      5854      5856      5857      5859      5860
      5862     -5864      5866     -5868      5870      5871      5873      5874
      5876      5897     -5899      5970      5972     -5974      5981     -5983
      5985     -5987      5994      5995      6803     -6805      6808      6809
      6811      6812      6814      6815      6819     -6821      6824      6825
      6827      6828      6830      6831      6833      6834      6836      6837
      6841     -6843      6846      6895      6896      6898      6899      6901
      6902      6904      6905      6907      6908      6910      6911      6913
     -6915      6917     -6919      6921      6922      6924      6925      6927
      6947     -6949      7020      7022     -7024      7031     -7033      7035
     -7037      7044      7045      7853     -7855      7858      7859      7861
      7862      7864      7865      7869     -7871      7874      7875      7877
      7878      7880      7881      7883      7884      7886      7887      7891
     -7893      7896      7922      7923      7925      7926      7928      7929
      7931      7932      7934      7935      7937      7938      7940     -7942
      7944     -7946      7948      7949      7951      7952      7954      7974
      7975      8046      8048      8049      8056      8057      8059      8060
      8067      8771      8772      8775      8777      8779      8783      8786
      8788      8790      8792      8794      8798      8826      8828      8830
      8832      8834      8836      8838      8840      8842      8844
cmsel,s,_FIXEDSU
d,all,all
nsel,all
/com,*********** Define Force Using Surface Effect Elements ***********
local,12,0,0.,0.,0.,0.,0.,0.
csys,0
et,2,154
MAT,2 $ TYPE,2 $ REAL,2 $ SECNUM,2 $ ESYS,12    ! ELEMNODES = 8
eblock,21,COMPACT,,24
(21i9)
     3111       49       51       58       54     2881     2914     2891     2798
     3112       41       43       51       49     2866     2882     2881     2797
     3113       37       39       43       41     2859     2867     2866     2796
     3114       51      149      152       58     3083     2783     3088     2914
     3115       43      145      149       51     3074     2782     3083     2882
     3116       39      143      145       43     3070     2781     3074     2867
     3117       25       29       36       34     2838     2855     2854     2795
     3118       15       19       29       25     2828     2928     2838     2794
     3119       22       24       19       15     2835     2833     2828     2793
     3120       29      137      142       36     3057     2780     3068     2855
     3121       19      133      137       29     3051     2779     3057     2928
     3122       24      136      133       19     3055     2778     3051     2833
     3123       62       64       24       22     2902     2925     2835     2789
     3124       53       57       64       62     2888     2903     2902     2788
     3125       54       58       57       53     2891     2889     2888     2787
     3126       64      156      136       24     3096     2786     3055     2925
     3127       57      151      156       64     3087     2785     3096     2903
     3128       58      152      151       57     3088     2784     3087     2889
     3129        3        7       39       37     2809     2860     2859     2792
     3130       10       12        7        3     2816     2814     2809     2791
     3131       34       36       12       10     2854     2856     2816     2790
     3132        7      127      143       39     3039     2777     3070     2860
     3133       12      130      127        7     3043     2776     3039     2814
     3134       36      142      130       12     3068     2775     3043     2856
-1
secnum,1    ! reset the section ID to default
esel,s,type,,2
keyop,2,2,1         ! Apply load in local coordinate system
keyop,2,7,1         ! Use original area so load is constant in large deformation
esel,all
/gst,on,on
fini
*get,_numnode,node,0,count
*get,_numelem,elem,0,count
*get, _MAXELEMNUM, elem, 0, NUM, MAX
*get, _MAXNODENUM, node, 0, NUM, MAX
*get, _MAXELEMTYPE, etyp, 0, NUM, MAX
*get, _MAXREALCONST, rcon, 0, NUM, MAX
/go
/wb,load,end               !  done creating loads
/com,--- Number of total nodes = %_numnode%
/com,--- Number of contact elements = 24
/com,--- Number of spring elements = 0
/com,--- Number of bearing elements = 0
/com,--- Number of solid elements = 1626
/com,--- Number of condensed parts = 0
/com,--- Number of total elements = %_numelem%
*get,_wallbsol,active,,time,wall
/com,****************************************************************************
/com,*************************    SOLUTION       ********************************
/com,****************************************************************************
/solu
antype,0                   ! static analysis
_thickRatio=  1     ! Ratio of thick parts in the model
eqsl,pcg,1e-8,,,,,,1
cntr,print,1               ! print out contact info and also make no initial contact an error
cncheck,dmp		!	Enable program controlled contact splitting for distributed memory parallel run
dmpoption,emat,no             ! Don't combine emat file for DANSYS
dmpoption,esav,no             ! Don't combine esav file for DANSYS
nldiag,cont,iter           ! print out contact info each equilibrium iteration
rescontrol,,none                 ! Do not keep any restart files
/com,****************************************************
/com,******************* SOLVE FOR LS 1 OF 1 ****************
esel,s,type,,2
nsle
sfe,all,1,pres,1,0.
sfe,all,2,pres,1,509.336761167891
sfe,all,3,pres,1,0.
nsel,all
esel,all
/nopr
/gopr
nsub,1,1,1
time,1.
outres,erase
outres,all,none
outres,nsol,all,
outres,rsol,all
outres,eangl,all
outres,etmp,all
outres,veng,all
outres,strs,all,
outres,epel,all,
outres,eppl,all,
outres,cont,all,
! *********** WB SOLVE COMMAND ***********
! check interactive state
*get,ANSINTER_,active,,int
*if,ANSINTER_,ne,0,then
/eof
*endif
solve
/com *************** Write FE CONNECTORS ********* 
CEWRITE,file,ce,,INTE
/com,****************************************************
/com,*************** FINISHED SOLVE FOR LS 1 *************
fini
*get,_wallasol,active,,time,wall
/nopr
*get,_numnode,node,0,count
*get,_numelem,elem,0,count
*get, _MAXELEMNUM, elem, 0, NUM, MAX
*get, _MAXNODENUM, node, 0, NUM, MAX,,,INTERNAL
*get, _MAXELEMTYPE, etyp, 0, NUM, MAX
*get, _MAXREALCONST, rcon, 0, NUM, MAX
*get,_NSOLTHREADS,active,0,ntfs
*get,_NSOLPROCESSES,active,0,npfs
/gopr
*get,_PCGITER,active,,solu,cgiter
/post1
xmlo,ENCODING,ISO-8859-1
xmlo,parm
/xml,parm,xml
fini
/gopr
*get,_walldone,active,,time,wall
_preptime=(_wallbsol-_wallstrt)*3600
_solvtime=(_wallasol-_wallbsol)*3600
_posttime=(_walldone-_wallasol)*3600
_totaltim=(_walldone-_wallstrt)*3600
*get,_dlbratio,active,0,solu,dlbr
*get,_combtime,active,0,solu,comb
*get,_ssmode,active,0,solu,ssmm
*get,_ndofs,active,0,solu,ndof
*get,_sol_end_time,active,0,set,time
*if,_sol_end_time,eq,1.000000,then
/fclean				!clean distributed files
*endif
/com,--- Total number of nodes = %_numnode%
/com,--- Total number of elements = %_numelem%
/com,--- Element load balance ratio = %_dlbratio%
/com,--- Time to combine distributed files = %_combtime%
/com,--- Sparse memory mode = %_ssmode%
/com,--- Number of DOF = %_ndofs%
/wb,file,end               ! done with WB generated input
